MCID,CID,Campaign Name,AID,MAID,Advertiser Name,BID,Business,Budget,Start Date,Last 7 Days,Last 30 Days,Service Principal Name,Service Principal Manager,Channel
924-255-5564,4377259,"LSA | Brown, Harris and Faulkner | Synthetic",984335,226522,Mayer LLC,5673,Mayer LLC INC,12453.06,2026-05-01,2746.98,65392.16,Empower Global Relationships,Lynn Houston,National
699-229-2012,1213024,"LSA | Brown, Harris and Faulkner | Synthetic",984335,226522,"Adams, Warner and Gibson",5673,"Adams, Warner and Gibson INC",26633.16,2026-03-18,7198.85,35341.09,Empower Global Relationships,Lynn Houston,National
924-255-5564,0279207,"LSA | King, Moore and Anderson | Synthetic",090391,923608,Simmons-Keller,5673,Simmons-Keller INC,16154.28,2026-05-01,5816.38,38168.49,Empower Global Relationships,Lynn Houston,National
699-229-2012,0014103,"LSA | Adkins, Garner and Ferrell | Synthetic",201405,767346,"Williams, Dudley and Williams",5673,"Williams, Dudley and Williams INC",38736.59,2026-02-27,364.78,49180.9,Empower Global Relationships,Lynn Houston,National
485-905-1145,4763391,"LSA | Adkins, Garner and Ferrell | Synthetic",201405,767346,Morrison-Wood,5673,Morrison-Wood INC,31814.91,2026-04-15,10041.99,55246.04,Empower Global Relationships,Lynn Houston,National
485-905-1145,8016035,LSA | Neal Inc | Synthetic,682991,797949,"Jones, Taylor and Washington",5673,"Jones, Taylor and Washington INC",36176.39,2026-04-07,0,20485.58,Empower Global Relationships,Lynn Houston,National
924-255-5564,7403920,LSA | Neal Inc | Synthetic,682991,797949,Benson and Sons,5673,Benson and Sons INC,6967.42,2026-05-01,6564.03,67884.99,Empower Global Relationships,Lynn Houston,National
924-255-5564,6741168,LSA | Solis-Newton | Synthetic,743566,140570,Hunter-Maddox,5673,Hunter-Maddox INC,33947.36,2026-05-01,13436.92,47082.89,Empower Global Relationships,Lynn Houston,National
924-255-5564,9639972,LSA | Jensen Ltd | Synthetic,484845,833866,Martinez Inc,5673,Martinez Inc INC,32335.37,2026-05-01,0,105.58,Empower Global Relationships,Lynn Houston,National
699-229-2012,6045981,LSA | Munoz Inc | Synthetic,329844,714582,Ramirez LLC,5673,Ramirez LLC INC,48885.03,2026-01-06,8296.66,41339.57,Empower Global Relationships,Lynn Houston,National
699-229-2012,3841770,LSA | Munoz Inc | Synthetic,329844,714582,Hubbard-Lee,5673,Hubbard-Lee INC,6388.44,2026-01-31,0,61070.73,Empower Global Relationships,Lynn Houston,National
699-229-2012,1410320,"LSA | Cox, Thornton and Stout | Synthetic",907675,631921,King-Ellis,5673,King-Ellis INC,44260.23,2025-11-03,0,0,Empower Global Relationships,Lynn Houston,National
699-229-2012,0770993,LSA | Erickson-Patrick | Synthetic,266805,290959,Wyatt Group,5673,Wyatt Group INC,20508.05,2026-01-06,0,0,Empower Global Relationships,Lynn Houston,National
699-229-2012,3355597,LSA | Erickson-Patrick | Synthetic,266805,290959,Keller Group,5673,Keller Group INC,54528.13,2026-02-11,0,22183.73,Empower Global Relationships,Lynn Houston,National
699-229-2012,8612737,LSA | Erickson-Patrick | Synthetic,266805,290959,"Caldwell, Hernandez and Wilkinson",5673,"Caldwell, Hernandez and Wilkinson INC",4346.49,2025-09-11,0,32017.82,Empower Global Relationships,Lynn Houston,National
924-255-5564,2958661,LSA | Ferrell-Wright | Synthetic,405947,570928,"Clarke, Davis and Gilbert",5673,"Clarke, Davis and Gilbert INC",10421.23,2026-05-01,6437.41,44997.48,Empower Global Relationships,Lynn Houston,National
699-229-2012,4587014,LSA | Ferrell-Wright | Synthetic,405947,570928,Bryant-Park,5673,Bryant-Park INC,18291.99,2026-01-07,0,0,Empower Global Relationships,Lynn Houston,National
924-255-5564,4312088,"LSA | Bell, Vargas and West | Synthetic",072086,897556,Edwards-Jefferson,5673,Edwards-Jefferson INC,48660.34,2026-05-01,4762.03,37508.5,Empower Global Relationships,Lynn Houston,National
699-229-2012,0619718,"LSA | Bell, Vargas and West | Synthetic",072086,897556,Bishop Inc,5673,Bishop Inc INC,45236.62,2026-03-18,4064.56,33096.79,Empower Global Relationships,Lynn Houston,National
699-229-2012,9118017,LSA | Warren-Cook | Synthetic,683035,237834,Jacobson-Alvarez,5673,Jacobson-Alvarez INC,57572.07,2026-01-14,0,37334.89,Empower Global Relationships,Lynn Houston,National
485-905-1145,5441663,LSA | Smith-Hawkins | Synthetic,339277,149790,Moore Ltd,0377,Moore Ltd INC,25845.05,2026-04-09,11950.03,43020.57,Re-Intermediate Extensible Schemas,Stephen Vargas,DirectLocal
699-229-2012,2717907,"LSA | Valdez, Stout and Martin | Synthetic",435153,415143,Rivera-Bauer,5673,Rivera-Bauer INC,3693.4,2025-11-03,0,0,Empower Global Relationships,Lynn Houston,National
924-255-5564,8243520,LSA | Rodriguez and Sons | Synthetic,823403,966939,Powell-Patterson,5673,Powell-Patterson INC,25940.49,2026-05-01,9095.21,42346.21,Empower Global Relationships,Lynn Houston,National
699-229-2012,1880662,LSA | Jensen Ltd | Synthetic,484845,833866,Palmer-Boyd,5673,Palmer-Boyd INC,13748.26,2026-01-06,0,0,Empower Global Relationships,Lynn Houston,National
924-255-5564,8014053,"LSA | Hunt, Ray and Smith | Synthetic",050570,848332,"Shelton, Gamble and Irwin",5673,"Shelton, Gamble and Irwin INC",43743.81,2026-05-01,0,20484.45,Empower Global Relationships,Lynn Houston,National
924-255-5564,6619964,LSA | Patel Inc | Synthetic,710174,527784,Garcia-Fernandez,5673,Garcia-Fernandez INC,52398.11,2026-05-01,771.52,33889.66,Empower Global Relationships,Lynn Houston,National
485-905-1145,6640961,"LSA | Reyes, Olson and Morgan | Synthetic",339129,558898,"Hernandez, Vang and Reynolds",8295,"Hernandez, Vang and Reynolds INC",52743.45,2026-05-02,12230.24,16917.32,E-Enable B2C Experiences,Angela Cole,National
924-255-5564,1750840,LSA | Paul-Jackson | Synthetic,168585,238338,"Davis, Wright and Stewart",8295,"Davis, Wright and Stewart INC",17956.57,2026-04-30,5351.1,14548.02,E-Enable B2C Experiences,Angela Cole,National
924-255-5564,5304145,"LSA | White, Walker and Boyd | Synthetic",627311,597914,Butler-Mitchell,5673,Butler-Mitchell INC,58538.43,2026-05-01,1959.4,24375.49,Empower Global Relationships,Lynn Houston,National
924-255-5564,9969654,"LSA | Winters, Nelson and Nichols | Synthetic",656687,321065,"Shepard, Harris and Lewis",2138,"Shepard, Harris and Lewis INC",45302.53,2026-04-16,6871.28,14796.41,E-Enable B2C Experiences,Angela Cole,National
485-905-1145,0877130,LSA | Bell-Cook | Synthetic,166721,394590,Peterson-Gonzalez,8295,Peterson-Gonzalez INC,9627.88,2026-04-09,121.53,24248.96,E-Enable B2C Experiences,Angela Cole,National
699-229-2012,0350002,LSA | Patterson and Sons | Synthetic,310234,105479,Foster-Haynes,8295,Foster-Haynes INC,48953.89,2024-11-23,0,0,E-Enable B2C Experiences,Angela Cole,National
924-255-5564,6748855,LSA | Harris and Sons | Synthetic,268276,170580,Long and Sons,5673,Long and Sons INC,45890.48,2026-05-01,10528.38,5565.9,Empower Global Relationships,Lynn Houston,National
699-229-2012,5805491,LSA | Hampton-Carrillo | Synthetic,560065,273859,Richardson-Lee,5673,Richardson-Lee INC,16845.97,2026-01-16,0,44571.18,Empower Global Relationships,Lynn Houston,National
699-229-2012,9679852,LSA | Hampton-Carrillo | Synthetic,560065,273859,"Murray, Hunter and Stephenson",5673,"Murray, Hunter and Stephenson INC",50843.57,2026-01-06,0,0,Empower Global Relationships,Lynn Houston,National
924-255-5564,6037777,LSA | Clark-Merritt | Synthetic,358165,534760,Wyatt and Sons,8295,Wyatt and Sons INC,30524.1,2026-05-02,10736.95,18456.5,Grow Plug-And-Play Functionalities,Gina Sullivan,National
485-905-1145,9848964,LSA | Norris-Caldwell | Synthetic,673726,711011,Daniel-Neal,8295,Daniel-Neal INC,26035.5,2026-04-04,10176.32,45544.61,Revolutionize B2C Platforms,Jason Drake,National
924-255-5564,0551698,LSA | Bernard-Bell | Synthetic,372339,786774,Collins and Sons,9932,Collins and Sons INC,50386.73,2026-05-02,8994.38,65610.8,E-Enable B2C Experiences,Angela Cole,National
699-229-2012,4575678,LSA | Taylor-Miller | Synthetic,032019,339773,Gray and Sons,8295,Gray and Sons INC,19429.69,2023-12-16,0,0,Grow Plug-And-Play Functionalities,Gina Sullivan,National
485-905-1145,7287466,LSA | Reed-Rivera | Synthetic,123821,151395,Greene-Potter,7819,Greene-Potter INC,50135.54,2026-04-05,8235.57,63353.85,E-Enable B2C Experiences,Angela Cole,National
924-255-5564,2076209,"LSA | Martin, Wilson and Carr | Synthetic",052240,557218,Alvarado LLC,8295,Alvarado LLC INC,24235.3,2026-05-06,0,45130.68,E-Enable B2C Experiences,Angela Cole,National
699-229-2012,3560156,LSA | Rose-Chan | Synthetic,344344,464198,Moody-Brennan,5037,Moody-Brennan INC,39933.51,2024-07-19,0,0,Incentivize Holistic E-Business,Peggy Patrick,DummyG
924-255-5564,0174706,LSA | Stevens-Lee | Synthetic,002170,978981,Clark-Henry,5673,Clark-Henry INC,11010.32,2026-05-01,0,59152.62,Empower Global Relationships,Lynn Houston,National
485-905-1145,7010530,LSA | Sullivan Inc | Synthetic,986937,300109,Guzman LLC,5673,Guzman LLC INC,24171.27,2026-03-31,0,15600.17,Empower Global Relationships,Lynn Houston,National
485-905-1145,2812117,LSA | Sullivan Inc | Synthetic,986937,300109,Moreno and Sons,5673,Moreno and Sons INC,16604.5,2026-04-11,2838.74,61418.79,Empower Global Relationships,Lynn Houston,National
924-255-5564,0808785,LSA | Williams-Williams | Synthetic,767639,349240,Pugh LLC,5673,Pugh LLC INC,44045.07,2026-05-01,7756.88,27873.67,Empower Global Relationships,Lynn Houston,National
699-229-2012,6464066,LSA | Williams-Williams | Synthetic,767639,349240,Anderson-Peters,5673,Anderson-Peters INC,1372.27,2026-01-06,0,14863.79,Empower Global Relationships,Lynn Houston,National
699-229-2012,2548593,LSA | Kelley PLC | Synthetic,936164,221953,Christensen PLC,5673,Christensen PLC INC,36747.21,2026-01-30,3195.61,4129.1,Empower Global Relationships,Lynn Houston,National
699-229-2012,0892225,LSA | Morgan-Grant | Synthetic,725448,541462,Barr-Washington,8295,Barr-Washington INC,2937.46,2022-08-13,0,0,Revolutionize B2C Platforms,Jason Drake,National
699-229-2012,7659420,LSA | Lozano-Hill | Synthetic,825582,515294,"Brooks, Brown and Duran",5673,"Brooks, Brown and Duran INC",56689.65,2026-01-30,8479.34,43345.42,Empower Global Relationships,Lynn Houston,National
699-229-2012,0904045,"LSA | Johnson, Spears and Gray | Synthetic",886370,292942,Sanford LLC,2916,Sanford LLC INC,21613.47,2026-03-10,0,64097.39,Innovate Cross-Media Content,System,Partner
485-905-1145,3603537,"LSA | Johnson, Spears and Gray | Synthetic",886370,292942,Santos PLC,2916,Santos PLC INC,36093.89,2026-03-24,0,0,Innovate Cross-Media Content,System,Partner
924-255-5564,9213593,LSA | Wood Inc | Synthetic,487292,186612,"Cameron, Thompson and Nelson",8295,"Cameron, Thompson and Nelson INC",2505.8,2026-04-22,8445.14,27737.1,E-Enable B2C Experiences,Angela Cole,National
485-905-1145,2816188,"LSA | Smith, Gardner and Jones | Synthetic",349044,990981,Banks Ltd,5673,Banks Ltd INC,26148.49,2026-04-12,12856.54,66989.01,Empower Global Relationships,Lynn Houston,National
924-255-5564,2940332,LSA | Reese PLC | Synthetic,783887,666010,Powell-Patterson,5673,Powell-Patterson INC,44954.95,2026-05-01,4447.75,37901.51,Empower Global Relationships,Lynn Houston,National
485-905-1145,7090538,LSA | Reese PLC | Synthetic,783887,666010,"Wiley, Gray and Graham",5673,"Wiley, Gray and Graham INC",44050.5,2026-03-31,8179.15,36367.7,Empower Global Relationships,Lynn Houston,National
924-255-5564,9232111,LSA | Rubio and Sons | Synthetic,619951,926160,Cunningham-Klein,5673,Cunningham-Klein INC,38005.75,2026-05-01,10518.13,50625.88,Empower Global Relationships,Lynn Houston,National
699-229-2012,1293303,LSA | Rubio and Sons | Synthetic,619951,926160,Rogers PLC,5673,Rogers PLC INC,27997.04,2026-02-22,9827.69,50365.03,Empower Global Relationships,Lynn Houston,National
924-255-5564,3558130,LSA | Cuevas-Bell | Synthetic,740769,792393,Murray-Miller,5673,Murray-Miller INC,15198.6,2026-05-01,3344.93,22344.32,Empower Global Relationships,Lynn Houston,National
699-229-2012,8997981,"LSA | Reed, Weaver and Jones | Synthetic",824099,586085,"Jones, Brown and Herrera",5673,"Jones, Brown and Herrera INC",23384.88,2026-01-06,0,69001.47,Empower Global Relationships,Lynn Houston,National
699-229-2012,0391400,"LSA | Reynolds, Fletcher and Cook | Synthetic",495574,449289,Ramirez-Robertson,5673,Ramirez-Robertson INC,56266.43,2026-01-06,7521.21,39767.79,Empower Global Relationships,Lynn Houston,National
699-229-2012,8822764,"LSA | Reynolds, Fletcher and Cook | Synthetic",495574,449289,Gray-Monroe,5673,Gray-Monroe INC,56588.5,2025-12-17,0,20976.07,Empower Global Relationships,Lynn Houston,National
699-229-2012,3084154,"LSA | Hill, Scott and Barnett | Synthetic",218760,680394,"Camacho, Taylor and Hoover",5673,"Camacho, Taylor and Hoover INC",23502.1,2025-11-03,0,37619.55,Empower Global Relationships,Lynn Houston,National
924-255-5564,0649194,LSA | Olson and Sons | Synthetic,315058,908526,"Silva, Pena and Dennis",5673,"Silva, Pena and Dennis INC",56588.29,2026-05-01,2977.15,64068.67,Empower Global Relationships,Lynn Houston,National
699-229-2012,0007351,LSA | Olson and Sons | Synthetic,315058,908526,Simmons-Phillips,5673,Simmons-Phillips INC,24039.67,2026-02-17,1541.52,521.68,Empower Global Relationships,Lynn Houston,National
699-229-2012,1406557,"LSA | Frazier, Martinez and Moody | Synthetic",931594,788891,Price-Kent,9932,Price-Kent INC,59215.95,2024-10-04,0,0,Revolutionize B2C Platforms,Jason Drake,National
699-229-2012,9099711,LSA | Shepard PLC | Synthetic,977695,643503,Thornton-Martin,9932,Thornton-Martin INC,51932.41,2024-08-02,0,0,Revolutionize B2C Platforms,Jason Drake,National
924-255-5564,4837638,"LSA | Weaver, Martin and Velazquez | Synthetic",802250,855450,Williamson-Williams,5673,Williamson-Williams INC,9828.85,2026-05-01,10647.95,63840.16,Empower Global Relationships,Lynn Houston,National
699-229-2012,3026420,"LSA | Weaver, Martin and Velazquez | Synthetic",802250,855450,"Cardenas, Bradley and Maxwell",5673,"Cardenas, Bradley and Maxwell INC",1282.67,2026-02-20,6784.8,52601.7,Empower Global Relationships,Lynn Houston,National
801-048-2685,7989742,"LSA | Moore, Turner and Osborne | Synthetic",822980,444465,Schneider PLC,5673,Schneider PLC INC,41969.74,2026-05-05,1424.52,54034.32,Empower Global Relationships,Lynn Houston,National
699-229-2012,9738013,LSA | Potter-Walters | Synthetic,784346,933252,Phillips LLC,5673,Phillips LLC INC,8172.44,2026-02-27,12141.3,7218.27,Empower Global Relationships,Lynn Houston,National
924-255-5564,1932746,LSA | Potter-Walters | Synthetic,784346,933252,Walker LLC,5673,Walker LLC INC,27518.66,2026-04-21,233.14,42705.45,Empower Global Relationships,Lynn Houston,National
924-255-5564,4181845,LSA | Patterson Group | Synthetic,515747,649451,"Andrews, Brown and Brown",5673,"Andrews, Brown and Brown INC",24204.34,2026-05-01,0,9371.49,Empower Global Relationships,Lynn Houston,National
699-229-2012,2563000,LSA | Patterson Group | Synthetic,515747,649451,"Harrison, Hahn and Ramos",5673,"Harrison, Hahn and Ramos INC",5837.34,2026-01-06,7112.61,63829.56,Empower Global Relationships,Lynn Houston,National
924-255-5564,3549258,"LSA | Yang, Carrillo and Williamson | Synthetic",572875,655122,Wells-Carlson,5673,Wells-Carlson INC,47754.3,2026-05-01,0,13402.19,Empower Global Relationships,Lynn Houston,National
699-229-2012,1099382,"LSA | Yang, Carrillo and Williamson | Synthetic",572875,655122,"Frank, Rice and White",5673,"Frank, Rice and White INC",17672.96,2026-01-13,0,41225.99,Empower Global Relationships,Lynn Houston,National
924-255-5564,4209067,LSA | Graham-Brown | Synthetic,301971,829105,Ayala-Jones,5673,Ayala-Jones INC,4901.1,2026-05-01,2846.3,5805.03,Empower Global Relationships,Lynn Houston,National
924-255-5564,2300261,LSA | Wallace Inc | Synthetic,604589,312876,Crawford-Simon,5673,Crawford-Simon INC,21323.14,2026-05-01,0,21150.76,Empower Global Relationships,Lynn Houston,National
699-229-2012,2476030,LSA | Kennedy-Hansen | Synthetic,784714,651010,Boyd-Liu,5673,Boyd-Liu INC,6244.11,2026-01-21,11376.96,60991.28,Empower Global Relationships,Lynn Houston,National
699-229-2012,8901137,LSA | Fletcher-Gonzalez | Synthetic,757896,122439,"Lin, Mack and Lewis",5673,"Lin, Mack and Lewis INC",5352.53,2026-01-06,6948.65,3271.34,Empower Global Relationships,Lynn Houston,National
699-229-2012,0467917,LSA | Fletcher-Gonzalez | Synthetic,757896,122439,"Pitts, Jackson and Cameron",5673,"Pitts, Jackson and Cameron INC",5027.72,2026-03-13,2620.81,38618.87,Empower Global Relationships,Lynn Houston,National
699-229-2012,0823833,LSA | Porter-Miller | Synthetic,688537,053835,"Stone, Peterson and Reyes",5673,"Stone, Peterson and Reyes INC",14765,2026-01-30,962.75,43513.14,Empower Global Relationships,Lynn Houston,National
699-229-2012,3168921,LSA | Porter-Miller | Synthetic,688537,053835,Hale LLC,5673,Hale LLC INC,50050.06,2026-01-06,0,50252.68,Empower Global Relationships,Lynn Houston,National
699-229-2012,5549109,"LSA | Haley, Fleming and Lee | Synthetic",374333,114240,Wright Inc,5673,Wright Inc INC,25236.11,2026-01-30,0,22056.18,Empower Global Relationships,Lynn Houston,National
485-905-1145,0604845,"LSA | Haley, Fleming and Lee | Synthetic",374333,114240,Webb-Simon,5673,Webb-Simon INC,17806.82,2026-04-18,13071.76,15045.34,Empower Global Relationships,Lynn Houston,National
924-255-5564,8341768,LSA | Rasmussen-Perez | Synthetic,836078,743475,Mcpherson-Thompson,5673,Mcpherson-Thompson INC,50172.86,2026-05-01,0,21018.57,Empower Global Relationships,Lynn Houston,National
699-229-2012,3678208,LSA | Rasmussen-Perez | Synthetic,836078,743475,Lara Ltd,5673,Lara Ltd INC,54400.36,2026-01-06,4975.72,17857.56,Empower Global Relationships,Lynn Houston,National
485-905-1145,7366901,LSA | Sanders-Lara | Synthetic,160471,119652,"Adams, Day and Rodriguez",8295,"Adams, Day and Rodriguez INC",46410.7,2026-04-10,5103.12,30955.92,E-Enable B2C Experiences,Angela Cole,National
924-255-5564,9216536,"LSA | Barnes, Bryant and Calderon | Synthetic",299495,901686,Lawrence Ltd,6385,Lawrence Ltd INC,9976.08,2026-05-01,8460.11,63050.41,Empower Global Relationships,Lynn Houston,National
699-229-2012,5921221,"LSA | Barnes, Bryant and Calderon | Synthetic",299495,901686,Johnson Inc,6385,Johnson Inc INC,3132.21,2026-03-03,5936.2,54293.44,Empower Global Relationships,Lynn Houston,National
699-229-2012,3962068,LSA | Snow-Mccarthy | Synthetic,361296,221406,"Torres, Mason and Castro",6385,"Torres, Mason and Castro INC",37500.47,2026-03-03,7143.1,38206.57,Empower Global Relationships,Lynn Houston,National
924-255-5564,0813595,LSA | Walker Ltd | Synthetic,468677,798080,Henderson-Smith,6385,Henderson-Smith INC,15476.87,2026-05-01,0,56489.87,Empower Global Relationships,Lynn Houston,National
924-255-5564,4359518,LSA | Walker Ltd | Synthetic,468677,798080,Stokes Group,6385,Stokes Group INC,52442.26,2026-05-01,0,53518.22,Empower Global Relationships,Lynn Houston,National
924-255-5564,2063760,LSA | Wallace-Dean | Synthetic,942599,126544,Franco and Sons,5673,Franco and Sons INC,3708.54,2026-05-01,0,42311.42,Empower Global Relationships,Lynn Houston,National
485-905-1145,3209594,LSA | York Ltd | Synthetic,261671,691191,Wright-Gregory,6385,Wright-Gregory INC,21270.02,2026-03-27,5194.04,6378.43,Empower Global Relationships,Lynn Houston,National
699-229-2012,6403586,"LSA | Cox, Thornton and Stout | Synthetic",907675,631921,"Poole, Dodson and Petty",5673,"Poole, Dodson and Petty INC",31946.31,2025-09-09,0,0,Empower Global Relationships,Lynn Houston,National
699-229-2012,5681696,LSA | Solis-Newton | Synthetic,743566,140570,Peterson PLC,5673,Peterson PLC INC,22467.8,2026-01-06,0,62628.35,Empower Global Relationships,Lynn Houston,National
485-905-1145,2563926,LSA | Valdez-Garcia | Synthetic,915910,480363,Williamson Inc,6385,Williamson Inc INC,26451.88,2026-03-31,7735.46,31942.43,Empower Global Relationships,Lynn Houston,National
699-229-2012,4900553,LSA | Valdez-Garcia | Synthetic,915910,480363,Romero-Doyle,6385,Romero-Doyle INC,53674.2,2026-01-05,0,42993.8,Empower Global Relationships,Lynn Houston,National
699-229-2012,0302089,"LSA | Howard, Castillo and Johnson | Synthetic",985281,338758,Gillespie-Craig,5673,Gillespie-Craig INC,51507.3,2026-01-30,6259.75,58560.11,Empower Global Relationships,Lynn Houston,National
924-255-5564,3002895,LSA | Dillon PLC | Synthetic,641591,096047,"Jones, Castaneda and Davis",5673,"Jones, Castaneda and Davis INC",55403,2026-05-01,0,40314.12,Empower Global Relationships,Lynn Houston,National
699-229-2012,2624833,"LSA | Peterson, Calhoun and White | Synthetic",182200,571157,"James, Garrett and Gardner",5673,"James, Garrett and Gardner INC",7410.34,2025-11-03,12836.89,16120.27,Empower Global Relationships,Lynn Houston,National
699-229-2012,7437837,LSA | Baker-Scott | Synthetic,841671,359789,Thompson Inc,5673,Thompson Inc INC,48128.4,2026-02-21,375.25,50468.24,Empower Global Relationships,Lynn Houston,National
485-905-1145,5693688,LSA | Baker-Scott | Synthetic,841671,359789,Perez Ltd,5673,Perez Ltd INC,11527.58,2026-04-03,6979.12,1894.31,Empower Global Relationships,Lynn Houston,National
924-255-5564,6114930,LSA | Hodge-Brooks | Synthetic,824152,669378,"Cook, Brown and Mitchell",5673,"Cook, Brown and Mitchell INC",50253.58,2026-04-21,5983.39,32807.2,Empower Global Relationships,Lynn Houston,National
924-255-5564,8930723,LSA | Cook and Sons | Synthetic,840325,264473,Gardner Group,5673,Gardner Group INC,28803.45,2026-05-01,8313.59,12167.32,Empower Global Relationships,Lynn Houston,National
924-255-5564,4564069,LSA | Orr Ltd | Synthetic,898361,919986,Trujillo-Sexton,5673,Trujillo-Sexton INC,34017.34,2026-05-01,0,46636.79,Empower Global Relationships,Lynn Houston,National
699-229-2012,1556315,LSA | Orr Ltd | Synthetic,898361,919986,"Fry, Hodges and Fox",5673,"Fry, Hodges and Fox INC",8331.8,2026-04-12,1929.63,39687.66,Empower Global Relationships,Lynn Houston,National
924-255-5564,6934007,"LSA | Padilla, Bell and Jenkins | Synthetic",024123,991171,Lee-Johnson,5673,Lee-Johnson INC,27836.13,2026-04-24,10739.99,28167.81,Empower Global Relationships,Lynn Houston,National
801-048-2685,1351106,"LSA | Sanchez, Foley and Wong | Synthetic",466202,505141,Barrera Inc,8295,Barrera Inc INC,49556.87,2026-05-05,7012.75,4399.9,E-Enable B2C Experiences,Angela Cole,National
485-905-1145,7673158,"LSA | Anderson, Bennett and Wood | Synthetic",204463,944946,"Brown, Bauer and Douglas",8295,"Brown, Bauer and Douglas INC",5242.76,2026-04-10,0,51187.47,E-Enable B2C Experiences,Angela Cole,National
924-255-5564,7417684,LSA | Thompson-Taylor | Synthetic,535557,698882,"Mitchell, Knight and Hughes",5673,"Mitchell, Knight and Hughes INC",45631.04,2026-05-01,3372.47,4335.36,Empower Global Relationships,Lynn Houston,National
699-229-2012,3081104,LSA | Davis Inc | Synthetic,572569,264313,"Harper, Williams and Garcia",5673,"Harper, Williams and Garcia INC",26317.06,2026-01-06,8618.25,58279.93,Empower Global Relationships,Lynn Houston,National
924-255-5564,5367380,LSA | Garcia-Young | Synthetic,460603,721959,Wood Group,8295,Wood Group INC,27080.85,2026-04-28,6191.16,51033.33,E-Enable B2C Experiences,Angela Cole,National
699-229-2012,6626498,"LSA | Hernandez, Brown and Brock | Synthetic",231908,861852,Roberts LLC,6708,Roberts LLC INC,23905.63,2020-10-12,0,0,Streamline B2B Applications,Robert Diaz,DirectLocal
699-229-2012,6265570,LSA | Crawford Inc | Synthetic,766045,852285,Waters Group,2160,Waters Group INC,43696.03,2025-11-24,1120.06,49308.53,Engineer Transparent Interfaces,Angela Cole,DirectLocal
801-048-2685,0748354,LSA | Fry-Gould | Synthetic,927754,826006,"Kelley, Smith and Roberson",8295,"Kelley, Smith and Roberson INC",18447.63,2026-05-06,6016.03,49394.14,E-Enable B2C Experiences,Angela Cole,National
699-229-2012,5519344,"LSA | Aguilar, Sanders and Martinez | Synthetic",763471,131362,"Glass, King and Mcgrath",8295,"Glass, King and Mcgrath INC",23272.08,2026-05-04,7664.76,11747.32,Revolutionize B2C Platforms,Jason Drake,National
924-255-5564,5893958,LSA | Henderson-Smith | Synthetic,925316,022639,"Cox, Brown and Ward",7819,"Cox, Brown and Ward INC",50309.45,2026-04-30,12360.04,61562.87,E-Enable B2C Experiences,Angela Cole,National
801-048-2685,7923333,LSA | Hernandez-Edwards | Synthetic,441542,793091,Hart Ltd,9588,Hart Ltd INC,44300.38,2026-05-05,6701.8,24106.78,E-Enable B2C Experiences,Angela Cole,National
801-048-2685,6307088,LSA | Stafford-Martinez | Synthetic,083328,206666,Bauer LLC,9588,Bauer LLC INC,50605.9,2026-05-05,5184.45,48908.27,E-Enable B2C Experiences,Angela Cole,National
924-255-5564,7403387,LSA | Reynolds Inc | Synthetic,117402,354459,Contreras-Campbell,9588,Contreras-Campbell INC,378.5,2026-04-29,8706.34,15260.78,E-Enable B2C Experiences,Angela Cole,National
924-255-5564,9355601,LSA | Martin-Johnson | Synthetic,415722,945818,Jimenez Group,9588,Jimenez Group INC,58099.53,2026-05-01,9335.76,50068.19,E-Enable B2C Experiences,Angela Cole,National
924-255-5564,0107134,LSA | Ortega-Patel | Synthetic,088540,562052,Massey Group,9588,Massey Group INC,29700.18,2026-05-01,10159.86,66032.35,E-Enable B2C Experiences,Angela Cole,National
924-255-5564,2933835,LSA | Estes-Parker | Synthetic,621387,639168,"Simpson, Dixon and Smith",9588,"Simpson, Dixon and Smith INC",38736.98,2026-04-27,3605.14,2199.47,E-Enable B2C Experiences,Angela Cole,National
924-255-5564,3352953,LSA | Lee-Dickson | Synthetic,966438,222545,Anderson Inc,9588,Anderson Inc INC,704.96,2026-04-24,4604.17,46348.72,E-Enable B2C Experiences,Angela Cole,National
924-255-5564,8729622,LSA | Anderson Inc | Synthetic,083539,691580,Parker LLC,9588,Parker LLC INC,14792.07,2026-04-29,9358.59,3403.58,E-Enable B2C Experiences,Angela Cole,National
924-255-5564,2508133,LSA | Pope-Thompson | Synthetic,557004,138795,Hoover LLC,9588,Hoover LLC INC,57217.95,2026-04-23,8227.09,33432.42,E-Enable B2C Experiences,Angela Cole,National
924-255-5564,0899899,LSA | Greene-Joseph | Synthetic,277334,780440,Jones-Green,9588,Jones-Green INC,41592.51,2026-04-30,12476.64,60574.39,E-Enable B2C Experiences,Angela Cole,National
924-255-5564,3625831,LSA | Jones-Howard | Synthetic,288924,654970,Olsen LLC,9588,Olsen LLC INC,45222.98,2026-05-06,5469.45,38272.91,E-Enable B2C Experiences,Angela Cole,National
924-255-5564,6752786,"LSA | Robertson, Ray and Burns | Synthetic",394221,680623,"Green, Young and Alvarez",9588,"Green, Young and Alvarez INC",44032.03,2026-05-01,12107.19,16112.64,E-Enable B2C Experiences,Angela Cole,National
924-255-5564,7051648,LSA | Stanley Ltd | Synthetic,532548,772796,"Garza, Mcintyre and Malone",9588,"Garza, Mcintyre and Malone INC",32713.73,2026-04-30,5334.1,16794.66,Reinvent One-To-One Roi,Gina Sullivan,National
485-905-1145,8091984,LSA | Fuller-Wilson | Synthetic,337551,355450,Reeves-Walker,9588,Reeves-Walker INC,3448.06,2026-03-26,10402.65,16187.75,E-Enable B2C Experiences,Angela Cole,National
924-255-5564,7980644,LSA | Santana Ltd | Synthetic,814099,781686,Good Inc,9588,Good Inc INC,43737.69,2026-04-23,7919.27,62659.38,E-Enable B2C Experiences,Angela Cole,National
699-229-2012,8827181,LSA | Robinson LLC | Synthetic,793288,989180,Wilson and Sons,9588,Wilson and Sons INC,29910.67,2026-01-16,0,0,E-Enable B2C Experiences,Angela Cole,National
924-255-5564,2599612,LSA | Perez and Sons | Synthetic,403386,920517,Scott Inc,9588,Scott Inc INC,29928.98,2026-04-25,12181.43,23671.27,E-Enable B2C Experiences,Angela Cole,National
801-048-2685,6312972,LSA | Rios LLC | Synthetic,949463,450654,Rodriguez PLC,9588,Rodriguez PLC INC,36516.35,2026-05-05,435.08,8406.64,E-Enable B2C Experiences,Angela Cole,National
485-905-1145,9632667,"LSA | Mayer, Shaffer and Brown | Synthetic",213117,148136,Jones-Strong,9588,Jones-Strong INC,27272.46,2026-04-16,3879.17,55963.2,E-Enable B2C Experiences,Angela Cole,National
485-905-1145,0141496,LSA | Simmons-Keller | Synthetic,650242,000905,"Hamilton, Mckee and Hull",9588,"Hamilton, Mckee and Hull INC",44973.24,2026-04-16,3507.83,7855.19,E-Enable B2C Experiences,Angela Cole,National
924-255-5564,9498089,"LSA | Hanson, Robinson and Wise | Synthetic",202588,418567,Wells-Pierce,9588,Wells-Pierce INC,12067.38,2026-04-27,5121.78,7804.35,E-Enable B2C Experiences,Angela Cole,National
924-255-5564,8855582,LSA | Woodward LLC | Synthetic,039658,869848,Mills LLC,9588,Mills LLC INC,45757.74,2026-04-30,13024.48,34919.37,Re-Contextualize Dot-Com Deliverables,Angela Cole,National
699-229-2012,9775642,LSA | Clark Group | Synthetic,255096,139859,Berry and Sons,9588,Berry and Sons INC,298.79,2026-03-19,6954.5,9187.06,E-Enable B2C Experiences,Angela Cole,National
924-255-5564,1583256,LSA | Wood Group | Synthetic,238910,820338,Hamilton Group,9588,Hamilton Group INC,2413.83,2026-04-28,1531.7,61412.25,E-Enable B2C Experiences,Angela Cole,National
924-255-5564,2435566,LSA | Jones-Smith | Synthetic,413434,018549,Unknown Business,9588,Unknown Business INC,38474.11,2026-05-01,3827.78,18760.93,E-Enable B2C Experiences,Angela Cole,National
699-229-2012,3748924,LSA | Cook Group | Synthetic,346512,206700,Steele-Bishop,9588,Steele-Bishop INC,55747.76,2025-09-27,6888.81,41933.07,Revolutionize B2C Platforms,Jason Drake,National
924-255-5564,5870597,"LSA | Patton, Estrada and Moore | Synthetic",243513,981998,"Kennedy, Abbott and Cunningham",9588,"Kennedy, Abbott and Cunningham INC",51357.9,2026-04-24,1864.25,52357.41,E-Enable B2C Experiences,Angela Cole,National
801-048-2685,4979141,"LSA | Hunter, Anderson and Schroeder | Synthetic",109475,720470,Gilbert Inc,9588,Gilbert Inc INC,36319.37,2026-05-04,0,35900.83,E-Enable B2C Experiences,Angela Cole,National
924-255-5564,3799437,"LSA | Clay, Watson and Crawford | Synthetic",690070,467966,Scott-Vasquez,9588,Scott-Vasquez INC,22303.38,2026-04-27,1955.47,11587.3,E-Enable B2C Experiences,Angela Cole,National
924-255-5564,6461688,LSA | Simmons LLC | Synthetic,156185,610227,"Gomez, Yoder and Maldonado",9588,"Gomez, Yoder and Maldonado INC",25046.86,2026-04-27,4812.81,2430.42,E-Enable B2C Experiences,Angela Cole,National
924-255-5564,0706137,LSA | Doyle PLC | Synthetic,745736,829935,"Jones, Doyle and Jackson",9588,"Jones, Doyle and Jackson INC",37028.39,2026-04-28,0,11159.55,E-Enable B2C Experiences,Angela Cole,National
485-905-1145,9258990,LSA | Solis-Weber | Synthetic,871924,413371,"Hammond, Elliott and Mcgee",9588,"Hammond, Elliott and Mcgee INC",40603.44,2026-04-27,4993.62,23579.54,E-Enable B2C Experiences,Angela Cole,National
485-905-1145,8402095,LSA | Cunningham-Allen | Synthetic,736487,256922,Wilson Group,4798,Wilson Group INC,37347.51,2026-04-11,3629.21,42281.45,Re-Contextualize Dot-Com Deliverables,Angela Cole,National
699-229-2012,6583524,LSA | Rodriguez and Sons | Synthetic,823403,966939,Taylor LLC,5673,Taylor LLC INC,1811.88,2026-01-16,8179.62,2056.84,Empower Global Relationships,Lynn Houston,National
924-255-5564,9425858,"LSA | Diaz, Davis and Navarro | Synthetic",344103,876769,Rodriguez and Sons,0501,Rodriguez and Sons INC,42366.24,2026-05-05,1602.29,63309.55,Exploit Cutting-Edge Bandwidth,Monica Schmidt,DirectLocal
801-048-2685,5301326,LSA | Hudson-Oconnor | Synthetic,213354,925703,"Mcdowell, Morris and Lopez",1192,"Mcdowell, Morris and Lopez INC",663.25,2026-05-05,10357.82,69189.44,E-Enable B2C Experiences,Angela Cole,National
924-255-5564,4763143,LSA | Ramirez-Washington | Synthetic,470858,217686,Fuller Inc,8295,Fuller Inc INC,59881.07,2026-04-17,12577.61,42545.79,E-Enable B2C Experiences,Angela Cole,National
924-255-5564,9733007,LSA | Smith Inc | Synthetic,584310,906020,Davis and Sons,1192,Davis and Sons INC,29821.5,2026-05-02,760.64,2435.27,E-Enable B2C Experiences,Angela Cole,National
699-229-2012,6871015,LSA | Stevens-Lee | Synthetic,002170,978981,Owens-Higgins,5673,Owens-Higgins INC,5570.16,2025-01-03,0,0,Empower Global Relationships,Lynn Houston,National
699-229-2012,9349027,LSA | Crawford Inc | Synthetic,766045,852285,Harris-Hines,2160,Harris-Hines INC,43913.87,2024-10-22,0,0,Engineer Transparent Interfaces,Angela Cole,DirectLocal
801-048-2685,3394343,LSA | Knight-Harrington | Synthetic,396446,844265,"Hanson, Hall and Case",9588,"Hanson, Hall and Case INC",20404,2026-05-07,5336.21,67138.85,E-Enable B2C Experiences,Angela Cole,National
801-048-2685,8233002,"LSA | Owens, Sampson and Espinoza | Synthetic",024693,773341,Hunt PLC,1192,Hunt PLC INC,24724.7,2026-05-05,4434.9,36158.84,E-Enable B2C Experiences,Angela Cole,National
924-255-5564,0086285,LSA | Paul-Hopkins | Synthetic,149772,615470,Watson-Miller,1192,Watson-Miller INC,52883.86,2026-04-18,10330.8,11836.69,E-Enable B2C Experiences,Angela Cole,National
924-255-5564,6026404,"LSA | Cruz, Hill and Torres | Synthetic",244728,884279,Torres-Thompson,1192,Torres-Thompson INC,45322.31,2026-04-15,6181.83,36213.73,E-Enable B2C Experiences,Angela Cole,National
699-229-2012,2022959,LSA | Martinez Inc | Synthetic,231750,892692,Lee LLC,9588,Lee LLC INC,45103.15,2025-11-03,0,0,E-Enable B2C Experiences,Angela Cole,National
485-905-1145,2181944,LSA | Lutz LLC | Synthetic,718810,148862,Dickerson-Kaufman,9588,Dickerson-Kaufman INC,29778.27,2026-04-24,2966.47,61309.1,E-Enable B2C Experiences,Angela Cole,National
924-255-5564,7539275,LSA | Simon-Obrien | Synthetic,406484,916711,Baker Group,9588,Baker Group INC,8387.93,2026-04-27,2970.23,54170.83,E-Enable B2C Experiences,Angela Cole,National
699-229-2012,3004792,LSA | Johnson-Calderon | Synthetic,473628,773630,Brown LLC,9588,Brown LLC INC,58583.98,2025-12-18,0,0,E-Enable B2C Experiences,Angela Cole,National
924-255-5564,9614812,LSA | Scott Inc | Synthetic,914024,978008,Miller Ltd,9588,Miller Ltd INC,48791.82,2026-05-05,12017.79,32013.7,E-Enable B2C Experiences,Angela Cole,National
699-229-2012,4934517,"LSA | White, Walker and Boyd | Synthetic",627311,597914,Todd and Sons,5673,Todd and Sons INC,43543.65,2026-01-18,10966.67,21720.15,Empower Global Relationships,Lynn Houston,National
699-229-2012,7406489,LSA | Moore PLC | Synthetic,257601,299558,"Anderson, Medina and Berg",1192,"Anderson, Medina and Berg INC",4649.23,2026-03-16,0,23694.02,E-Enable B2C Experiences,Angela Cole,National
924-255-5564,2112541,LSA | Olsen-Whitehead | Synthetic,562407,360010,Thomas-Valencia,1192,Thomas-Valencia INC,54205.47,2026-04-21,10779.5,36568.66,E-Enable B2C Experiences,Angela Cole,National
924-255-5564,4092908,LSA | Keller LLC | Synthetic,685307,966399,Harrison Inc,1192,Harrison Inc INC,48765.46,2026-04-30,12667.94,15647.77,Reinvent One-To-One Roi,Gina Sullivan,National
801-048-2685,9155643,LSA | Jacobs LLC | Synthetic,379585,681012,"Browning, Brown and Pearson",1192,"Browning, Brown and Pearson INC",30013.13,2026-05-06,245.44,25822.58,E-Enable B2C Experiences,Angela Cole,National
924-255-5564,7348436,"LSA | Gomez, Yoder and Maldonado | Synthetic",161506,419332,Hicks Group,9588,Hicks Group INC,21543.36,2026-04-29,5435.55,12668.81,E-Enable B2C Experiences,Angela Cole,National
699-229-2012,6710530,LSA | Martinez Group | Synthetic,504508,898620,Shepherd Inc,1192,Shepherd Inc INC,29785.22,2026-03-12,0,0,E-Enable B2C Experiences,Angela Cole,National
924-255-5564,7322345,"LSA | Cook, Smith and Gordon | Synthetic",002073,961623,Adams LLC,9588,Adams LLC INC,10616.99,2026-04-29,66.88,2141.75,E-Enable B2C Experiences,Angela Cole,National
924-255-5564,2866252,LSA | Houston Inc | Synthetic,566898,321792,"Baker, Robinson and Freeman",1192,"Baker, Robinson and Freeman INC",1521.51,2026-04-24,2753.11,7498.27,E-Enable B2C Experiences,Angela Cole,National
485-905-1145,5926886,LSA | Hill-Hines | Synthetic,729574,186593,"Bridges, Williams and Russell",1192,"Bridges, Williams and Russell INC",55057.39,2026-04-15,4773.16,57255.68,E-Enable B2C Experiences,Angela Cole,National
699-229-2012,3506403,LSA | Harris and Sons | Synthetic,268276,170580,Hughes LLC,5673,Hughes LLC INC,45219.2,2025-12-02,5478.8,23945.96,Empower Global Relationships,Lynn Houston,National
699-229-2012,6644845,LSA | Kennedy-Hansen | Synthetic,784714,651010,Simmons and Sons,5673,Simmons and Sons INC,39226.67,2026-03-18,0,16077.66,Empower Global Relationships,Lynn Houston,National
699-229-2012,9919664,"LSA | Howard, Castillo and Johnson | Synthetic",985281,338758,Williams Inc,5673,Williams Inc INC,5210.65,2026-01-06,0,0,Empower Global Relationships,Lynn Houston,National
801-048-2685,6113154,LSA | Turner Inc | Synthetic,581185,006574,Tucker-Wilson,1192,Tucker-Wilson INC,34258.52,2026-05-05,10940.46,42581.54,E-Enable B2C Experiences,Angela Cole,National
699-229-2012,0867191,LSA | Davis Inc | Synthetic,572569,264313,Garrett-Phillips,5673,Garrett-Phillips INC,7556.69,2026-01-06,1718.72,47830.51,Empower Global Relationships,Lynn Houston,National
485-905-1145,1143403,LSA | Parker LLC | Synthetic,124743,126798,Smith-Olsen,9588,Smith-Olsen INC,24252.21,2026-04-09,5338.16,25788.17,E-Enable B2C Experiences,Angela Cole,National
924-255-5564,5364288,"LSA | Webster, Ray and Martinez | Synthetic",044005,640046,Davis-Williams,9588,Davis-Williams INC,21814.66,2026-04-23,7125.99,25153.77,E-Enable B2C Experiences,Angela Cole,National
801-048-2685,4792336,"LSA | Ryan, Parks and Avila | Synthetic",591675,799997,Jones Group,1192,Jones Group INC,55505.45,2026-05-06,13485.17,47086.07,E-Enable B2C Experiences,Angela Cole,National
699-229-2012,4011001,LSA | Thomas-Valencia | Synthetic,620656,745018,Chang Group,1192,Chang Group INC,16321.58,2026-03-14,0,0,E-Enable B2C Experiences,Angela Cole,National
924-255-5564,6936338,LSA | Wells-Carlson | Synthetic,587725,487005,"Webb, Hahn and Wilcox",9588,"Webb, Hahn and Wilcox INC",24589.64,2026-04-29,12668.7,60512.34,E-Enable B2C Experiences,Angela Cole,National
924-255-5564,4502089,LSA | Benson and Sons | Synthetic,200285,025285,Pacheco Ltd,1192,Pacheco Ltd INC,6693.11,2026-05-07,8576.14,52748.42,E-Enable B2C Experiences,Angela Cole,National
699-229-2012,3169709,LSA | Mccann LLC | Synthetic,817435,763064,"Martin, Barker and Thomas",3391,"Martin, Barker and Thomas INC",38554.16,2025-09-11,0,0,E-Enable B2C Experiences,Angela Cole,National
699-229-2012,9163277,"LSA | Martin, Mays and Berry | Synthetic",586060,620841,Lopez LLC,8295,Lopez LLC INC,56778.87,2026-04-22,2825.74,47123.9,E-Enable B2C Experiences,Angela Cole,National
699-229-2012,9124445,"LSA | Hunt, Ray and Smith | Synthetic",050570,848332,Reese Inc,5673,Reese Inc INC,14679.69,2026-01-06,0,0,Empower Global Relationships,Lynn Houston,National
924-255-5564,1928984,"LSA | Castro, Rios and Carson | Synthetic",046172,475673,"Skinner, Davis and Brewer",9588,"Skinner, Davis and Brewer INC",36031.08,2026-04-20,4100.07,24157.24,E-Enable B2C Experiences,Angela Cole,National
924-255-5564,5125107,LSA | Wilkins Inc | Synthetic,933848,138395,Bell Ltd,1192,Bell Ltd INC,13214.54,2026-05-02,277.42,20076.19,E-Enable B2C Experiences,Angela Cole,National
485-905-1145,4708652,"LSA | Scott, Bryant and Johnson | Synthetic",919569,335583,Perez-Oneal,1192,Perez-Oneal INC,40999.92,2026-04-14,2412.07,57313.85,E-Enable B2C Experiences,Angela Cole,National
485-905-1145,9572231,LSA | Kelley PLC | Synthetic,936164,221953,Nichols-Jones,5673,Nichols-Jones INC,18506.83,2026-04-10,5735.21,24045.72,Empower Global Relationships,Lynn Houston,National
485-905-1145,4724105,LSA | Riley-Allen | Synthetic,613689,188750,"Diaz, Pena and Weeks",1479,"Diaz, Pena and Weeks INC",19145.36,2026-03-27,12298.12,9919.14,Redefine Ubiquitous Portals,Robert Diaz,DirectLocal
924-255-5564,0192965,LSA | Clark Group | Synthetic,166881,230726,Owen-Vasquez,3698,Owen-Vasquez INC,10705.47,2026-04-14,3579.03,56445.14,E-Enable B2C Experiences,Angela Cole,National
924-255-5564,3918551,LSA | Oliver-Berry | Synthetic,798269,127900,"Allen, Alexander and Hill",3698,"Allen, Alexander and Hill INC",40367.38,2026-04-21,10830.37,61522.2,Revolutionize B2C Platforms,Jason Drake,National
699-229-2012,3579040,"LSA | Roberts, Robinson and Carey | Synthetic",077805,850475,Yates Ltd,8295,Yates Ltd INC,12990.71,2025-12-06,0,0,E-Enable B2C Experiences,Angela Cole,National
699-229-2012,2581027,"LSA | Smith, Gardner and Jones | Synthetic",349044,990981,Gonzalez-Torres,5673,Gonzalez-Torres INC,49981.01,2025-05-18,0,0,Empower Global Relationships,Lynn Houston,National
485-905-1145,2206400,LSA | Thompson-Taylor | Synthetic,535557,698882,"Hood, Green and Smith",5673,"Hood, Green and Smith INC",434.85,2026-04-02,5614.01,19573.57,Empower Global Relationships,Lynn Houston,National
699-229-2012,8595728,LSA | Graham-Brown | Synthetic,301971,829105,"Gill, Smith and Johnson",5673,"Gill, Smith and Johnson INC",43069.6,2026-01-06,6760.13,31712.41,Empower Global Relationships,Lynn Houston,National
924-255-5564,7396312,"LSA | Diaz, Cummings and Cruz | Synthetic",310558,466596,"Mitchell, Nelson and Thornton",1192,"Mitchell, Nelson and Thornton INC",41504.72,2026-05-05,11070.4,5927.71,E-Enable B2C Experiences,Angela Cole,National
801-048-2685,6391593,"LSA | Perez, Ellison and Castillo | Synthetic",472682,440493,Barnes Ltd,9588,Barnes Ltd INC,44184.37,2026-05-05,6775.53,54117.69,E-Enable B2C Experiences,Angela Cole,National
485-905-1145,5751165,LSA | Rodgers LLC | Synthetic,819603,033351,Abbott-Shannon,5673,Abbott-Shannon INC,38004.43,2026-04-12,7962.6,6559.3,Empower Global Relationships,Lynn Houston,National
924-255-5564,2957539,LSA | Martin-Cervantes | Synthetic,582559,550190,"Hobbs, Dudley and Potter",8295,"Hobbs, Dudley and Potter INC",53744.64,2026-04-18,10636.93,38527.89,E-Enable B2C Experiences,Angela Cole,National
699-229-2012,5885751,LSA | Cuevas-Bell | Synthetic,740769,792393,"Roberts, Kirk and Holmes",5673,"Roberts, Kirk and Holmes INC",11351.42,2026-01-06,7429.72,70182.86,Empower Global Relationships,Lynn Houston,National
699-229-2012,3998447,"LSA | Ryan, Johnson and Austin | Synthetic",620658,748645,Walker-Gray,4297,Walker-Gray INC,26647.53,2024-09-21,0,0,Integrate 24/7 Channels,Anthony Duran,National
924-255-5564,6272295,"LSA | Mendez, Ayala and Guerrero | Synthetic",283452,549638,"Brown, Spencer and Garrett",9588,"Brown, Spencer and Garrett INC",56171.87,2026-04-30,8684.51,46799.49,E-Enable B2C Experiences,Angela Cole,National
485-905-1145,2643569,LSA | Patel Inc | Synthetic,710174,527784,"Rhodes, Smith and Morris",5673,"Rhodes, Smith and Morris INC",27974.43,2026-04-01,10142.28,61943.72,Empower Global Relationships,Lynn Houston,National
924-255-5564,5308101,LSA | Bryant-Cowan | Synthetic,572521,721897,"Potter, Kaufman and Graham",3698,"Potter, Kaufman and Graham INC",12384.32,2026-04-30,4836.19,51763.98,E-Enable B2C Experiences,Angela Cole,National
699-229-2012,9397239,LSA | Bennett-Baldwin | Synthetic,521514,920367,"Reeves, Clark and Quinn",8295,"Reeves, Clark and Quinn INC",46852.41,2025-10-16,0,0,E-Enable B2C Experiences,Angela Cole,National
924-255-5564,6100462,LSA | Rojas and Sons | Synthetic,540900,040257,Riley-Mitchell,9588,Riley-Mitchell INC,59141.5,2026-04-15,11713.09,22031.93,E-Enable B2C Experiences,Angela Cole,National
699-229-2012,4151650,"LSA | Johnson, Lopez and May | Synthetic",189326,047485,"Cooper, Howard and Henry",7819,"Cooper, Howard and Henry INC",13597.63,2026-03-17,0,0,E-Enable B2C Experiences,Angela Cole,National
699-229-2012,1625122,"LSA | Reed, Weaver and Jones | Synthetic",824099,586085,Fernandez LLC,5673,Fernandez LLC INC,31724.03,2026-01-06,0,26050.07,Empower Global Relationships,Lynn Houston,National
801-048-2685,1957568,"LSA | Jones, Castaneda and Davis | Synthetic",117416,120181,"Mcdaniel, Carlson and Stein",3698,"Mcdaniel, Carlson and Stein INC",46774.3,2026-05-06,6066.73,17974.74,E-Enable B2C Experiences,Angela Cole,National
924-255-5564,3403146,"LSA | Green, Hernandez and Norman | Synthetic",036251,128304,Walsh Ltd,7819,Walsh Ltd INC,18520.86,2026-04-17,0,5488.62,Revolutionize B2C Platforms,Jason Drake,National
699-229-2012,0098608,LSA | Chandler-Reyes | Synthetic,714714,516382,Ramirez-Hernandez,5673,Ramirez-Hernandez INC,18724.03,2026-03-07,0,63779.17,Empower Global Relationships,Lynn Houston,National
699-229-2012,0094179,LSA | Ward Ltd | Synthetic,908194,781942,Dudley PLC,7819,Dudley PLC INC,31115.06,2024-05-01,0,0,E-Enable B2C Experiences,Angela Cole,National
924-255-5564,6520106,LSA | Johnson and Sons | Synthetic,744116,310140,Pugh Ltd,7819,Pugh Ltd INC,19167.72,2026-05-06,11008.48,44200.01,E-Enable B2C Experiences,Angela Cole,National
924-255-5564,3765861,LSA | Wilson-Terrell | Synthetic,367940,155699,Weaver Ltd,5673,Weaver Ltd INC,25117.89,2026-05-01,5814.06,61131.3,Empower Global Relationships,Lynn Houston,National
801-048-2685,2948789,"LSA | Garcia, Smith and Francis | Synthetic",616636,857341,Olsen-Hart,9588,Olsen-Hart INC,26389.41,2026-05-05,6134.89,2721.61,E-Enable B2C Experiences,Angela Cole,National
485-905-1145,1340928,LSA | Gomez PLC | Synthetic,433167,679332,Snyder-Welch,8295,Snyder-Welch INC,53226.44,2026-04-03,1703.97,3220.4,Revolutionize B2C Platforms,Jason Drake,National
485-905-1145,9853507,LSA | Edwards Group | Synthetic,846717,100992,Miranda-Taylor,8295,Miranda-Taylor INC,50052.25,2026-03-27,0,0,Revolutionize B2C Platforms,Jason Drake,National
485-905-1145,4030933,"LSA | Montgomery, Barnes and Gray | Synthetic",286046,516757,Ortiz Ltd,7819,Ortiz Ltd INC,56939.91,2026-04-03,11377.21,24542.26,E-Enable B2C Experiences,Angela Cole,National
924-255-5564,7455684,LSA | Coffey Ltd | Synthetic,381827,600816,"Hill, Harmon and Fuller",1192,"Hill, Harmon and Fuller INC",26443.55,2026-05-05,5367.4,52263.73,E-Enable B2C Experiences,Angela Cole,National
699-229-2012,5306221,"LSA | Ramos, Walls and Green | Synthetic",377291,223412,"Bryant, Mccullough and Brown",3391,"Bryant, Mccullough and Brown INC",58701.18,2023-08-11,0,0,Revolutionize B2C Platforms,Jason Drake,National
699-229-2012,8995999,"LSA | Ruiz, Cox and Schmidt | Synthetic",340108,287868,Spencer-Rodriguez,3391,Spencer-Rodriguez INC,45602.56,2023-09-09,0,0,Revolutionize B2C Platforms,Jason Drake,National
699-229-2012,6041686,LSA | Sullivan-Martin | Synthetic,937206,744372,Williams Group,3391,Williams Group INC,9454.26,2023-08-16,0,0,Revolutionize B2C Platforms,Jason Drake,National
699-229-2012,8047137,LSA | Baker Group | Synthetic,583589,225075,"Johnson, Hubbard and Kemp",3391,"Johnson, Hubbard and Kemp INC",8517.8,2023-05-03,0,0,Revolutionize B2C Platforms,Jason Drake,National
485-905-1145,9952022,"LSA | Wall, Navarro and Curtis | Synthetic",474456,124190,"Chapman, Smith and Perry",9932,"Chapman, Smith and Perry INC",20316.25,2026-03-21,0,63854.24,E-Enable B2C Experiences,Angela Cole,National
924-255-5564,7924681,"LSA | White, Castillo and Nguyen | Synthetic",269918,496557,Pierce-Hoover,9932,Pierce-Hoover INC,2285.62,2026-04-23,8831.86,23081.97,E-Enable B2C Experiences,Angela Cole,National
699-229-2012,9904460,"LSA | Richards, Collins and Gutierrez | Synthetic",342639,269137,"Vargas, Spencer and Martinez",3391,"Vargas, Spencer and Martinez INC",38965.74,2023-07-29,0,0,Revolutionize B2C Platforms,Jason Drake,National
485-905-1145,9085327,"LSA | Carter, Martin and Jimenez | Synthetic",966274,171208,"Rubio, Kennedy and Brown",9588,"Rubio, Kennedy and Brown INC",5982.08,2026-03-27,0,0,E-Enable B2C Experiences,Angela Cole,National
699-229-2012,5398025,LSA | Garcia-Fisher | Synthetic,007401,081083,Mclean-Richardson,4297,Mclean-Richardson INC,6361.91,2024-06-23,0,0,Integrate 24/7 Channels,Anthony Duran,National
699-229-2012,6235430,"LSA | Freeman, Robinson and Morris | Synthetic",554063,792864,Wilson Ltd,4297,Wilson Ltd INC,55106.82,2024-03-12,0,0,Integrate 24/7 Channels,Anthony Duran,National
699-229-2012,8457166,"LSA | Rogers, Myers and Nguyen | Synthetic",413424,278583,"Williams, Brown and Mathis",4297,"Williams, Brown and Mathis INC",1507.13,2023-08-21,0,0,Integrate 24/7 Channels,Anthony Duran,National
699-229-2012,0818859,LSA | Schmidt-Harrell | Synthetic,439094,364010,Frey Group,7819,Frey Group INC,10331.37,2025-10-27,0,0,E-Enable B2C Experiences,Angela Cole,National
485-905-1145,9574330,LSA | Guerrero and Sons | Synthetic,749335,421304,Lang-Murillo,5673,Lang-Murillo INC,21221.14,2026-03-31,8683.49,7093.54,Empower Global Relationships,Lynn Houston,National
699-229-2012,2769466,LSA | Guerrero and Sons | Synthetic,749335,421304,"Henry, Murphy and Clark",5673,"Henry, Murphy and Clark INC",24974.69,2025-03-18,1243.88,30308.92,Empower Global Relationships,Lynn Houston,National
485-905-1145,4779160,"LSA | Weaver, Martin and Velazquez | Synthetic",802250,855450,Reed-Alvarado,5673,Reed-Alvarado INC,59733.46,2026-05-06,12184.79,29441.44,Empower Global Relationships,Lynn Houston,National
699-229-2012,3176042,"LSA | Valdez, Stout and Martin | Synthetic",435153,415143,Clark-Stewart,5673,Clark-Stewart INC,36024.51,2024-09-13,0,0,Empower Global Relationships,Lynn Houston,National
924-255-5564,5080023,"LSA | Mcdaniel, Harper and Simmons | Synthetic",958079,087318,"Young, Osborn and Vaughn",9365,"Young, Osborn and Vaughn INC",24209.75,2026-04-28,13305.21,15959.08,E-Enable B2C Experiences,Angela Cole,National
699-229-2012,9432815,"LSA | Browning, Brown and Pearson | Synthetic",732394,825535,Rollins Group,0348,Rollins Group INC,25409.36,2023-06-12,0,0,Architect Value-Added Applications,Troy Freeman,DirectLocal
924-255-5564,1740601,LSA | Anderson-Smith | Synthetic,083962,506760,Grant LLC,9932,Grant LLC INC,27507.81,2026-05-05,1738.68,22472.28,E-Enable B2C Experiences,Angela Cole,National
801-048-2685,7426122,LSA | Robbins-Preston | Synthetic,143001,128223,Walton-White,8295,Walton-White INC,48223.35,2026-05-06,7702.81,36113.03,E-Enable B2C Experiences,Angela Cole,National
924-255-5564,5960300,LSA | Michael and Sons | Synthetic,681964,869913,Owens-Carlson,8295,Owens-Carlson INC,37048.11,2026-04-14,12431.98,11194.73,E-Enable B2C Experiences,Angela Cole,National
699-229-2012,6644778,LSA | Avery-Edwards | Synthetic,185214,266459,Melton-Mclean,8295,Melton-Mclean INC,36903.58,2026-01-16,0,0,E-Enable B2C Experiences,Angela Cole,National
485-905-1145,0702543,"LSA | Kelly, Shaw and Smith | Synthetic",292401,411291,Hickman and Sons,8160,Hickman and Sons INC,43219.68,2026-03-25,12835.54,49552.17,Redefine Ubiquitous Portals,Robert Diaz,DirectLocal
801-048-2685,8897963,LSA | Leonard Group | Synthetic,287564,033696,Owens-Cole,1192,Owens-Cole INC,12903.08,2026-05-05,13407.86,67618.73,E-Enable B2C Experiences,Angela Cole,National
924-255-5564,5299224,LSA | Hernandez Inc | Synthetic,904064,068013,Brown Ltd,2539,Brown Ltd INC,46866.05,2026-04-20,10449.93,16253.63,E-Enable B2C Experiences,Angela Cole,National
924-255-5564,3457707,LSA | Davila Group | Synthetic,369797,794299,Elliott LLC,2539,Elliott LLC INC,15465.59,2026-05-01,1717.18,55371.15,E-Enable B2C Experiences,Angela Cole,National
699-229-2012,1464192,"LSA | Moore, Turner and Osborne | Synthetic",822980,444465,"Austin, Gibson and Butler",5673,"Austin, Gibson and Butler INC",23675,2025-12-26,6639.04,55361.5,Empower Global Relationships,Lynn Houston,National
699-229-2012,2459895,"LSA | Palmer, James and Olson | Synthetic",318949,279382,Day-Anderson,0700,Day-Anderson INC,25390,2025-10-11,0,0,Reinvent Sticky Infrastructures,Larry Marsh,DirectLocal
801-048-2685,3997340,LSA | Brown Ltd | Synthetic,970890,157265,"Garrison, Garner and Mitchell",1192,"Garrison, Garner and Mitchell INC",51252.21,2026-05-07,3277.66,20837.45,E-Enable B2C Experiences,Angela Cole,National
924-255-5564,0493270,LSA | Riley-Allen | Synthetic,613689,188750,Gallagher PLC,1479,Gallagher PLC INC,4679.02,2026-04-27,7210.32,23189.74,Redefine Ubiquitous Portals,Robert Diaz,DirectLocal
699-229-2012,2945536,"LSA | Padilla, Bell and Jenkins | Synthetic",024123,991171,Andrews LLC,5673,Andrews LLC INC,21541.27,2026-03-08,10725.46,12432.99,Empower Global Relationships,Lynn Houston,National
699-229-2012,2980589,LSA | Molina and Sons | Synthetic,472175,631185,"Richards, Jones and Armstrong",2809,"Richards, Jones and Armstrong INC",55835.31,2023-08-01,0,0,Implement 24/7 Vortals,Peggy Patrick,DummyG
485-905-1145,5846854,LSA | Johnson Group | Synthetic,066926,488779,Russell LLC,9932,Russell LLC INC,45129.33,2026-03-24,9904.13,32426.4,E-Enable B2C Experiences,Angela Cole,National
485-905-1145,7610753,LSA | Willis LLC | Synthetic,152910,306803,Pham-White,4798,Pham-White INC,9550.75,2026-04-03,5848.5,62137.41,Re-Contextualize Dot-Com Deliverables,Angela Cole,National
699-229-2012,0184951,"LSA | Wright, Jordan and Ruiz | Synthetic",911066,692607,Whitney LLC,9932,Whitney LLC INC,3420.61,2023-08-17,0,0,Revolutionize B2C Platforms,Jason Drake,National
924-255-5564,9935169,"LSA | Erickson, Vazquez and Bentley | Synthetic",855872,250248,Davis-Williams,9588,Davis-Williams INC,28841.81,2026-04-27,10322.96,51378.21,E-Enable B2C Experiences,Angela Cole,National
699-229-2012,0231196,LSA | Rodriguez and Sons | Synthetic,823403,966939,"Rodriguez, Bailey and Estrada",5673,"Rodriguez, Bailey and Estrada INC",58049.48,2026-01-06,0,61724.46,Empower Global Relationships,Lynn Houston,National
924-255-5564,1738400,LSA | Kramer Inc | Synthetic,685029,757945,"Cordova, Wise and Hill",1192,"Cordova, Wise and Hill INC",29903.62,2026-05-02,3755.04,22512.38,E-Enable B2C Experiences,Angela Cole,National
924-255-5564,5615277,"LSA | Valdez, Walters and Berger | Synthetic",742453,477941,Rose-Lawson,8295,Rose-Lawson INC,17081.34,2026-04-27,12816.01,44653.97,E-Enable B2C Experiences,Angela Cole,National
924-255-5564,5691831,LSA | Franco-Hampton | Synthetic,777810,756853,"Harrington, Williams and Brown",8295,"Harrington, Williams and Brown INC",59626.31,2026-05-02,7891.15,22362.56,E-Enable B2C Experiences,Angela Cole,National
924-255-5564,4906649,LSA | Torres-Rodriguez | Synthetic,156210,320717,"Roberts, Wright and Johns",8295,"Roberts, Wright and Johns INC",15040.21,2026-04-21,3375.95,38045.9,Revolutionize B2C Platforms,Jason Drake,National
699-229-2012,0277003,LSA | Warren-Cook | Synthetic,683035,237834,Gardner Inc,5673,Gardner Inc INC,24137.01,2026-02-12,0,0,Empower Global Relationships,Lynn Houston,National
699-229-2012,3637157,LSA | Hughes LLC | Synthetic,227664,050307,Johnson-Gonzales,8295,Johnson-Gonzales INC,21072.26,2025-07-11,0,0,E-Enable B2C Experiences,Angela Cole,National
924-255-5564,9095272,LSA | Long and Sons | Synthetic,132460,828250,"Simmons, Kelley and Hahn",8295,"Simmons, Kelley and Hahn INC",10940.54,2026-05-02,4573.32,2902.31,E-Enable B2C Experiences,Angela Cole,National
924-255-5564,8700288,"LSA | Aguilar, Guzman and Knight | Synthetic",269309,814776,Rodriguez-Chambers,0746,Rodriguez-Chambers INC,11031.07,2026-04-18,6787.95,5173.45,E-Enable B2C Experiences,Angela Cole,National
924-255-5564,6819495,LSA | Sims Inc | Synthetic,281429,978882,Tucker LLC,9588,Tucker LLC INC,48010.53,2026-04-30,6967.47,25918.9,E-Enable B2C Experiences,Angela Cole,National
924-255-5564,8669141,"LSA | Franco, Johnson and Spencer | Synthetic",371635,579046,Baldwin-Carlson,7819,Baldwin-Carlson INC,27776.25,2026-04-25,13128.01,30167.1,E-Enable B2C Experiences,Angela Cole,National
699-229-2012,0784377,LSA | Smith Group | Synthetic,020956,217879,Kennedy LLC,9365,Kennedy LLC INC,10433.91,2025-09-11,0,0,E-Enable B2C Experiences,Angela Cole,National
485-905-1145,2234045,"LSA | Mullins, Robinson and Johnson | Synthetic",742362,903741,"Mcdaniel, Ramirez and Yates",9932,"Mcdaniel, Ramirez and Yates INC",23978.72,2026-04-15,27.73,64257.07,E-Enable B2C Experiences,Angela Cole,National
485-905-1145,5426163,LSA | Scott-Wade | Synthetic,398886,755092,Webb-Simon,9932,Webb-Simon INC,38038.09,2026-04-08,6142.46,46238.18,E-Enable B2C Experiences,Angela Cole,National
924-255-5564,9695852,LSA | Smith-Walker | Synthetic,657891,056347,"Glenn, Collins and Barnes",0700,"Glenn, Collins and Barnes INC",1348.71,2026-04-22,11939.62,53172.57,Reinvent Sticky Infrastructures,Larry Marsh,DirectLocal
485-905-1145,4222427,LSA | Clay Ltd | Synthetic,648788,621523,"Smith, Delacruz and Evans",0700,"Smith, Delacruz and Evans INC",2802.02,2026-04-18,8112.01,26834.83,Grow One-To-One Vortals,Robert Diaz,DirectLocal
485-905-1145,5243399,"LSA | Moran, Ross and Wallace | Synthetic",892249,643058,Rodriguez LLC,4798,Rodriguez LLC INC,30897.38,2026-04-13,13218.39,35585.98,E-Enable B2C Experiences,Angela Cole,National
924-255-5564,5024417,LSA | Hunt-Wilson | Synthetic,717588,019714,Johnson-Calderon,9588,Johnson-Calderon INC,8959.84,2026-04-27,3453.07,68242.61,E-Enable B2C Experiences,Angela Cole,National
924-255-5564,2118196,"LSA | White, Castillo and Nguyen | Synthetic",269918,496557,Houston-Lynn,9932,Houston-Lynn INC,13810.85,2026-04-30,0,16426.17,E-Enable B2C Experiences,Angela Cole,National
801-048-2685,7688948,LSA | Greene-Goodman | Synthetic,831255,996914,Vazquez PLC,9365,Vazquez PLC INC,33656.16,2026-05-06,3500.16,34023.54,E-Enable B2C Experiences,Angela Cole,National
699-229-2012,6602058,"LSA | Henderson, Phillips and Williams | Synthetic",967390,738986,Smith Inc,6130,Smith Inc INC,5387.39,2026-01-16,13086.17,37301.53,Revolutionize B2C Platforms,Jason Drake,National
485-905-1145,3056051,"LSA | Peterson, Calhoun and White | Synthetic",182200,571157,Villanueva Inc,5673,Villanueva Inc INC,53996.48,2026-04-18,0,30369.35,Empower Global Relationships,Lynn Houston,National
924-255-5564,9531642,LSA | Copeland Ltd | Synthetic,178212,523544,Garcia Inc,3102,Garcia Inc INC,19556.55,2026-05-05,0,51150.41,E-Enable B2C Experiences,Angela Cole,National
485-905-1145,1440475,LSA | Thompson and Sons | Synthetic,597422,736533,Gonzalez-Francis,1192,Gonzalez-Francis INC,54185.56,2026-04-12,7085.72,45745.81,E-Enable B2C Experiences,Angela Cole,National
699-229-2012,2628403,LSA | Walton LLC | Synthetic,758982,216663,"Fields, Barnes and Carroll",6906,"Fields, Barnes and Carroll INC",7873.51,2025-12-24,0,0,Revolutionize B2C Platforms,Jason Drake,National
924-255-5564,3458381,LSA | Palmer and Sons | Synthetic,517315,383911,Sanchez and Sons,8295,Sanchez and Sons INC,27703.28,2026-04-23,8462.61,38909.25,Grow Plug-And-Play Functionalities,Gina Sullivan,National
924-255-5564,8869259,LSA | Adams Ltd | Synthetic,040030,788714,Rodriguez-Rodriguez,9365,Rodriguez-Rodriguez INC,25229.44,2026-04-30,13014.88,53698.54,E-Enable B2C Experiences,Angela Cole,National
924-255-5564,8708765,"LSA | Wallace, Mccarty and Chen | Synthetic",720919,223225,Schmidt-Harrell,8295,Schmidt-Harrell INC,19429.8,2026-04-29,3609.23,53291.2,E-Enable B2C Experiences,Angela Cole,National
699-229-2012,1456523,"LSA | Kemp, Mitchell and Lopez | Synthetic",319311,723934,Harris PLC,4297,Harris PLC INC,15409.48,2026-01-17,0,0,Integrate 24/7 Channels,Anthony Duran,National
924-255-5564,3393702,"LSA | Cruz, Chambers and Wiggins | Synthetic",224937,183764,Olsen-Garcia,8295,Olsen-Garcia INC,55815.02,2026-05-02,1552.51,15806.76,E-Enable B2C Experiences,Angela Cole,National
924-255-5564,8032226,"LSA | Hendrix, Roach and Barnett | Synthetic",209307,261962,Rios-Bradshaw,9588,Rios-Bradshaw INC,48467.01,2026-05-01,10576.55,48209.86,E-Enable B2C Experiences,Angela Cole,National
699-229-2012,5625600,LSA | Miles-Wilson | Synthetic,361002,938828,Johnson-Smith,3391,Johnson-Smith INC,6137.85,2025-04-09,0,0,E-Enable B2C Experiences,Angela Cole,National
699-229-2012,8477246,"LSA | Walker, Roberts and Thornton | Synthetic",937720,092648,"David, Murray and Farmer",9365,"David, Murray and Farmer INC",13871.75,2025-10-08,0,11351.21,E-Enable B2C Experiences,Angela Cole,National
485-905-1145,2031758,"LSA | Davis, Foster and Lewis | Synthetic",849103,465787,"Smith, Medina and White",7752,"Smith, Medina and White INC",36734.53,2026-04-04,12595.47,70862.74,Maximize Transparent Metrics,Aaron Wilkinson,DummyG
801-048-2685,7936102,LSA | Hall-Arnold | Synthetic,648266,401028,Jimenez-Williams,8295,Jimenez-Williams INC,14986.44,2026-05-05,12117.38,51935.76,E-Enable B2C Experiences,Angela Cole,National
924-255-5564,2394687,LSA | Lane-Moore | Synthetic,203788,936842,Johnson Inc,9078,Johnson Inc INC,12158.17,2026-04-28,10226.59,42925.84,Maximize Transparent Metrics,Aaron Wilkinson,DummyG
485-905-1145,1873431,LSA | Jackson-Burnett | Synthetic,518655,304842,"Martin, Lam and Washington",9932,"Martin, Lam and Washington INC",3520.5,2026-04-15,487.08,6835.42,Revolutionize B2C Platforms,Jason Drake,National
924-255-5564,5024655,"LSA | Cantu, Chen and Craig | Synthetic",346008,850534,Page-Harris,8295,Page-Harris INC,9654.99,2026-05-06,465.08,25402.35,E-Enable B2C Experiences,Angela Cole,National
699-229-2012,8034616,"LSA | Davis, Haynes and Munoz | Synthetic",254358,031204,"Wong, Hernandez and Reyes",4206,"Wong, Hernandez and Reyes INC",50842.56,2024-03-28,0,0,Revolutionize B2C Platforms,Jason Drake,National
485-905-1145,9704336,LSA | Henderson and Sons | Synthetic,100171,815599,"Bell, Rosales and Martin",3698,"Bell, Rosales and Martin INC",14637.12,2026-03-31,7624.31,51815.15,Revolutionize B2C Platforms,Jason Drake,National
485-905-1145,7880511,LSA | Bowers-Barrett | Synthetic,536247,304675,"Gibson, Christensen and Nash",8295,"Gibson, Christensen and Nash INC",36308.64,2026-04-09,9316.74,34541.53,E-Enable B2C Experiences,Angela Cole,National
801-048-2685,8151652,"LSA | Henderson, Scott and Cochran | Synthetic",636979,118442,Steele PLC,8295,Steele PLC INC,21993.1,2026-05-06,4963,58452.15,E-Enable B2C Experiences,Angela Cole,National
699-229-2012,8911985,LSA | Adams and Sons | Synthetic,017866,543027,Anderson-Brooks,9932,Anderson-Brooks INC,42835.23,2025-10-14,0,0,Revolutionize B2C Platforms,Jason Drake,National
485-905-1145,9980615,"LSA | Brown, Santana and Costa | Synthetic",107678,160502,Soto-Anderson,4279,Soto-Anderson INC,20179.24,2026-04-10,3262.36,21912.69,Cultivate Visionary Architectures,Alejandro Davis,DirectLocal
485-905-1145,9617338,"LSA | Guerra, Braun and Knight | Synthetic",414576,654467,Parker and Sons,7819,Parker and Sons INC,35846.4,2026-04-11,12415.45,36959.75,E-Enable B2C Experiences,Angela Cole,National
485-905-1145,4765242,"LSA | Johnson, Garcia and Stark | Synthetic",075591,013475,Snow Inc,1192,Snow Inc INC,21983.56,2026-04-09,9637.49,64766.61,E-Enable B2C Experiences,Angela Cole,National
485-905-1145,4441015,LSA | Gentry Inc | Synthetic,836108,582484,Cox-Obrien,2539,Cox-Obrien INC,8704.14,2026-04-10,4714.84,40428.01,E-Enable B2C Experiences,Angela Cole,National
485-905-1145,8624879,LSA | Gentry Inc | Synthetic,836108,582484,"Ward, White and Williams",2539,"Ward, White and Williams INC",40224.66,2026-05-02,8945.66,14561.89,E-Enable B2C Experiences,Angela Cole,National
924-255-5564,1711942,LSA | Roberts Inc | Synthetic,325685,140351,"Gilbert, Fritz and Mcneil",1192,"Gilbert, Fritz and Mcneil INC",9422.7,2026-04-14,9287.91,38774.5,E-Enable B2C Experiences,Angela Cole,National
924-255-5564,6354999,LSA | Morris Inc | Synthetic,638787,963717,Smith-Hernandez,1192,Smith-Hernandez INC,949.09,2026-04-27,3187.76,55133.18,E-Enable B2C Experiences,Angela Cole,National
699-229-2012,0365553,LSA | Mullins PLC | Synthetic,608268,140800,"Peterson, Gonzales and Foster",5673,"Peterson, Gonzales and Foster INC",47600.41,2026-01-06,11588.9,35942.29,Empower Global Relationships,Lynn Houston,National
924-255-5564,7423641,LSA | Mullins PLC | Synthetic,608268,140800,Good PLC,5673,Good PLC INC,20500.36,2026-05-07,2777.65,68659.58,Empower Global Relationships,Lynn Houston,National
699-229-2012,8997279,LSA | Mullins PLC | Synthetic,608268,140800,Hardin Inc,5673,Hardin Inc INC,45321.46,2026-02-27,12009.71,56763,Empower Global Relationships,Lynn Houston,National
924-255-5564,8137576,LSA | Miller-Abbott | Synthetic,052599,398986,Huff Group,9932,Huff Group INC,14909.84,2026-04-14,12046.59,22768.62,Revolutionize B2C Platforms,Jason Drake,National
924-255-5564,7525058,LSA | James-Navarro | Synthetic,444403,313635,"Rangel, Casey and Berry",4179,"Rangel, Casey and Berry INC",10245.75,2026-05-03,4595.49,53766.66,Deploy Visionary Synergies,Wendy Lowe,DummyG
699-229-2012,1276867,LSA | James-Navarro | Synthetic,444403,313635,Jenkins Inc,4179,Jenkins Inc INC,19546.29,2026-03-04,0,0,Deploy Visionary Synergies,Wendy Lowe,DummyG
699-229-2012,7155030,LSA | Graham-Brown | Synthetic,301971,829105,"Hurley, Diaz and Garner",5673,"Hurley, Diaz and Garner INC",27555.39,2026-01-07,6169.7,7295.77,Empower Global Relationships,Lynn Houston,National
699-229-2012,6104394,LSA | Cook and Sons | Synthetic,840325,264473,Garner-Watts,5673,Garner-Watts INC,53308.12,2026-02-03,13474.4,13606.54,Empower Global Relationships,Lynn Houston,National
699-229-2012,0982646,"LSA | Sims, Conrad and Evans | Synthetic",015791,433045,Bowen Inc,0746,Bowen Inc INC,56796.8,2024-04-28,0,0,Re-Contextualize Dot-Com Deliverables,Angela Cole,National
485-905-1145,1608869,LSA | Johnson-Harvey | Synthetic,520631,953195,Waller PLC,3102,Waller PLC INC,1856.87,2026-04-14,398.07,63607.22,E-Enable B2C Experiences,Angela Cole,National
699-229-2012,7052905,LSA | Nunez-Murray | Synthetic,100141,908132,Schmidt-Li,9365,Schmidt-Li INC,38706.65,2026-02-26,0,0,E-Enable B2C Experiences,Angela Cole,National
924-255-5564,6010631,LSA | Lewis PLC | Synthetic,080222,497677,"Mann, Ellis and Fields",9588,"Mann, Ellis and Fields INC",56549.39,2026-05-01,1995.97,17237.67,E-Enable B2C Experiences,Angela Cole,National
924-255-5564,9005800,"LSA | Taylor, Rodriguez and Moss | Synthetic",948297,817567,Mclaughlin-Smith,1192,Mclaughlin-Smith INC,16491.6,2026-04-28,140.83,58816.52,E-Enable B2C Experiences,Angela Cole,National
801-048-2685,2009716,"LSA | Silva, Pena and Dennis | Synthetic",456223,517127,Johnson-Mckenzie,1192,Johnson-Mckenzie INC,47044,2026-05-05,9438,3408.62,E-Enable B2C Experiences,Angela Cole,National
485-905-1145,3005776,LSA | Miller-Mason | Synthetic,160474,621786,Douglas PLC,6906,Douglas PLC INC,5400.51,2026-03-18,0,0,Grow Plug-And-Play Functionalities,Gina Sullivan,National
924-255-5564,6495900,LSA | Collins Group | Synthetic,658807,802779,Lopez and Sons,9980,Lopez and Sons INC,52886.38,2026-04-16,4412.33,63726.94,Integrate 24/7 Channels,Anthony Duran,National
699-229-2012,5586471,LSA | Christensen LLC | Synthetic,922019,197462,Murillo PLC,1632,Murillo PLC INC,51087.77,2024-11-21,0,0,E-Enable B2C Experiences,Angela Cole,National
924-255-5564,0743825,"LSA | Adams, Ellison and Hayes | Synthetic",250991,271674,Meyers-Anderson,2082,Meyers-Anderson INC,53158.24,2026-05-06,6847.52,61404.85,Re-Intermediate Extensible Schemas,Stephen Vargas,DirectLocal
924-255-5564,3274442,"LSA | Morales, Gutierrez and Montoya | Synthetic",843744,373517,Smith Group,4179,Smith Group INC,34643.65,2026-05-02,3968.33,62119.97,Maximize Transparent Metrics,Aaron Wilkinson,DummyG
699-229-2012,1934287,"LSA | Barnes, Robbins and Thomas | Synthetic",009813,041520,Beck-Robinson,8295,Beck-Robinson INC,10257.86,2026-02-28,0,0,E-Enable B2C Experiences,Angela Cole,National
924-255-5564,6724992,LSA | Watkins-Rodriguez | Synthetic,208914,917178,Cunningham-Allen,8295,Cunningham-Allen INC,7687.55,2026-04-30,10986.13,14112.58,E-Enable B2C Experiences,Angela Cole,National
699-229-2012,6236635,LSA | Stanley-Glover | Synthetic,468498,259941,Parker-Owens,8160,Parker-Owens INC,23502.82,2024-07-03,0,0,Redefine Ubiquitous Portals,Robert Diaz,DirectLocal
924-255-5564,1587326,LSA | Jones Group | Synthetic,106228,614757,Powell-Patterson,7819,Powell-Patterson INC,22236.04,2026-04-24,4368.79,22400.42,Revolutionize B2C Platforms,Jason Drake,National
924-255-5564,2456065,"LSA | Walter, Bowman and Henry | Synthetic",980621,909878,Hill Group,9588,Hill Group INC,33918.12,2026-05-03,4484.4,23763.92,Reinvent One-To-One Roi,Gina Sullivan,National
699-229-2012,8368422,"LSA | Nichols, Jones and Roberts | Synthetic",294044,175877,Hudson-Swanson,1192,Hudson-Swanson INC,1378.28,2026-03-24,2834,68710.11,E-Enable B2C Experiences,Angela Cole,National
801-048-2685,1662148,"LSA | Matthews, Foster and Adams | Synthetic",842242,042324,"Anderson, Summers and Jones",0746,"Anderson, Summers and Jones INC",14348.21,2026-05-07,3552.88,24975.94,Re-Contextualize Dot-Com Deliverables,Angela Cole,National
924-255-5564,2611355,LSA | Swanson-Jones | Synthetic,306373,185177,"Ryan, Johnson and Austin",9588,"Ryan, Johnson and Austin INC",21743.9,2026-05-04,8471.24,46525.14,E-Enable B2C Experiences,Angela Cole,National
699-229-2012,0640868,"LSA | Escobar, Williams and Jackson | Synthetic",898840,362540,"Lawson, Robinson and Gomez",9498,"Lawson, Robinson and Gomez INC",26717.79,2025-04-22,0,0,Architect Value-Added Applications,Troy Freeman,DirectLocal
699-229-2012,2559822,LSA | Wallace-Dean | Synthetic,942599,126544,Hudson-Nelson,5673,Hudson-Nelson INC,49084.87,2024-07-26,0,0,Empower Global Relationships,Lynn Houston,National
924-255-5564,4648388,LSA | Walker Inc | Synthetic,077080,966450,"Hill, Sullivan and Griffin",1192,"Hill, Sullivan and Griffin INC",21842.35,2026-05-02,545.41,15515.83,E-Enable B2C Experiences,Angela Cole,National
699-229-2012,3581520,"LSA | Smith, Jensen and Hanson | Synthetic",608407,432209,"Parker, Garcia and Harrison",3419,"Parker, Garcia and Harrison INC",17769.94,2026-02-04,10987.59,39037.27,Mesh E-Business E-Markets,Melissa Bryant,DummyG
485-905-1145,0125755,"LSA | Rose, Glover and Stout | Synthetic",737876,005181,Smith Ltd,1192,Smith Ltd INC,41473.68,2026-04-11,1574.81,25061.02,Revolutionize B2C Platforms,Jason Drake,National
485-905-1145,7891838,"LSA | Cohen, Bishop and Castillo | Synthetic",896100,890206,Chapman-Hall,9588,Chapman-Hall INC,30914.62,2026-05-06,0,0,E-Enable B2C Experiences,Angela Cole,National
485-905-1145,8465818,"LSA | Edwards, Sandoval and Tran | Synthetic",769573,496176,Calderon LLC,7819,Calderon LLC INC,50017.18,2026-04-14,8610.37,33737.81,E-Enable B2C Experiences,Angela Cole,National
924-255-5564,4206473,LSA | Snow-Mccarthy | Synthetic,361296,221406,"Wolf, Parker and Sanchez",6385,"Wolf, Parker and Sanchez INC",59658.04,2026-05-01,12828.15,20364.92,Empower Global Relationships,Lynn Houston,National
924-255-5564,4564468,"LSA | Brady, Mcneil and Alvarado | Synthetic",440120,973095,Ramirez Inc,9932,Ramirez Inc INC,32526.17,2026-05-02,12406.27,16594.43,Revolutionize B2C Platforms,Jason Drake,National
485-905-1145,5288643,"LSA | Palmer, Monroe and Tate | Synthetic",154479,248422,Valenzuela-Holt,3698,Valenzuela-Holt INC,32814.21,2026-03-15,0,0,Grow Plug-And-Play Functionalities,Gina Sullivan,National
924-255-5564,2276080,"LSA | Cervantes, Garrett and George | Synthetic",228612,844925,Wilson-Stewart,3698,Wilson-Stewart INC,8745.44,2026-05-01,12753.34,28293.15,Revolutionize B2C Platforms,Jason Drake,National
924-255-5564,6156258,"LSA | Sandoval, Williams and Jackson | Synthetic",577919,243625,"Lindsey, Mejia and Williams",3925,"Lindsey, Mejia and Williams INC",45894.62,2026-04-18,1885.63,54303.43,Monetize Robust Platforms,Zachary Bowman,DummyG
485-905-1145,6198867,"LSA | Rogers, Krause and Neal | Synthetic",582372,268710,Reynolds-Smith,9932,Reynolds-Smith INC,30084.45,2026-04-13,1378.65,13932.39,Revolutionize B2C Platforms,Jason Drake,National
924-255-5564,7324208,LSA | Juarez Group | Synthetic,437397,999011,"Mcdaniel, Hernandez and Cannon",3698,"Mcdaniel, Hernandez and Cannon INC",24994.28,2026-04-23,4062.31,36161.09,Grow Plug-And-Play Functionalities,Gina Sullivan,National
924-255-5564,0897656,LSA | Lee Ltd | Synthetic,708594,687949,Cook Group,9980,Cook Group INC,3850.15,2026-04-28,2261.22,8632.75,Integrate 24/7 Channels,Anthony Duran,National
485-905-1145,1492735,LSA | Beard-Bell | Synthetic,262759,771890,Powers and Sons,9980,Powers and Sons INC,39121.71,2026-04-07,5806.86,39489.52,Integrate 24/7 Channels,Anthony Duran,National
699-229-2012,4248857,LSA | Potter-Walters | Synthetic,784346,933252,Malone-Green,5673,Malone-Green INC,37855.4,2026-01-03,6034.24,28405.22,Empower Global Relationships,Lynn Houston,National
699-229-2012,9513065,LSA | Vance PLC | Synthetic,203735,443788,"Jones, Allen and Sanders",7819,"Jones, Allen and Sanders INC",6471.89,2026-02-06,233.07,63160.96,Reinvent One-To-One Roi,Gina Sullivan,National
699-229-2012,6762641,LSA | Kirby-Reyes | Synthetic,769413,793070,Warren-Myers,6130,Warren-Myers INC,6646.84,2024-12-30,726.47,43422.77,Revolutionize B2C Platforms,Jason Drake,National
485-905-1145,2587764,"LSA | Brown, Peck and Singleton | Synthetic",270845,486946,Anderson LLC,9980,Anderson LLC INC,51595.47,2026-04-10,3987.19,71610.67,Integrate 24/7 Channels,Anthony Duran,National
485-905-1145,6461827,LSA | Williams PLC | Synthetic,697451,539299,"Ross, Herman and Patton",9980,"Ross, Herman and Patton INC",732.31,2026-04-09,3737.57,69086.6,Integrate 24/7 Channels,Anthony Duran,National
485-905-1145,6128363,LSA | Mitchell Inc | Synthetic,461645,283228,Carson-Montgomery,9365,Carson-Montgomery INC,43649.82,2026-03-24,5398.7,1266.17,Grow Plug-And-Play Functionalities,Gina Sullivan,National
699-229-2012,2982989,"LSA | Nelson, Wells and Wagner | Synthetic",820154,893966,Hoffman-Murphy,9365,Hoffman-Murphy INC,24413.04,2026-04-23,7766.8,64751.24,Grow Plug-And-Play Functionalities,Gina Sullivan,National
699-229-2012,9796162,"LSA | Lewis, Hernandez and Ross | Synthetic",388422,411216,"Andrews, Meyer and Lopez",4206,"Andrews, Meyer and Lopez INC",50793.93,2025-02-11,0,0,E-Enable B2C Experiences,Angela Cole,National
924-255-5564,3867753,LSA | Acevedo LLC | Synthetic,303830,686543,Watson-Miller,3698,Watson-Miller INC,2617.6,2026-05-01,8683.26,70664.61,Grow Plug-And-Play Functionalities,Gina Sullivan,National
924-255-5564,3667281,"LSA | Perez, Horn and Navarro | Synthetic",940322,691689,"Peterson, Armstrong and King",9588,"Peterson, Armstrong and King INC",23878.39,2026-05-01,8533.09,63890.62,E-Enable B2C Experiences,Angela Cole,National
924-255-5564,0249767,LSA | Lee PLC | Synthetic,246003,438990,Hayes-Fletcher,3102,Hayes-Fletcher INC,14953.85,2026-05-05,12876.36,51540.58,E-Enable B2C Experiences,Angela Cole,National
801-048-2685,0838262,LSA | Rivera-Lawson | Synthetic,222228,551471,Ramos and Sons,6938,Ramos and Sons INC,33116.66,2026-05-06,13279.17,22494.29,Empower Impactful Infrastructures,Robert Diaz,DirectLocal
924-255-5564,5334154,LSA | Figueroa Inc | Synthetic,631507,351282,"Mccoy, Rios and Chase",9588,"Mccoy, Rios and Chase INC",16567.19,2026-04-27,0,10646.8,Revolutionize B2C Platforms,Jason Drake,National
801-048-2685,9413283,LSA | Soto-Woods | Synthetic,241222,316704,Perez PLC,9226,Perez PLC INC,21870.66,2026-05-06,5046.78,23376.52,Enable Back-End Architectures,Wendy Lowe,GateHouse
485-905-1145,7735806,LSA | Soto-Woods | Synthetic,241222,316704,Kennedy Ltd,9226,Kennedy Ltd INC,1297.44,2026-04-13,9767.58,40852.65,Enable Back-End Architectures,Wendy Lowe,GateHouse
924-255-5564,0368789,LSA | Soto-Woods | Synthetic,241222,316704,"Scott, Bryant and Johnson",9226,"Scott, Bryant and Johnson INC",24242.38,2026-04-17,13514.51,27662.99,Enable Back-End Architectures,Wendy Lowe,GateHouse
699-229-2012,1666355,LSA | Peterson PLC | Synthetic,436427,437245,Lozano-Moore,9365,Lozano-Moore INC,51594.35,2025-02-11,11070.77,2056.44,E-Enable B2C Experiences,Angela Cole,National
801-048-2685,7201147,LSA | Summers-Anderson | Synthetic,202198,868559,Gomez-Barker,3698,Gomez-Barker INC,37922.15,2026-05-07,3286.14,25485.81,Grow Plug-And-Play Functionalities,Gina Sullivan,National
924-255-5564,2806431,"LSA | Villanueva, Griffin and Lopez | Synthetic",103183,563102,"Wood, Newton and Roberts",9980,"Wood, Newton and Roberts INC",3675.68,2026-04-20,4507.35,26203.99,Integrate 24/7 Channels,Anthony Duran,National
924-255-5564,1038763,LSA | Blackwell-Jackson | Synthetic,292661,803693,Mccann LLC,9588,Mccann LLC INC,29296.54,2026-04-28,7878.72,21666.6,E-Enable B2C Experiences,Angela Cole,National
924-255-5564,3118194,"LSA | Weaver, Moss and Johnson | Synthetic",447147,273331,Wilson Group,4179,Wilson Group INC,49652.66,2026-04-23,8352.22,9892.26,Synthesize B2B Schemas,Timothy Rogers,DummyG
924-255-5564,5040355,LSA | Schaefer Group | Synthetic,241099,828645,Hall-Cook,4738,Hall-Cook INC,30414.3,2026-05-02,10674.5,43840.59,Maximize Transparent Metrics,Aaron Wilkinson,DummyG
699-229-2012,3383611,LSA | Schaefer Group | Synthetic,241099,828645,Morton-Thompson,4738,Morton-Thompson INC,17365.83,2026-04-02,570.77,67805.52,Maximize Transparent Metrics,Aaron Wilkinson,DummyG
924-255-5564,7375607,LSA | Martin-Anderson | Synthetic,347993,649831,"Watkins, Christensen and Nelson",9588,"Watkins, Christensen and Nelson INC",26354.65,2026-04-14,0,59021.03,Reinvent One-To-One Roi,Gina Sullivan,National
924-255-5564,7874354,"LSA | Parker, Thompson and Jimenez | Synthetic",211495,839922,Byrd and Sons,9980,Byrd and Sons INC,10544.51,2026-05-05,1580.15,33740.44,Integrate 24/7 Channels,Anthony Duran,National
699-229-2012,5769403,LSA | Guzman-Noble | Synthetic,229225,904639,Strickland Ltd,1479,Strickland Ltd INC,27432.74,2025-02-17,0,0,Redefine Ubiquitous Portals,Robert Diaz,DirectLocal
699-229-2012,7051926,"LSA | Williams, Rogers and Thomas | Synthetic",501311,319470,"Myers, Sherman and Cole",1479,"Myers, Sherman and Cole INC",54905.97,2025-03-05,0,0,Redefine Ubiquitous Portals,Robert Diaz,DirectLocal
485-905-1145,2924597,"LSA | Blake, Torres and Richardson | Synthetic",766138,922893,"Compton, White and Johnson",4744,"Compton, White and Johnson INC",51711.22,2026-04-09,11692.76,35769.94,E-Enable B2C Experiences,Angela Cole,National
924-255-5564,4926255,"LSA | Riddle, Patrick and Torres | Synthetic",093866,687695,"Francis, Strickland and Carroll",3487,"Francis, Strickland and Carroll INC",37015.25,2026-04-21,952.56,24475.81,Benchmark Front-End Functionalities,Wendy Lowe,DirectLocal
924-255-5564,6864688,LSA | Calhoun-Henderson | Synthetic,420672,771030,"Green, Hernandez and Norman",7819,"Green, Hernandez and Norman INC",37466.96,2026-04-30,4842.74,39556.59,Reinvent One-To-One Roi,Gina Sullivan,National
924-255-5564,2768505,"LSA | Riddle, Patrick and Torres | Synthetic",093866,687695,Prince LLC,3487,Prince LLC INC,6026.17,2026-04-26,4194.82,66156.95,Benchmark Front-End Functionalities,Wendy Lowe,DirectLocal
485-905-1145,6481733,LSA | Freeman LLC | Synthetic,993467,940310,"Guerra, Hart and Gonzalez",4279,"Guerra, Hart and Gonzalez INC",31138.89,2026-04-10,2128.99,42575.67,Cultivate Visionary Architectures,Alejandro Davis,DirectLocal
699-229-2012,0300113,LSA | Silva-Smith | Synthetic,969079,016677,Jones and Sons,9588,Jones and Sons INC,4719.41,2025-03-20,0,0,E-Enable B2C Experiences,Angela Cole,National
924-255-5564,8614293,LSA | Chang-Nguyen | Synthetic,115733,597698,Rogers-Hull,9932,Rogers-Hull INC,29797.67,2026-04-28,7789.02,10064.42,Grow Plug-And-Play Functionalities,Gina Sullivan,National
699-229-2012,9968893,LSA | Thomas and Sons | Synthetic,188936,985711,"Williams, Preston and Marquez",6938,"Williams, Preston and Marquez INC",36778.39,2025-04-11,0,0,Empower Impactful Infrastructures,Robert Diaz,DirectLocal
485-905-1145,3387893,LSA | Brown Group | Synthetic,510613,801244,Williams-Jones,7986,Williams-Jones INC,58633.14,2026-04-05,2149.37,8955.56,Cultivate Mission-Critical Channels,Robert Diaz,DirectLocal
699-229-2012,9532441,"LSA | Hernandez, Brady and Rivera | Synthetic",359175,958782,Berry-Frey,9365,Berry-Frey INC,48978.02,2025-12-13,8161.22,22649.66,Grow Plug-And-Play Functionalities,Gina Sullivan,National
699-229-2012,7319955,LSA | Bonilla and Sons | Synthetic,931185,911862,Gibson-Walker,3429,Gibson-Walker INC,57078.98,2026-03-21,5388.02,4610.77,Integrate Value-Added Architectures,Heather Jones,DummyG
924-255-5564,6343196,LSA | Hodges-Holden | Synthetic,166454,727679,Larson-Dickerson,5673,Larson-Dickerson INC,610.11,2026-04-21,5700.88,60947.95,Empower Global Relationships,Lynn Houston,National
924-255-5564,6940948,LSA | Hodges-Holden | Synthetic,166454,727679,Moss Group,5673,Moss Group INC,11445.2,2026-05-05,5994.66,57718.14,Empower Global Relationships,Lynn Houston,National
699-229-2012,7963847,LSA | Martinez-Morris | Synthetic,401571,216030,Hines and Sons,9365,Hines and Sons INC,35950.64,2026-03-24,11115.85,61649.4,Revolutionize B2C Platforms,Jason Drake,National
699-229-2012,8467855,LSA | Arellano-Vaughan | Synthetic,042405,335487,Griffith-Garcia,9980,Griffith-Garcia INC,37615.85,2026-02-17,0,0,Integrate 24/7 Channels,Anthony Duran,National
485-905-1145,9149029,LSA | Rivera Inc | Synthetic,397259,286195,Johnson Inc,8295,Johnson Inc INC,31662.28,2026-04-02,2695.75,15352.11,E-Enable B2C Experiences,Angela Cole,National
699-229-2012,9256163,LSA | Ferrell-Wright | Synthetic,405947,570928,"Mosley, Russo and Fernandez",5673,"Mosley, Russo and Fernandez INC",39026.8,2025-12-14,12160.56,4927.2,Empower Global Relationships,Lynn Houston,National
801-048-2685,5856831,LSA | Simmons Group | Synthetic,399170,583494,"Hoffman, Park and Rios",8295,"Hoffman, Park and Rios INC",41376.3,2026-05-05,355.72,54746.66,E-Enable B2C Experiences,Angela Cole,National
801-048-2685,0972857,"LSA | Miller, Davis and Wallace | Synthetic",267040,432314,Newton-Flores,9588,Newton-Flores INC,18440.89,2026-05-06,13297.63,26099.44,E-Enable B2C Experiences,Angela Cole,National
801-048-2685,7057772,LSA | Robinson and Sons | Synthetic,239864,199556,Sanchez-Walters,9588,Sanchez-Walters INC,50666,2026-05-07,7902.47,42214.54,Re-Contextualize Dot-Com Deliverables,Angela Cole,National
801-048-2685,4345910,"LSA | Oneill, Parker and Jones | Synthetic",454554,726855,Saunders LLC,9932,Saunders LLC INC,33380.79,2026-05-05,3848.63,57559.08,Grow Plug-And-Play Functionalities,Gina Sullivan,National
699-229-2012,3083975,LSA | Weaver-Bryant | Synthetic,586091,754774,Shaw-Pratt,4279,Shaw-Pratt INC,46157.72,2026-03-12,0,60860.45,Streamline B2B Applications,Robert Diaz,DirectLocal
924-255-5564,3304189,LSA | Jones-Meza | Synthetic,594959,783433,Pena Ltd,8295,Pena Ltd INC,30108.3,2026-04-30,2333.39,20307.71,Grow Plug-And-Play Functionalities,Gina Sullivan,National
924-255-5564,4161587,"LSA | Elliott, Martinez and Guerrero | Synthetic",594124,992565,"Mendoza, Houston and Smith",5673,"Mendoza, Houston and Smith INC",56476.28,2026-04-21,8430.74,51390.36,Empower Global Relationships,Lynn Houston,National
924-255-5564,5653597,LSA | Drake and Sons | Synthetic,283000,496512,"Alexander, Thornton and Turner",5673,"Alexander, Thornton and Turner INC",21894.46,2026-05-01,3196.31,59302.33,Empower Global Relationships,Lynn Houston,National
699-229-2012,8327658,LSA | Drake and Sons | Synthetic,283000,496512,Garcia and Sons,5673,Garcia and Sons INC,31515.65,2026-01-06,8585.91,3726.77,Empower Global Relationships,Lynn Houston,National
924-255-5564,8046223,LSA | Lee-Williams | Synthetic,824842,993772,"Bennett, Morgan and Tyler",5673,"Bennett, Morgan and Tyler INC",31616.6,2026-05-01,5214.52,19278.1,Empower Global Relationships,Lynn Houston,National
924-255-5564,2752985,"LSA | Jones, Stark and Smith | Synthetic",089371,240535,Martin-Cervantes,5673,Martin-Cervantes INC,45363.17,2026-05-07,12060.12,4136.59,Empower Global Relationships,Lynn Houston,National
924-255-5564,8836333,LSA | Jones-Gordon | Synthetic,381844,376311,Patrick-Terrell,5673,Patrick-Terrell INC,53402.58,2026-04-17,5.84,59547.2,Empower Global Relationships,Lynn Houston,National
924-255-5564,3161830,LSA | Schmidt PLC | Synthetic,344475,730872,"Pugh, Williams and David",5673,"Pugh, Williams and David INC",43536.35,2026-05-01,12379.47,9480.18,Empower Global Relationships,Lynn Houston,National
485-905-1145,6188617,LSA | Wilson-Garcia | Synthetic,900595,472411,Valenzuela-Holt,5673,Valenzuela-Holt INC,5972.09,2026-03-31,7940.23,21794.27,Empower Global Relationships,Lynn Houston,National
485-905-1145,3664447,LSA | Andrade-Swanson | Synthetic,572890,926027,"Rodriguez, Martinez and Butler",5673,"Rodriguez, Martinez and Butler INC",43622.76,2026-03-13,12191.19,44655.45,Empower Global Relationships,Lynn Houston,National
699-229-2012,9658388,LSA | Miller-Moore | Synthetic,154538,578773,Conner-Williams,5673,Conner-Williams INC,33119.56,2025-11-28,6073.2,55372.41,Empower Global Relationships,Lynn Houston,National
699-229-2012,1982003,"LSA | Carter, Williams and Myers | Synthetic",507376,587601,Brown-Lewis,5673,Brown-Lewis INC,55479.99,2026-03-24,6838.66,25005.67,Empower Global Relationships,Lynn Houston,National
699-229-2012,1739656,LSA | Chen Ltd | Synthetic,129787,149209,Hernandez-Brown,5673,Hernandez-Brown INC,518.56,2025-06-04,0,12011.1,Empower Global Relationships,Lynn Houston,National
924-255-5564,0522424,"LSA | Jones, Stark and Smith | Synthetic",089371,240535,Chapman PLC,5673,Chapman PLC INC,54140.61,2026-05-01,4842.31,47206.52,Empower Global Relationships,Lynn Houston,National
699-229-2012,1540000,"LSA | Jones, Stark and Smith | Synthetic",089371,240535,Gonzalez PLC,5673,Gonzalez PLC INC,47595.02,2026-03-21,10711.21,53474.99,Empower Global Relationships,Lynn Houston,National
485-905-1145,0413949,LSA | Schmidt PLC | Synthetic,344475,730872,Poole-Andrade,5673,Poole-Andrade INC,15060.64,2026-04-04,13115.78,66081.53,Empower Global Relationships,Lynn Houston,National
924-255-5564,1582407,LSA | Price-Ryan | Synthetic,119382,365392,Scott-Ryan,5673,Scott-Ryan INC,43015.4,2026-04-30,7504.86,6998.65,Empower Global Relationships,Lynn Houston,National
699-229-2012,0118278,LSA | Price-Ryan | Synthetic,119382,365392,Durham-Reynolds,5673,Durham-Reynolds INC,35553.86,2026-03-21,5845.59,5346.28,Empower Global Relationships,Lynn Houston,National
924-255-5564,3186073,LSA | Baker-Webb | Synthetic,247147,117609,Smith-Harvey,9980,Smith-Harvey INC,32081.56,2026-04-21,12687.17,68431.5,Integrate 24/7 Channels,Anthony Duran,National
485-905-1145,1411616,LSA | Chase PLC | Synthetic,113558,487323,"Gates, Romero and Raymond",1400,"Gates, Romero and Raymond INC",39325.3,2026-04-18,1702.31,13385.3,Maximize User-Centric Solutions,Anthony Duran,National
924-255-5564,5198025,LSA | Richardson LLC | Synthetic,712209,056522,"Phillips, Simpson and Todd",9588,"Phillips, Simpson and Todd INC",25850.7,2026-05-03,356.96,4143.19,Re-Contextualize Dot-Com Deliverables,Angela Cole,National
485-905-1145,2273763,"LSA | Foster, Schneider and Flores | Synthetic",197172,523222,Rodriguez-Smith,7636,Rodriguez-Smith INC,23520.52,2026-04-15,4471.43,5354.93,Envisioneer Bricks-And-Clicks Niches,Robert Diaz,DirectLocal
699-229-2012,2664798,LSA | Martinez Ltd | Synthetic,539870,165094,Wright-Bell,3081,Wright-Bell INC,24510.34,2025-11-27,0,0,Disintermediate Efficient Partnerships,Carla Johnson,DirectLocal
801-048-2685,8569745,LSA | Patel Group | Synthetic,574380,963626,Brown-Nguyen,8295,Brown-Nguyen INC,13101.85,2026-05-05,4714.45,20041.43,Grow Plug-And-Play Functionalities,Gina Sullivan,National
485-905-1145,6335091,LSA | Buchanan-Yang | Synthetic,002776,091647,Moss-Flynn,9365,Moss-Flynn INC,49394.88,2026-04-24,0,68500.2,Grow Plug-And-Play Functionalities,Gina Sullivan,National
485-905-1145,8168180,LSA | Wilson-Garcia | Synthetic,900595,472411,Larsen LLC,5673,Larsen LLC INC,22207.88,2026-04-14,12314.64,8470.86,Empower Global Relationships,Lynn Houston,National
485-905-1145,6970276,LSA | Lee-Williams | Synthetic,824842,993772,Fisher Group,5673,Fisher Group INC,12941.05,2026-04-07,2368.19,65004.69,Empower Global Relationships,Lynn Houston,National
699-229-2012,1090209,LSA | Chen Ltd | Synthetic,129787,149209,Spencer-Moreno,5673,Spencer-Moreno INC,44843.31,2026-01-07,0,0,Empower Global Relationships,Lynn Houston,National
699-229-2012,9550943,LSA | Perez-Wilson | Synthetic,416742,508993,"Shields, Gomez and Harris",3698,"Shields, Gomez and Harris INC",50131.5,2025-10-01,0,0,Grow Plug-And-Play Functionalities,Gina Sullivan,National
924-255-5564,8184634,LSA | Carter-Carter | Synthetic,476769,789680,"Morrow, Pennington and Hoffman",9365,"Morrow, Pennington and Hoffman INC",48794.07,2026-04-23,0,2250,E-Enable B2C Experiences,Angela Cole,National
699-229-2012,0683655,LSA | Reeves-Mcknight | Synthetic,255304,015932,"Livingston, Anderson and Shannon",9365,"Livingston, Anderson and Shannon INC",39762.79,2025-07-22,0,0,Revolutionize B2C Platforms,Jason Drake,National
699-229-2012,2994155,LSA | Schmidt-Fox | Synthetic,029448,138174,Johnson Inc,0746,Johnson Inc INC,39112.89,2025-06-25,0,0,Re-Contextualize Dot-Com Deliverables,Angela Cole,National
699-229-2012,7644524,"LSA | Sanders, Werner and Salazar | Synthetic",665371,737155,"Flowers, Barnes and Rivas",9932,"Flowers, Barnes and Rivas INC",838.17,2026-03-12,0,33138.52,Grow Plug-And-Play Functionalities,Gina Sullivan,National
485-905-1145,5358079,LSA | Lowe-Wright | Synthetic,684946,654346,"Fritz, Leach and Anderson",6249,"Fritz, Leach and Anderson INC",28295.96,2026-04-09,4994.58,68239.12,Embrace Cross-Platform Eyeballs,Stephen Vargas,DirectLocal
699-229-2012,0560834,"LSA | Smith, Vasquez and Evans | Synthetic",803123,951935,Jacobson PLC,9588,Jacobson PLC INC,49478.72,2026-03-24,0,0,Revolutionize B2C Platforms,Jason Drake,National
699-229-2012,8774152,"LSA | Sullivan, Hayes and Russell | Synthetic",576849,060971,"Kelley, Dean and Powell",7819,"Kelley, Dean and Powell INC",2540.73,2025-10-07,2180.17,4949.61,Reinvent One-To-One Roi,Gina Sullivan,National
485-905-1145,0084675,LSA | Gould-Williams | Synthetic,221515,316838,Hunt and Sons,4355,Hunt and Sons INC,34215.04,2026-04-12,0,4302.9,Implement 24/7 Vortals,Peggy Patrick,GateHouse
485-905-1145,6006952,"LSA | Foster, Torres and Foster | Synthetic",813270,231888,"Gray, Morgan and Phelps",8295,"Gray, Morgan and Phelps INC",2664.14,2026-04-06,0,0,Grow Plug-And-Play Functionalities,Gina Sullivan,National
924-255-5564,7888958,"LSA | Hughes, Henderson and Little | Synthetic",119194,012349,Rose-Tran,1192,Rose-Tran INC,11743.59,2026-04-28,1782.58,42572.19,E-Enable B2C Experiences,Angela Cole,National
801-048-2685,8953837,LSA | Gentry Inc | Synthetic,836108,582484,Chavez-Carr,2539,Chavez-Carr INC,35820.37,2026-05-07,11994.25,58601.74,E-Enable B2C Experiences,Angela Cole,National
485-905-1145,8474651,"LSA | Castillo, Ball and Valdez | Synthetic",740688,939267,Evans-Reed,9588,Evans-Reed INC,54926.65,2026-03-24,0,70080.06,Re-Contextualize Dot-Com Deliverables,Angela Cole,National
699-229-2012,2923790,"LSA | Moreno, Ellis and Anderson | Synthetic",422419,052774,"Mata, Jones and Barber",9475,"Mata, Jones and Barber INC",58145.58,2025-07-08,0,0,Synthesize Innovative Partnerships,Amanda Garcia,DummyG
924-255-5564,2161827,LSA | King and Sons | Synthetic,638326,688059,"Jones, Gutierrez and Rodriguez",9588,"Jones, Gutierrez and Rodriguez INC",17027.77,2026-04-27,11715.82,45174.82,Revolutionize B2C Platforms,Jason Drake,National
801-048-2685,6576293,"LSA | Russell, Whitaker and Hill | Synthetic",356393,310835,"Hughes, Blair and Gates",4744,"Hughes, Blair and Gates INC",48895.77,2026-05-07,3165.4,53334.76,Re-Contextualize Dot-Com Deliverables,Angela Cole,National
924-255-5564,0445132,"LSA | Castaneda, Brown and Taylor | Synthetic",446372,104551,Robinson-Stuart,9588,Robinson-Stuart INC,44274.72,2026-05-04,7392.66,4740.03,Re-Contextualize Dot-Com Deliverables,Angela Cole,National
801-048-2685,3147158,"LSA | Miller, Blackburn and Taylor | Synthetic",893795,117515,Bell and Sons,9980,Bell and Sons INC,31265.59,2026-05-07,0,71017.16,Integrate 24/7 Channels,Anthony Duran,National
801-048-2685,8095112,"LSA | Payne, Raymond and Davis | Synthetic",921951,702707,Clarke PLC,9142,Clarke PLC INC,42310.85,2026-05-06,10174.99,58602.67,Drive Enterprise Solutions,Molly Johns,DirectLocal
699-229-2012,1026794,LSA | Moon Group | Synthetic,984541,723790,"Martinez, Davis and Hale",0746,"Martinez, Davis and Hale INC",18367.85,2025-08-18,0,0,Re-Contextualize Dot-Com Deliverables,Angela Cole,National
924-255-5564,5606438,"LSA | Brown, Williams and Mcdowell | Synthetic",688493,754559,"Roberts, Robinson and Carey",3698,"Roberts, Robinson and Carey INC",38646.98,2026-04-23,2757.89,31148.12,Grow Plug-And-Play Functionalities,Gina Sullivan,National
485-905-1145,8191064,LSA | Koch-Clark | Synthetic,669273,565037,Jackson LLC,8295,Jackson LLC INC,54916.32,2026-04-15,9773.74,825.82,Grow Plug-And-Play Functionalities,Gina Sullivan,National
699-229-2012,5998522,LSA | Powell Inc | Synthetic,867991,170930,"Barnes, Carpenter and Figueroa",7501,"Barnes, Carpenter and Figueroa INC",6562.18,2026-03-11,9007.59,6352.83,Engineer Granular Models,Timothy Rogers,DummyG
699-229-2012,4337768,LSA | Pace-Massey | Synthetic,621651,479372,Elliott and Sons,6385,Elliott and Sons INC,22544.19,2026-01-05,726.29,28474.35,Empower Global Relationships,Lynn Houston,National
485-905-1145,5362134,LSA | Pace-Massey | Synthetic,621651,479372,"Matthews, Brown and Montgomery",6385,"Matthews, Brown and Montgomery INC",26881.46,2026-03-31,8331.81,63277.89,Empower Global Relationships,Lynn Houston,National
699-229-2012,8792970,LSA | Jones-Ford | Synthetic,098047,565447,"Evans, Wilson and Jones",4798,"Evans, Wilson and Jones INC",42584.22,2026-01-31,13071.43,37780.18,Re-Contextualize Dot-Com Deliverables,Angela Cole,National
924-255-5564,3793125,LSA | Thompson PLC | Synthetic,498186,715987,"Roy, Willis and Scott",9980,"Roy, Willis and Scott INC",36868.82,2026-05-01,2282.99,65050.22,Integrate 24/7 Channels,Anthony Duran,National
801-048-2685,5270660,"LSA | Herman, Young and Bell | Synthetic",209400,764159,Collins-Callahan,4744,Collins-Callahan INC,43334.22,2026-05-05,13278.41,58458.17,E-Enable B2C Experiences,Angela Cole,National
924-255-5564,3907957,"LSA | Baker, Martinez and Palmer | Synthetic",055291,020265,Herring-Bailey,4744,Herring-Bailey INC,34160.82,2026-04-28,8429.32,49926.12,E-Enable B2C Experiences,Angela Cole,National
924-255-5564,9520563,"LSA | Parsons, Hess and White | Synthetic",066692,586198,Figueroa-Boyd,4744,Figueroa-Boyd INC,43113.55,2026-05-02,4265.7,56809.97,Re-Contextualize Dot-Com Deliverables,Angela Cole,National
924-255-5564,6783144,LSA | Harvey Group | Synthetic,607079,737839,Figueroa Inc,7819,Figueroa Inc INC,1263.21,2026-04-25,1883.97,33505.04,E-Enable B2C Experiences,Angela Cole,National
924-255-5564,0486887,"LSA | Butler, Smith and Evans | Synthetic",829645,817102,Stone Group,8160,Stone Group INC,34297.6,2026-04-22,7793.83,31756.95,Redefine Ubiquitous Portals,Robert Diaz,DirectLocal
924-255-5564,2323809,LSA | Jones LLC | Synthetic,840006,895627,Rivera Inc,5691,Rivera Inc INC,36273.37,2026-05-01,3431.66,2862.02,Extend Back-End Action-Items,Angela Cole,DirectLocal
485-905-1145,3900859,LSA | Schultz Ltd | Synthetic,220192,329015,Lyons-Parks,6938,Lyons-Parks INC,59125.87,2026-04-15,3748.31,63706.09,Empower Impactful Infrastructures,Robert Diaz,DirectLocal
924-255-5564,3039152,LSA | Schultz Ltd | Synthetic,220192,329015,Rojas and Sons,6938,Rojas and Sons INC,25694.14,2026-05-02,3063.12,62196.99,Empower Impactful Infrastructures,Robert Diaz,DirectLocal
924-255-5564,5819928,LSA | Simpson-Mathis | Synthetic,328146,212052,"Watkins, Miller and Smith",1192,"Watkins, Miller and Smith INC",37781.64,2026-04-23,8465.09,67475.7,Reinvent One-To-One Roi,Gina Sullivan,National
699-229-2012,5410200,LSA | Manning-Larson | Synthetic,835581,803040,Barrett-Stone,0746,Barrett-Stone INC,23080.04,2026-01-14,0,15699.15,Re-Contextualize Dot-Com Deliverables,Angela Cole,National
699-229-2012,3119333,LSA | West and Sons | Synthetic,630901,800623,Ross and Sons,7819,Ross and Sons INC,41999.35,2025-12-09,0,0,Reinvent One-To-One Roi,Gina Sullivan,National
924-255-5564,3732102,LSA | Harris LLC | Synthetic,715580,720180,Valenzuela-Davis,4744,Valenzuela-Davis INC,3962.09,2026-04-18,10451.61,1173.85,Re-Contextualize Dot-Com Deliverables,Angela Cole,National
485-905-1145,0030720,LSA | Baker-Lee | Synthetic,850957,703854,"Richards, Davis and James",8295,"Richards, Davis and James INC",26367.33,2026-03-20,0,0,E-Enable B2C Experiences,Angela Cole,National
485-905-1145,8512669,LSA | Williams-Delacruz | Synthetic,394996,022974,Smith LLC,9980,Smith LLC INC,32040.18,2026-04-10,12783.95,67787,Integrate 24/7 Channels,Anthony Duran,National
924-255-5564,0521471,LSA | Walker Ltd | Synthetic,313200,721358,"Leonard, Tucker and Davis",7636,"Leonard, Tucker and Davis INC",53349.92,2026-05-02,10288.85,57822.97,Envisioneer Bricks-And-Clicks Niches,Robert Diaz,DirectLocal
801-048-2685,1442570,"LSA | Clark, Smith and White | Synthetic",468311,773411,"Butler, Thompson and Thomas",8295,"Butler, Thompson and Thomas INC",16030.13,2026-05-04,7371.95,6002.25,E-Enable B2C Experiences,Angela Cole,National
485-905-1145,8962440,LSA | Johnson-Goodman | Synthetic,585213,842984,"Jones, Miller and Diaz",8295,"Jones, Miller and Diaz INC",44576.48,2026-04-13,0,31568.72,E-Enable B2C Experiences,Angela Cole,National
699-229-2012,1193015,LSA | Lopez-Morgan | Synthetic,886868,196110,Thomas-Harris,9980,Thomas-Harris INC,18298.42,2026-05-05,7498.74,63804.56,Integrate 24/7 Channels,Anthony Duran,National
801-048-2685,9544947,"LSA | Kelly, Charles and Randolph | Synthetic",053171,114845,"Chang, Gardner and Davis",9980,"Chang, Gardner and Davis INC",24557.12,2026-05-07,9298.93,34331.79,Integrate 24/7 Channels,Anthony Duran,National
699-229-2012,2876004,LSA | Fleming and Sons | Synthetic,632190,817568,Meyer-Hogan,3698,Meyer-Hogan INC,34680.22,2026-02-17,0,0,Grow Plug-And-Play Functionalities,Gina Sullivan,National
924-255-5564,3296048,LSA | Peterson-Johnson | Synthetic,146172,800928,Gutierrez Inc,9932,Gutierrez Inc INC,41654.71,2026-04-29,0.97,6400.85,Grow Plug-And-Play Functionalities,Gina Sullivan,National
924-255-5564,6852760,LSA | Peterson-Johnson | Synthetic,146172,800928,Johnson and Sons,9932,Johnson and Sons INC,37976.9,2026-04-17,4836.08,20364.25,Grow Plug-And-Play Functionalities,Gina Sullivan,National
485-905-1145,7559014,"LSA | Lyons, Beltran and Johnson | Synthetic",812799,795796,Mendoza-Wade,8210,Mendoza-Wade INC,9346.62,2026-04-11,3756.39,46216.74,Drive Enterprise Solutions,Molly Johns,DirectLocal
924-255-5564,8452038,LSA | Odom Ltd | Synthetic,054911,916447,Williams-Higgins,1192,Williams-Higgins INC,40947.1,2026-04-16,38.05,17078.25,Reinvent One-To-One Roi,Gina Sullivan,National
924-255-5564,7380801,"LSA | Wolf, Dean and Sims | Synthetic",786242,411672,Martin-Cervantes,1192,Martin-Cervantes INC,27822.72,2026-05-01,7306.14,32777.34,E-Enable B2C Experiences,Angela Cole,National
699-229-2012,3290726,LSA | Wilkerson LLC | Synthetic,087157,697617,Lara-Welch,6249,Lara-Welch INC,25121.08,2026-01-16,0,0,Embrace Cross-Platform Eyeballs,Stephen Vargas,DirectLocal
699-229-2012,2032601,LSA | Stewart Ltd | Synthetic,983765,473262,Aguilar-Smith,6846,Aguilar-Smith INC,4207.23,2025-11-11,0,0,Reinvent One-To-One Roi,Gina Sullivan,National
699-229-2012,4942732,"LSA | Mendoza, Rodgers and Hunter | Synthetic",002307,571387,"Craig, Gonzales and Berry",6275,"Craig, Gonzales and Berry INC",31700.59,2025-12-10,0,0,Maximize User-Centric Solutions,Anthony Duran,National
801-048-2685,6872937,LSA | Spence-Harris | Synthetic,202103,093295,Riley-Allen,1192,Riley-Allen INC,9743.17,2026-05-07,5832.55,43362.38,Reinvent One-To-One Roi,Gina Sullivan,National
924-255-5564,1068967,LSA | Ayala-Medina | Synthetic,364069,647118,Adkins-Wood,7819,Adkins-Wood INC,18199.48,2026-04-15,929.85,15888.18,E-Enable B2C Experiences,Angela Cole,National
924-255-5564,0285761,"LSA | Gaines, Wiggins and Williams | Synthetic",285764,657786,Mcneil Ltd,3698,Mcneil Ltd INC,49354.19,2026-05-01,13424.45,71297.34,Grow Plug-And-Play Functionalities,Gina Sullivan,National
485-905-1145,0906143,LSA | Paul and Sons | Synthetic,148614,014464,Collins-Holland,6130,Collins-Holland INC,25063.04,2026-03-28,11664.1,37706.74,Revolutionize B2C Platforms,Jason Drake,National
699-229-2012,2823185,LSA | Phillips Inc | Synthetic,748953,298774,"Cole, York and Ferrell",1479,"Cole, York and Ferrell INC",54263.8,2026-03-10,0,56751.65,Redefine Ubiquitous Portals,Robert Diaz,DirectLocal
924-255-5564,7333371,LSA | Owens-Young | Synthetic,656034,988415,Davis Group,9365,Davis Group INC,31120.8,2026-05-07,12277.32,14156.99,Grow Plug-And-Play Functionalities,Gina Sullivan,National
699-229-2012,7750500,LSA | Francis-Graham | Synthetic,653797,461013,Jackson Ltd,6249,Jackson Ltd INC,35858.07,2026-04-23,0,0,Embrace Cross-Platform Eyeballs,Stephen Vargas,DirectLocal
699-229-2012,1760616,LSA | Reyes Inc | Synthetic,671208,658797,Huerta Group,0746,Huerta Group INC,8985.55,2026-01-09,0,0,Re-Contextualize Dot-Com Deliverables,Angela Cole,National
485-905-1145,9404888,LSA | Graham-Hernandez | Synthetic,582068,766771,"Spears, Leach and Smith",4744,"Spears, Leach and Smith INC",52869.24,2026-03-20,0,13864.62,E-Enable B2C Experiences,Angela Cole,National
485-905-1145,7444697,LSA | Cardenas-Boyle | Synthetic,902412,312997,"Smith, Davis and Marquez",7819,"Smith, Davis and Marquez INC",59955.34,2026-04-16,5065.77,24605.37,Reinvent One-To-One Roi,Gina Sullivan,National
924-255-5564,9653564,LSA | Baird and Sons | Synthetic,617541,771986,Rice Inc,9365,Rice Inc INC,32164.68,2026-05-03,6539.27,43484.77,Grow Plug-And-Play Functionalities,Gina Sullivan,National
699-229-2012,6111806,LSA | Cline-Johnston | Synthetic,579502,055451,Henry-James,6130,Henry-James INC,38842.28,2026-03-04,11895.25,49763.92,Revolutionize B2C Platforms,Jason Drake,National
699-229-2012,3903808,LSA | Garcia-Perez | Synthetic,218455,363210,Mathews PLC,7819,Mathews PLC INC,36163.51,2026-03-10,0,6943.68,Reinvent One-To-One Roi,Gina Sullivan,National
699-229-2012,5139872,LSA | Rivera-Castro | Synthetic,946972,992013,"Hernandez, Grimes and Kerr",7819,"Hernandez, Grimes and Kerr INC",33536.09,2026-03-10,3443.9,24813.82,Reinvent One-To-One Roi,Gina Sullivan,National
699-229-2012,0279257,LSA | Peck-Clark | Synthetic,315792,760531,Taylor PLC,7752,Taylor PLC INC,13455.75,2026-01-09,7035.88,13306.3,Maximize Transparent Metrics,Aaron Wilkinson,DummyG
485-905-1145,5756137,LSA | Mason Inc | Synthetic,644274,214185,Powell-Guzman,2539,Powell-Guzman INC,42165.71,2026-04-10,0,14678.06,E-Enable B2C Experiences,Angela Cole,National
924-255-5564,1180944,LSA | Hicks PLC | Synthetic,128074,573946,Cabrera Group,2539,Cabrera Group INC,48232.27,2026-05-02,3991.57,48412.1,E-Enable B2C Experiences,Angela Cole,National
699-229-2012,8862388,LSA | Cole-Wells | Synthetic,153958,263606,Adams-Rogers,9588,Adams-Rogers INC,28638.48,2026-03-11,0,0,Re-Contextualize Dot-Com Deliverables,Angela Cole,National
699-229-2012,9351318,LSA | Mccarthy Ltd | Synthetic,405652,511119,Martinez Inc,0348,Martinez Inc INC,6854.19,2026-03-11,0,0,Benchmark User-Centric Info-Mediaries,Joseph Davis,DirectLocal
699-229-2012,5749460,"LSA | Walker, Mata and Yates | Synthetic",855297,535038,"Brown, Mcdonald and Smith",1192,"Brown, Mcdonald and Smith INC",5711.52,2026-02-08,11402.48,70150.63,E-Enable B2C Experiences,Angela Cole,National
924-255-5564,2726264,LSA | Howell Inc | Synthetic,266380,590437,Kelly-Roy,8295,Kelly-Roy INC,10605.75,2026-04-23,702.86,770.38,E-Enable B2C Experiences,Angela Cole,National
801-048-2685,5633097,LSA | Hunter-Miller | Synthetic,885782,663601,Lopez-Vasquez,8295,Lopez-Vasquez INC,47911.17,2026-05-05,6932.31,57949.79,Grow Plug-And-Play Functionalities,Gina Sullivan,National
801-048-2685,8612462,LSA | Mosley-Nichols | Synthetic,298401,038263,Mueller-Brown,3698,Mueller-Brown INC,34647.75,2026-05-04,5.52,43332.52,Grow Plug-And-Play Functionalities,Gina Sullivan,National
924-255-5564,2187551,LSA | Brown-Andrews | Synthetic,661677,398709,Collins-Gilmore,8295,Collins-Gilmore INC,21342.39,2026-05-02,8913.93,49697.94,Revolutionize B2C Platforms,Jason Drake,National
801-048-2685,0727548,"LSA | Bennett, Parsons and Young | Synthetic",395149,475343,Perez PLC,8295,Perez PLC INC,23086.58,2026-05-06,12672.42,2247.56,Grow Plug-And-Play Functionalities,Gina Sullivan,National
801-048-2685,0865571,LSA | Tate LLC | Synthetic,791787,073542,Sanchez-Walters,4744,Sanchez-Walters INC,22901.49,2026-05-07,1582.94,12036.46,Re-Contextualize Dot-Com Deliverables,Angela Cole,National
485-905-1145,3184748,"LSA | Davis, Roberts and Torres | Synthetic",806354,965820,"Hernandez, Hernandez and Kramer",8295,"Hernandez, Hernandez and Kramer INC",9342.54,2026-04-07,9605.1,36685.35,E-Enable B2C Experiences,Angela Cole,National
801-048-2685,8590918,LSA | Valencia-Wilson | Synthetic,049473,669031,Santiago Inc,9365,Santiago Inc INC,14054.69,2026-05-07,8526.84,59708.7,Grow Plug-And-Play Functionalities,Gina Sullivan,National
699-229-2012,8089710,LSA | Dillon PLC | Synthetic,641591,096047,Barrett-Lyons,5673,Barrett-Lyons INC,35766.76,2026-01-29,0,0,Empower Global Relationships,Lynn Houston,National
924-255-5564,1164126,"LSA | Mitchell, Nelson and Thornton | Synthetic",745524,888746,Garrett-Strickland,8295,Garrett-Strickland INC,14674.12,2026-04-15,13303.03,4196.13,E-Enable B2C Experiences,Angela Cole,National
924-255-5564,0267807,LSA | Cox and Sons | Synthetic,990399,041658,"Garcia, Melton and Buckley",8295,"Garcia, Melton and Buckley INC",23620.72,2026-05-02,782.03,47349.42,E-Enable B2C Experiences,Angela Cole,National
801-048-2685,7681439,"LSA | Owens, Warren and Herrera | Synthetic",308844,854197,Stewart LLC,8295,Stewart LLC INC,25766.24,2026-05-06,13190.79,35507.61,Revolutionize B2C Platforms,Jason Drake,National
485-905-1145,3828369,LSA | Jones Group | Synthetic,420980,751068,Robinson LLC,8295,Robinson LLC INC,58198.45,2026-04-08,1927.64,61487.84,E-Enable B2C Experiences,Angela Cole,National
924-255-5564,1822632,LSA | Warren-Caldwell | Synthetic,978725,570816,"Bailey, Mckenzie and Martinez",8295,"Bailey, Mckenzie and Martinez INC",20650.2,2026-04-16,11191.93,54253.12,Grow Plug-And-Play Functionalities,Gina Sullivan,National
801-048-2685,3419928,"LSA | Malone, Silva and Kirby | Synthetic",275783,825699,Mcfarland-Smith,8295,Mcfarland-Smith INC,1908.16,2026-05-05,7622.2,31762.83,Grow Plug-And-Play Functionalities,Gina Sullivan,National
485-905-1145,3394017,LSA | Thompson-White | Synthetic,488147,664457,Rowe Group,8295,Rowe Group INC,7007.42,2026-04-16,5257.33,66435.28,Grow Plug-And-Play Functionalities,Gina Sullivan,National
699-229-2012,9714730,LSA | Smith Group | Synthetic,826686,470545,"Robinson, Silva and Cox",0746,"Robinson, Silva and Cox INC",5225.1,2026-02-23,0,46900.76,Re-Contextualize Dot-Com Deliverables,Angela Cole,National
485-905-1145,1905542,LSA | Rosario-Moore | Synthetic,041050,891513,Wall-Black,8295,Wall-Black INC,48563.65,2026-04-09,0,19659.53,Grow Plug-And-Play Functionalities,Gina Sullivan,National
924-255-5564,1709905,"LSA | Rivera, Foster and Berger | Synthetic",276431,619863,"Williams, Sandoval and Hill",8295,"Williams, Sandoval and Hill INC",15071.05,2026-04-28,1219.74,4216.69,Grow Plug-And-Play Functionalities,Gina Sullivan,National
924-255-5564,9887546,LSA | Dunlap Inc | Synthetic,600083,340404,"Hall, Ho and Allen",8295,"Hall, Ho and Allen INC",24447.46,2026-05-04,12939.23,64662.75,Grow Plug-And-Play Functionalities,Gina Sullivan,National
485-905-1145,0684346,LSA | Snyder-Welch | Synthetic,320878,051167,"Williams, Baker and Mcdonald",8295,"Williams, Baker and Mcdonald INC",21945.58,2026-04-14,5110.6,35883.09,E-Enable B2C Experiences,Angela Cole,National
924-255-5564,5559613,"LSA | Hobbs, Pugh and Perry | Synthetic",771596,866420,"Bauer, Watson and Campbell",8295,"Bauer, Watson and Campbell INC",4865.92,2026-05-04,1123.47,69507.96,Revolutionize B2C Platforms,Jason Drake,National
699-229-2012,5106433,LSA | Rhodes Inc | Synthetic,311861,944141,Deleon and Sons,9365,Deleon and Sons INC,18251.85,2026-03-05,0,0,Grow Plug-And-Play Functionalities,Gina Sullivan,National
924-255-5564,8971327,"LSA | Hall, Hogan and Duncan | Synthetic",183214,178522,Henry Inc,8295,Henry Inc INC,22222.34,2026-05-06,11286.98,15835.99,Grow Plug-And-Play Functionalities,Gina Sullivan,National
924-255-5564,6002170,LSA | Thomas and Sons | Synthetic,867512,292378,"Martin, Zhang and Stewart",8295,"Martin, Zhang and Stewart INC",18665.62,2026-04-30,425.57,5547.19,Grow Plug-And-Play Functionalities,Gina Sullivan,National
699-229-2012,4321489,LSA | Scott Inc | Synthetic,229183,574074,Howell Group,1192,Howell Group INC,50217.84,2026-03-10,0,0,Reinvent One-To-One Roi,Gina Sullivan,National
801-048-2685,7239407,LSA | Bradley-Hernandez | Synthetic,772027,171667,Lyons-Wolfe,9980,Lyons-Wolfe INC,29646.17,2026-05-05,9904.4,23028.27,Integrate 24/7 Channels,Anthony Duran,National
801-048-2685,4677946,"LSA | Bauer, Yang and Kane | Synthetic",924322,623669,"Russell, Patel and Cox",8295,"Russell, Patel and Cox INC",56105.7,2026-05-05,2213.03,62462.92,Grow Plug-And-Play Functionalities,Gina Sullivan,National
699-229-2012,5861209,"LSA | Cox, Thornton and Stout | Synthetic",337135,631921,Anderson-Gonzales,3676,Anderson-Gonzales INC,31316.92,2026-03-19,3593.15,61714.11,Empower Global Relationships,Lynn Houston,National
699-229-2012,5801194,"LSA | Cox, Thornton and Stout | Synthetic",337135,631921,Bryant-Soto,3676,Bryant-Soto INC,4655.22,2026-03-19,1745.66,47116.41,Empower Global Relationships,Lynn Houston,National
485-905-1145,0103312,LSA | Powell-Smith | Synthetic,719573,389847,Armstrong Ltd,4744,Armstrong Ltd INC,2963.82,2026-04-04,5357.69,10439.77,Re-Contextualize Dot-Com Deliverables,Angela Cole,National
924-255-5564,9774860,"LSA | Jones, Diaz and King | Synthetic",831379,913774,"Gutierrez, Garcia and Wheeler",9365,"Gutierrez, Garcia and Wheeler INC",4828.76,2026-05-02,3559.82,41345.56,Grow Plug-And-Play Functionalities,Gina Sullivan,National
924-255-5564,7949459,LSA | Daniel-Johnson | Synthetic,672095,616676,Baker and Sons,6736,Baker and Sons INC,21549.22,2026-04-23,9266.6,36669.7,Maximize Enterprise Convergence,Molly Johns,DirectLocal
699-229-2012,1742808,"LSA | Foster, Schneider and Flores | Synthetic",197172,523222,Carr-Lane,7636,Carr-Lane INC,48953.52,2026-02-13,13198.63,59197.19,Envisioneer Bricks-And-Clicks Niches,Robert Diaz,DirectLocal
699-229-2012,8187044,LSA | Jones-Andrews | Synthetic,617147,050906,"Bradley, Mckee and Rivera",9980,"Bradley, Mckee and Rivera INC",19819.92,2026-03-11,0,0,Integrate 24/7 Channels,Anthony Duran,National
485-905-1145,9286360,LSA | Rangel Inc | Synthetic,556188,459739,"Pierce, Vance and Collins",8295,"Pierce, Vance and Collins INC",33478.05,2026-04-04,7612.03,56996.97,E-Enable B2C Experiences,Angela Cole,National
699-229-2012,4795214,LSA | Moreno LLC | Synthetic,582917,247298,Davies LLC,9588,Davies LLC INC,44849.2,2026-03-20,3561.59,2547.36,Re-Contextualize Dot-Com Deliverables,Angela Cole,National
699-229-2012,8872616,LSA | Gould-Williams | Synthetic,221515,316838,White Group,4355,White Group INC,51896.58,2026-02-13,0,0,Implement 24/7 Vortals,Peggy Patrick,GateHouse
924-255-5564,4186686,LSA | Deleon-Barker | Synthetic,928598,802736,"Davidson, Miles and Mcdonald",8295,"Davidson, Miles and Mcdonald INC",17736.56,2026-04-25,6144.06,22421.5,Grow Plug-And-Play Functionalities,Gina Sullivan,National
699-229-2012,8925395,LSA | Wolf-Collins | Synthetic,269088,487966,"Lopez, Ray and Bond",8295,"Lopez, Ray and Bond INC",27991.73,2026-03-10,7874.08,55308.88,Grow Plug-And-Play Functionalities,Gina Sullivan,National
924-255-5564,6664903,LSA | Cunningham and Sons | Synthetic,446023,275418,Green-Martinez,3375,Green-Martinez INC,18958.42,2026-04-24,8878.32,34376.15,Whiteboard Value-Added Models,Alejandro Davis,DirectLocal
801-048-2685,5974733,LSA | Mckenzie-Boyd | Synthetic,430691,186058,Carpenter-Mccullough,3375,Carpenter-Mccullough INC,40993.17,2026-05-05,2416.87,25056.42,Whiteboard Value-Added Models,Alejandro Davis,DirectLocal
801-048-2685,7401599,LSA | Mckenzie-Boyd | Synthetic,430691,186058,Petersen LLC,3375,Petersen LLC INC,20724.75,2026-05-05,5533.49,70772.97,Whiteboard Value-Added Models,Alejandro Davis,DirectLocal
801-048-2685,7183154,LSA | Mckenzie-Boyd | Synthetic,430691,186058,Rogers-Patel,3375,Rogers-Patel INC,18898.36,2026-05-05,278.83,13303.07,Whiteboard Value-Added Models,Alejandro Davis,DirectLocal
699-229-2012,8243068,LSA | Mason-Burke | Synthetic,707045,846289,Mercer and Sons,7819,Mercer and Sons INC,24413.98,2026-03-09,0,0,Reinvent One-To-One Roi,Gina Sullivan,National
801-048-2685,0284146,LSA | Hernandez Group | Synthetic,225854,113292,Skinner-Baker,1753,Skinner-Baker INC,56953.52,2026-05-03,4587.81,31612.75,Extend Back-End Action-Items,Angela Cole,DirectLocal
699-229-2012,6713737,LSA | Potter PLC | Synthetic,965739,218243,"Jacobs, Jones and Hunter",8295,"Jacobs, Jones and Hunter INC",33355.24,2026-04-16,0,0,Grow Plug-And-Play Functionalities,Gina Sullivan,National
699-229-2012,0591025,LSA | Green Ltd | Synthetic,106131,465182,Castillo-Keller,2539,Castillo-Keller INC,37534.48,2026-03-09,0,0,E-Enable B2C Experiences,Angela Cole,National
801-048-2685,4279110,"LSA | Jones, Gonzalez and Perkins | Synthetic",198109,927617,"Hernandez, Adams and Roberts",3698,"Hernandez, Adams and Roberts INC",18424.23,2026-05-07,11529.37,46170.83,Grow Plug-And-Play Functionalities,Gina Sullivan,National
924-255-5564,1031068,LSA | Smith LLC | Synthetic,121964,477102,Hawkins-Logan,3698,Hawkins-Logan INC,6910.46,2026-04-29,4031.65,16949.24,Grow Plug-And-Play Functionalities,Gina Sullivan,National
801-048-2685,7726344,"LSA | Miller, Robinson and Flores | Synthetic",349391,784017,Thomas and Sons,3698,Thomas and Sons INC,19076.6,2026-05-08,637.27,70681.57,Grow Plug-And-Play Functionalities,Gina Sullivan,National
924-255-5564,2479503,"LSA | Torres, Lee and Rogers | Synthetic",122725,079247,Diaz Ltd,4744,Diaz Ltd INC,2518.75,2026-04-28,12325.67,18948.62,Re-Contextualize Dot-Com Deliverables,Angela Cole,National
485-905-1145,0348152,"LSA | Orr, Williams and Chapman | Synthetic",187025,224975,Mills and Sons,6236,Mills and Sons INC,48146.74,2026-04-30,0,0,Architect Value-Added Applications,Troy Freeman,DirectLocal
485-905-1145,5701992,LSA | Thomas and Sons | Synthetic,631026,825830,Wallace Inc,1479,Wallace Inc INC,50757.23,2026-03-24,3121.44,66812.99,Redefine Ubiquitous Portals,Robert Diaz,DirectLocal
485-905-1145,3093639,LSA | Peck-Clark | Synthetic,315792,760531,Johnson PLC,7752,Johnson PLC INC,8162.78,2026-04-09,1353.85,2103.72,Maximize Transparent Metrics,Aaron Wilkinson,DummyG
485-905-1145,1122443,LSA | Brooks-Swanson | Synthetic,490881,883025,Green-Frank,6938,Green-Frank INC,2107.94,2026-04-17,12581.9,22867.79,Empower Impactful Infrastructures,Robert Diaz,DirectLocal
485-905-1145,3102570,LSA | York Ltd | Synthetic,261671,691191,Love Inc,6385,Love Inc INC,49177.64,2026-03-27,4008.08,11107.13,Empower Global Relationships,Lynn Houston,National
485-905-1145,9694160,LSA | Walker Ltd | Synthetic,468677,798080,Horne-Thompson,6385,Horne-Thompson INC,27345.07,2026-03-27,0,0,Empower Global Relationships,Lynn Houston,National
485-905-1145,9445004,LSA | Snow-Mccarthy | Synthetic,361296,221406,Moore Ltd,6385,Moore Ltd INC,10786.94,2026-03-31,8786.53,66423.54,Empower Global Relationships,Lynn Houston,National
485-905-1145,6307380,"LSA | Watts, Richardson and Barrett | Synthetic",470806,503091,Taylor Group,3102,Taylor Group INC,40096.21,2026-04-21,12963.55,60394.46,Grow Plug-And-Play Functionalities,Gina Sullivan,National
485-905-1145,3257111,LSA | Irwin-Campos | Synthetic,452441,956069,Gamble Inc,7495,Gamble Inc INC,41614.78,2026-04-16,8448.38,9037.99,Cultivate Visionary Architectures,Alejandro Davis,DirectLocal
485-905-1145,2558401,"LSA | Reese, Steele and Turner | Synthetic",968535,811411,"Adams, Howell and Howell",3375,"Adams, Howell and Howell INC",53611.5,2026-04-03,845,26838.39,Whiteboard Value-Added Models,Alejandro Davis,DirectLocal
485-905-1145,8383533,"LSA | Murphy, Martinez and Moody | Synthetic",579714,568733,Norton Group,8295,Norton Group INC,10005.26,2026-04-16,5758.29,64610.7,E-Enable B2C Experiences,Angela Cole,National
485-905-1145,4643241,LSA | James Group | Synthetic,127693,955180,Lopez-Holt,8295,Lopez-Holt INC,24157.64,2026-04-29,0,0,Grow Plug-And-Play Functionalities,Gina Sullivan,National
924-255-5564,1107419,LSA | Garcia-Kelly | Synthetic,198707,056201,Unknown Business,4798,Unknown Business INC,58851.65,2026-04-29,12390.18,71112.7,Re-Contextualize Dot-Com Deliverables,Angela Cole,National
801-048-2685,7884442,"LSA | Hill, Herring and Webster | Synthetic",927241,172484,"Moore, Dawson and Alvarez",7521,"Moore, Dawson and Alvarez INC",27707.11,2026-05-07,1216.12,60205.63,Unleash Granular Bandwidth,Alejandro Davis,DirectLocal
801-048-2685,7329087,"LSA | Hill, Herring and Webster | Synthetic",927241,172484,"Hansen, Murphy and Robinson",7521,"Hansen, Murphy and Robinson INC",31228.18,2026-05-07,0,0,Unleash Granular Bandwidth,Alejandro Davis,DirectLocal
801-048-2685,9787583,"LSA | Hill, Herring and Webster | Synthetic",927241,172484,Reyes and Sons,7521,Reyes and Sons INC,33293.12,2026-05-07,0,0,Unleash Granular Bandwidth,Alejandro Davis,DirectLocal
801-048-2685,5451195,"LSA | Hill, Herring and Webster | Synthetic",927241,172484,Hernandez Group,7521,Hernandez Group INC,19727.19,2026-05-07,0,0,Unleash Granular Bandwidth,Alejandro Davis,DirectLocal
801-048-2685,6078827,"LSA | Hill, Herring and Webster | Synthetic",927241,172484,"Morgan, Leach and Jackson",7521,"Morgan, Leach and Jackson INC",8599.36,2026-05-07,0,0,Unleash Granular Bandwidth,Alejandro Davis,DirectLocal
801-048-2685,4620908,"LSA | Hill, Herring and Webster | Synthetic",927241,172484,"Coleman, Brown and Brown",7521,"Coleman, Brown and Brown INC",35641.25,2026-05-07,0,0,Unleash Granular Bandwidth,Alejandro Davis,DirectLocal
801-048-2685,0388036,"LSA | Hill, Herring and Webster | Synthetic",927241,172484,Serrano-Harrison,7521,Serrano-Harrison INC,17706.48,2026-05-07,0,0,Unleash Granular Bandwidth,Alejandro Davis,DirectLocal
801-048-2685,9369838,"LSA | Hill, Herring and Webster | Synthetic",927241,172484,Perez-Perkins,7521,Perez-Perkins INC,13907.4,2026-05-07,0,0,Unleash Granular Bandwidth,Alejandro Davis,DirectLocal
801-048-2685,3691955,"LSA | Moore, Turner and Osborne | Synthetic",822980,444465,Swanson Inc,5673,Swanson Inc INC,6860.08,2026-05-04,7953.7,66429.13,Empower Global Relationships,Lynn Houston,National
,,,,,,,,,,,,,,
,,,,,,,,,,,,,,
,,,,,,,,,,,,,,
,,,,,,,,,,,,,,
,,,,,,,,,,,,,,
,,,,,,,,,,,,,,
,,,,,,,,,,,,,,
,,,,,,,,,,,,,,
,,,,,,,,,,,,,,
,,,,,,,,,,,,,,
,,,,,,,,,,,,,,
,,,,,,,,,,,,,,
,,,,,,,,,,,,,,
,,,,,,,,,,,,,,
,,,,,,,,,,,,,,
,,,,,,,,,,,,,,
,,,,,,,,,,,,,,
,,,,,,,,,,,,,,
,,,,,,,,,,,,,,
,,,,,,,,,,,,,,
,,,,,,,,,,,,,,
,,,,,,,,,,,,,,
,,,,,,,,,,,,,,
,,,,,,,,,,,,,,
,,,,,,,,,,,,,,
,,,,,,,,,,,,,,
,,,,,,,,,,,,,,
,,,,,,,,,,,,,,
,,,,,,,,,,,,,,
,,,,,,,,,,,,,,
,,,,,,,,,,,,,,
,,,,,,,,,,,,,,
,,,,,,,,,,,,,,
,,,,,,,,,,,,,,
,,,,,,,,,,,,,,
,,,,,,,,,,,,,,
,,,,,,,,,,,,,,
,,,,,,,,,,,,,,
,,,,,,,,,,,,,,
,,,,,,,,,,,,,,
,,,,,,,,,,,,,,
,,,,,,,,,,,,,,
,,,,,,,,,,,,,,
,,,,,,,,,,,,,,
,,,,,,,,,,,,,,
,,,,,,,,,,,,,,
,,,,,,,,,,,,,,
,,,,,,,,,,,,,,
,,,,,,,,,,,,,,
,,,,,,,,,,,,,,
,,,,,,,,,,,,,,National
