CID,Mcid,AID,Maid,BID,Business Name,Budget,Spent,Start,Campaign Created,Paid,Status,AR Status,Channel,Client ID,Offer ID,Payment Method,Contract Length,Offer Name,Wpc Status,Wpc End Date
1662148,801-048-2685,842242,042324,0746,"Anderson, Summers and Jones",43633.2,0,2026-05-07,2026-05-07 11:36:22,2026-05-07 11:36:24,,pending,National,5916500764,2303,Credit Card,,Local Services Ads,running,
7726344,801-048-2685,349391,784017,3698,Thomas and Sons,83942.15,0,2026-05-08,2026-05-07 10:27:09,2026-05-07 10:42:20,,pending,National,1492400035,2303,Credit Card,,Local Services Ads,running,
3360119,801-048-2685,815707,465221,2816,"Martin, Brown and Frank",29147.87,0,2026-05-08,2026-05-07 08:26:05,2026-05-07 08:26:21,,pending,DummyG,2249967510,2101,Invoice,,XMO,running,
3394343,801-048-2685,396446,844265,9588,"Hanson, Hall and Case",24269.33,0,2026-05-07,2026-05-07 05:54:18,2026-05-07 05:54:20,,pending,National,5370965818,1948,Credit Card,,Local Services Ads,running,
3394343,801-048-2685,396446,844265,9588,"Hanson, Hall and Case",73202.22,0,2026-05-07,2026-05-07 05:54:18,2026-05-07 05:54:20,,pending,National,5370965818,1948,Credit Card,,Local Services Ads,ended,2023-06-15
4620908,801-048-2685,927241,172484,7521,"Coleman, Brown and Brown",76437.09,0,2026-05-07,2026-05-07 05:14:26,2026-05-07 08:09:43,,pending,Local,8598321515,2303,Invoice,,Local Services Ads,running,
7329087,801-048-2685,927241,172484,7521,"Hansen, Murphy and Robinson",35614.74,0,2026-05-07,2026-05-07 04:55:38,2026-05-07 08:09:43,,pending,Local,1833846387,2303,Invoice,,Local Services Ads,running,
7884442,801-048-2685,927241,172484,7521,"Moore, Dawson and Alvarez",77330.88,0,2026-05-07,2026-05-07 04:55:09,2026-05-07 08:09:43,,pending,Local,8182903864,2303,Invoice,,Local Services Ads,running,
9787583,801-048-2685,927241,172484,7521,Reyes and Sons,85429.92,0,2026-05-07,2026-05-07 04:54:54,2026-05-07 08:09:43,,pending,Local,1843625072,2303,Invoice,,Local Services Ads,running,
5451195,801-048-2685,927241,172484,7521,Hernandez Group,98126.69,0,2026-05-07,2026-05-07 04:54:40,2026-05-07 08:09:43,,pending,Local,4203318384,2303,Invoice,,Local Services Ads,running,
6078827,801-048-2685,927241,172484,7521,"Morgan, Leach and Jackson",66602.16,0,2026-05-07,2026-05-07 04:54:28,2026-05-07 08:09:43,,pending,Local,1776944144,2303,Invoice,,Local Services Ads,running,
0388036,801-048-2685,927241,172484,7521,Serrano-Harrison,99044.66,0,2026-05-07,2026-05-07 04:54:04,2026-05-07 08:09:43,,pending,Local,1726373069,2303,Invoice,,Local Services Ads,running,
9369838,801-048-2685,927241,172484,7521,Perez-Perkins,23813.82,0,2026-05-07,2026-05-07 04:53:50,2026-05-07 08:09:43,,pending,Local,1642669667,2303,Invoice,,Local Services Ads,running,
3147158,801-048-2685,893795,117515,9980,Bell and Sons,14805.74,0,2026-05-07,2026-05-06 16:17:25,2026-05-06 17:18:04,,pending,National,9272488948,2303,Credit Card,,Local Services Ads,running,
0727548,801-048-2685,395149,475343,8295,Perez PLC,87300.97,49437.58,2026-05-06,2026-05-06 11:38:00,2026-05-06 11:38:02,,pending,National,8604361768,2303,Credit Card,,Local Services Ads,running,
7426122,801-048-2685,143001,128223,8295,Walton-White,69148.21,46961.26,2026-05-06,2026-05-06 11:37:58,2026-05-06 11:37:59,,pending,National,6090633975,2303,Credit Card,,Local Services Ads,running,
6872937,801-048-2685,202103,093295,1192,Riley-Allen,85649.8,0,2026-05-07,2026-05-06 11:37:48,2026-05-06 11:37:49,,pending,National,8880158481,2303,Credit Card,,Local Services Ads,running,
7201147,801-048-2685,202198,868559,3698,Gomez-Barker,27137.68,0,2026-05-07,2026-05-06 11:37:34,2026-05-06 11:37:36,,pending,National,2917330873,2303,Credit Card,,Local Services Ads,running,
0865571,801-048-2685,791787,073542,4744,Sanchez-Walters,24210.5,0,2026-05-07,2026-05-06 11:37:17,2026-05-06 11:37:19,,pending,National,3561265250,2303,Credit Card,,Local Services Ads,running,
9544947,801-048-2685,053171,114845,9980,"Chang, Gardner and Davis",88126,0,2026-05-07,2026-05-06 11:36:59,2026-05-06 11:37:00,,pending,National,5531215398,2303,Credit Card,,Local Services Ads,running,
3997340,801-048-2685,970890,157265,1192,"Garrison, Garner and Mitchell",70733.85,0,2026-05-07,2026-05-06 11:36:53,2026-05-06 11:36:55,,pending,National,5753787783,2303,Credit Card,,Local Services Ads,running,
4279110,801-048-2685,198109,927617,3698,"Hernandez, Adams and Roberts",19964.95,0,2026-05-07,2026-05-06 11:36:36,2026-05-06 11:36:38,,pending,National,3053963118,2303,Credit Card,,Local Services Ads,running,
0972857,801-048-2685,267040,432314,9588,Newton-Flores,56038,0,2026-05-06,2026-05-06 11:36:09,2026-05-06 11:36:11,,pending,National,6045301447,2303,Credit Card,,Local Services Ads,running,
1957568,801-048-2685,117416,120181,3698,"Mcdaniel, Carlson and Stein",17239.31,30985.24,2026-05-06,2026-05-06 05:39:21,2026-05-06 05:39:22,,pending,National,9729452134,2303,Credit Card,,Local Services Ads,running,
7989742,801-048-2685,822980,444465,5673,Schneider PLC,25915.1,47379.85,2026-05-05,2026-05-05 13:23:13,2026-05-05 13:27:21,,pending,National,0690984218,1948,Invoice,,Local Services Ads,running,
7989742,801-048-2685,822980,444465,5673,Schneider PLC,22282.27,7490.39,2026-05-05,2026-05-05 13:23:13,2026-05-05 13:27:21,,pending,National,0690984218,1948,Invoice,,Local Services Ads,ended,2023-06-23
6113154,801-048-2685,581185,006574,1192,Tucker-Wilson,70760.93,40500.86,2026-05-05,2026-05-05 11:34:56,2026-05-05 11:34:58,,pending,National,0051367125,1948,Credit Card,,Local Services Ads,running,
6113154,801-048-2685,581185,006574,1192,Tucker-Wilson,46532.99,23362.13,2026-05-05,2026-05-05 11:34:56,2026-05-05 11:34:58,,pending,National,0051367125,1948,Credit Card,,Local Services Ads,ended,2023-06-20
8151652,801-048-2685,636979,118442,8295,Steele PLC,50392.77,59313.19,2026-05-06,2026-05-05 11:34:33,2026-05-05 11:34:35,,pending,National,8498634123,2303,Credit Card,,Local Services Ads,running,
8095112,801-048-2685,921951,702707,9142,Clarke PLC,226.99,31239.43,2026-05-06,2026-05-05 11:34:28,2026-05-05 13:42:58,,pending,Local,3277829980,2303,Credit Card,,Local Services Ads,running,
8233002,801-048-2685,024693,773341,1192,Hunt PLC,58025.74,18261.89,2026-05-05,2026-05-05 11:34:26,2026-05-05 11:34:28,,pending,National,3940476622,1948,Credit Card,,Local Services Ads,running,
8233002,801-048-2685,024693,773341,1192,Hunt PLC,22064.01,49936.36,2026-05-05,2026-05-05 11:34:26,2026-05-05 11:34:28,,pending,National,3940476622,1948,Credit Card,,Local Services Ads,ended,2023-06-20
4792336,801-048-2685,591675,799997,1192,Jones Group,75000.23,56685.9,2026-05-06,2026-05-05 11:34:23,2026-05-05 11:34:25,,pending,National,7774057945,1948,Credit Card,,Local Services Ads,ended,2023-06-30
4792336,801-048-2685,591675,799997,1192,Jones Group,50974.18,3409,2026-05-06,2026-05-05 11:34:23,2026-05-05 11:34:25,,pending,National,7774057945,1948,Credit Card,,Local Services Ads,running,
2009716,801-048-2685,456223,517127,1192,Johnson-Mckenzie,614.04,18817.4,2026-05-05,2026-05-05 11:34:21,2026-05-05 11:34:23,,pending,National,8318921616,2303,Credit Card,,Local Services Ads,running,
9155643,801-048-2685,379585,681012,1192,"Browning, Brown and Pearson",81725.82,46281.57,2026-05-06,2026-05-05 11:34:19,2026-05-05 11:34:20,,pending,National,6833184923,1948,Credit Card,,Local Services Ads,running,
9155643,801-048-2685,379585,681012,1192,"Browning, Brown and Pearson",8342.22,969.06,2026-05-06,2026-05-05 11:34:19,2026-05-05 11:34:20,,pending,National,6833184923,1948,Credit Card,,Local Services Ads,ended,2023-06-21
6576293,801-048-2685,356393,310835,4744,"Hughes, Blair and Gates",96364.99,0,2026-05-07,2026-05-05 11:34:11,2026-05-05 11:34:13,,pending,National,2261405045,2303,Credit Card,,Local Services Ads,running,
0838262,801-048-2685,222228,551471,6938,Ramos and Sons,34723.26,28125.18,2026-05-06,2026-05-05 11:34:04,2026-05-05 11:34:06,,pending,Local,1057098735,2303,Credit Card,,Local Services Ads,running,
0748354,801-048-2685,927754,826006,8295,"Kelley, Smith and Roberson",92710.46,57829.07,2026-05-06,2026-05-05 11:34:02,2026-05-05 11:34:03,,pending,National,1270695837,1948,Credit Card,,Local Services Ads,running,
0748354,801-048-2685,927754,826006,8295,"Kelley, Smith and Roberson",9978.87,12860.86,2026-05-06,2026-05-05 11:34:02,2026-05-05 11:34:03,,pending,National,1270695837,1948,Credit Card,,Local Services Ads,ended,2023-06-15
5633097,801-048-2685,885782,663601,8295,Lopez-Vasquez,92632.91,31868,2026-05-05,2026-05-05 11:33:38,2026-05-05 11:33:40,,pending,National,5550975527,2303,Credit Card,,Local Services Ads,running,
4677946,801-048-2685,924322,623669,8295,"Russell, Patel and Cox",70124.78,10598.71,2026-05-05,2026-05-05 11:33:36,2026-05-05 11:33:37,,pending,National,1667099462,2303,Credit Card,,Local Services Ads,running,
7688948,801-048-2685,831255,996914,9365,Vazquez PLC,85316.1,0,2026-05-06,2026-05-05 11:33:34,2026-05-05 11:33:35,,pending,National,8284447121,2303,Credit Card,,Local Services Ads,running,
8590918,801-048-2685,049473,669031,9365,Santiago Inc,26482.21,0,2026-05-07,2026-05-05 11:33:20,2026-05-05 11:33:22,,pending,National,6834399267,2303,Credit Card,,Local Services Ads,running,
1351106,801-048-2685,466202,505141,8295,Barrera Inc,94905.65,27317.83,2026-05-05,2026-05-05 11:33:17,2026-05-05 11:33:18,,pending,National,0866982738,1948,Credit Card,,Local Services Ads,ended,2023-06-15
1351106,801-048-2685,466202,505141,8295,Barrera Inc,53527.63,20126.57,2026-05-05,2026-05-05 11:33:17,2026-05-05 11:33:18,,pending,National,0866982738,1948,Credit Card,,Local Services Ads,running,
7401599,801-048-2685,430691,186058,3375,Petersen LLC,96343.29,36293.58,2026-05-05,2026-05-05 08:50:01,2026-05-05 09:04:17,,pending,Local,5234973813,2303,Invoice,,Local Services Ads,running,
5974733,801-048-2685,430691,186058,3375,Carpenter-Mccullough,7006.46,23294.27,2026-05-05,2026-05-05 08:50:01,2026-05-05 09:04:17,,pending,Local,1746575984,2303,Invoice,,Local Services Ads,running,
7183154,801-048-2685,430691,186058,3375,Rogers-Patel,25391.66,30268.76,2026-05-05,2026-05-05 08:50:00,2026-05-05 09:04:17,,pending,Local,8939086511,2303,Invoice,,Local Services Ads,running,
5892952,801-048-2685,100815,020727,2872,"Dominguez, Rogers and Rice",44321.01,9029.01,2026-05-06,2026-05-05 07:34:42,2026-05-05 07:54:20,,,National,5341379202,2101,Invoice,,XMO,running,
6312972,801-048-2685,949463,450654,9588,Rodriguez PLC,22697,33255.93,2026-05-05,2026-05-05 05:58:12,2026-05-05 05:58:14,,pending,National,0330145251,1948,Credit Card,,Local Services Ads,running,
6312972,801-048-2685,949463,450654,9588,Rodriguez PLC,2192.62,42464.25,2026-05-05,2026-05-05 05:58:12,2026-05-05 05:58:14,,pending,National,0330145251,1948,Credit Card,,Local Services Ads,ended,2023-06-20
2948789,801-048-2685,616636,857341,9588,Olsen-Hart,29769.91,23211.48,2026-05-05,2026-05-05 05:57:38,2026-05-05 05:57:40,,pending,National,5153862714,2303,Credit Card,,Local Services Ads,running,
7578384,801-048-2685,912863,289313,7636,Unknown Business,77827.03,34426.92,2026-05-07,2026-05-05 05:56:50,2026-05-05 05:56:51,,pending,Local,5457701685,1,Invoice,,Search Engine Marketing,running,
7239407,801-048-2685,772027,171667,9980,Lyons-Wolfe,41834.62,36445.11,2026-05-05,2026-05-04 15:52:16,2026-05-05 14:27:29,,pending,National,5500119313,2303,Credit Card,,Local Services Ads,running,
3465599,801-048-2685,319925,832629,2816,"Lambert, Hart and Jackson",57874.69,18173.48,2026-05-05,2026-05-04 15:28:08,2026-05-04 15:28:28,,pending,DummyG,7497728409,2101,Invoice,,XMO,running,
0581356,801-048-2685,394906,887808,2816,Sanchez-Walters,78724.67,43151.81,2026-05-05,2026-05-04 15:12:26,2026-05-04 15:12:44,,pending,DummyG,8229305823,2101,Invoice,,XMO,running,
9167495,801-048-2685,804492,331468,2816,"Mitchell, Ross and Higgins",39555.45,5320.64,2026-05-07,2026-05-04 14:43:57,2026-05-04 14:44:21,,pending,DummyG,7097270343,2101,Invoice,,XMO,running,
5627006,801-048-2685,694808,447924,9980,Aguirre-Holmes,10858.23,0,2026-05-08,2026-05-04 13:10:11,2026-05-04 13:12:53,,pending,National,3711736771,2303,Credit Card,,Local Services Ads,running,
6428523,801-048-2685,074152,174504,9980,Thornton and Sons,57741.13,0,2026-05-08,2026-05-04 13:07:23,2026-05-04 13:08:43,,pending,National,0631727954,2303,Credit Card,,Local Services Ads,running,
4292785,801-048-2685,167310,692307,9980,Russell LLC,75045.23,0,2026-05-08,2026-05-04 13:04:49,2026-05-04 13:05:57,,pending,National,5996500484,2303,Credit Card,,Local Services Ads,running,
8612462,801-048-2685,298401,038263,3698,Mueller-Brown,74988.67,28980.33,2026-05-04,2026-05-04 11:32:41,2026-05-04 11:32:43,,pending,National,3827273902,2303,Credit Card,,Local Services Ads,running,
7936102,801-048-2685,648266,401028,8295,Jimenez-Williams,13688.2,48144.12,2026-05-05,2026-05-04 11:32:04,2026-05-04 11:32:06,,pending,National,9802327073,2303,Credit Card,,Local Services Ads,running,
9413283,801-048-2685,241222,316704,9226,Perez PLC,79300.85,5728.59,2026-05-06,2026-05-04 11:31:56,2026-05-04 11:31:57,,pending,,6644235746,2303,Invoice,,Local Services Ads,running,
6391593,801-048-2685,472682,440493,9588,Barnes Ltd,33764.49,0,2026-05-05,2026-05-04 09:34:02,2026-05-04 09:35:15,,,National,1060365186,2303,Credit Card,,Local Services Ads,running,
4345910,801-048-2685,454554,726855,9932,Saunders LLC,62893.69,10567.25,2026-05-05,2026-05-04 08:56:47,2026-05-04 08:58:00,,pending,National,3996122293,2303,Credit Card,,Local Services Ads,running,
3691955,801-048-2685,822980,444465,5673,Swanson Inc,62834,46359.68,2026-05-04,2026-05-04 07:24:38,2026-05-04 07:27:54,,pending,National,1286222605,2303,Invoice,,Local Services Ads,running,
9522373,801-048-2685,897544,348866,2872,Rhodes-Ryan,63685.83,46238.97,2026-05-04,2026-05-04 06:44:14,2026-05-04 06:48:11,,,National,2845050674,2101,Invoice,,XMO,running,
1945295,801-048-2685,331071,400660,2872,"Nelson, Brown and Cook",38392.97,4.27,2026-05-04,2026-05-04 06:43:21,2026-05-04 06:48:11,,,National,4901951146,2101,Invoice,,XMO,running,
6307088,801-048-2685,083328,206666,9588,Bauer LLC,29349.57,15375.56,2026-05-05,2026-05-04 05:53:42,2026-05-04 05:53:43,,pending,National,1543283736,1948,Credit Card,,Local Services Ads,running,
6307088,801-048-2685,083328,206666,9588,Bauer LLC,39154.96,28738.65,2026-05-05,2026-05-04 05:53:42,2026-05-04 05:53:43,,pending,National,1543283736,1948,Credit Card,,Local Services Ads,ended,2023-06-21
7923333,801-048-2685,441542,793091,9588,Hart Ltd,80459.02,7164.32,2026-05-05,2026-05-04 05:53:40,2026-05-04 05:53:41,,pending,National,0657546427,1948,Credit Card,,Local Services Ads,running,
7923333,801-048-2685,441542,793091,9588,Hart Ltd,28069.56,30175.85,2026-05-05,2026-05-04 05:53:40,2026-05-04 05:53:41,,pending,National,0657546427,1948,Credit Card,,Local Services Ads,ended,2023-06-20
4979141,801-048-2685,109475,720470,9588,Gilbert Inc,9880.93,0,2026-05-04,2026-05-04 05:52:43,2026-05-04 05:52:45,,pending,National,8551880888,1948,Credit Card,,Local Services Ads,running,
4979141,801-048-2685,109475,720470,9588,Gilbert Inc,14850.52,0,2026-05-04,2026-05-04 05:52:43,2026-05-04 05:52:45,,pending,National,8551880888,1948,Credit Card,,Local Services Ads,ended,2023-06-15
7057772,801-048-2685,239864,199556,9588,Sanchez-Walters,89974.68,0,2026-05-07,2026-05-04 00:00:40,2026-05-04 14:32:59,,pending,National,2861392726,2303,Credit Card,,Local Services Ads,running,
3419928,801-048-2685,275783,825699,8295,Mcfarland-Smith,21483.05,56547.9,2026-05-05,2026-05-03 11:32:12,2026-05-03 11:32:15,,pending,National,4495317467,2303,Credit Card,,Local Services Ads,running,
5301326,801-048-2685,213354,925703,1192,"Mcdowell, Morris and Lopez",58195.92,57171.36,2026-05-05,2026-05-03 11:31:59,2026-05-03 11:32:02,,pending,National,0399757415,1948,Credit Card,,Local Services Ads,ended,2023-06-27
5301326,801-048-2685,213354,925703,1192,"Mcdowell, Morris and Lopez",87517.46,4666.28,2026-05-05,2026-05-03 11:31:59,2026-05-03 11:32:02,,pending,National,0399757415,1948,Credit Card,,Local Services Ads,running,
8569745,801-048-2685,574380,963626,8295,Brown-Nguyen,2058.71,2697.38,2026-05-05,2026-05-03 11:31:52,2026-05-03 11:31:54,,pending,National,5305008933,2303,Credit Card,,Local Services Ads,running,
1442570,801-048-2685,468311,773411,8295,"Butler, Thompson and Thomas",35153.27,9663.6,2026-05-04,2026-05-03 11:31:39,2026-05-03 11:31:41,,pending,National,0396296713,2303,Credit Card,,Local Services Ads,running,
0284146,801-048-2685,225854,113292,1753,Skinner-Baker,75782.85,12269.74,2026-05-03,2026-05-03 05:43:50,2026-05-03 05:43:52,,pending,Local,6547544251,2303,Credit Card,,Local Services Ads,running,
1052353,801-048-2685,484995,261329,7521,Smith-Flores,50442.38,49231.71,2026-05-03,2026-05-03 05:42:49,2026-05-03 05:42:50,,pending,Local,9451757439,1,Invoice,,Search Engine Marketing,new,
5856831,801-048-2685,399170,583494,8295,"Hoffman, Park and Rios",32390.76,10315.94,2026-05-05,2026-05-03 00:00:30,2026-05-04 15:01:22,,pending,National,9220075859,2303,Credit Card,,Local Services Ads,running,
7681439,801-048-2685,308844,854197,8295,Stewart LLC,42698.9,48247.6,2026-05-06,2026-05-03 00:00:28,2026-05-04 13:41:35,,pending,National,3186894406,2303,Credit Card,,Local Services Ads,running,
5270660,801-048-2685,209400,764159,4744,Collins-Callahan,99305.84,39173.74,2026-05-05,2026-05-02 11:32:42,2026-05-02 11:32:44,,pending,National,3751601824,2303,Credit Card,,Local Services Ads,running,
8897963,801-048-2685,287564,033696,1192,Owens-Cole,68035.73,18835.98,2026-05-05,2026-05-02 11:32:29,2026-05-02 11:32:31,,pending,National,0986569671,2303,Credit Card,,Local Services Ads,running,
8953837,801-048-2685,836108,582484,2539,Chavez-Carr,82633.47,0,2026-05-07,2026-05-02 11:32:20,2026-05-02 11:32:21,,pending,National,7308580035,2303,Invoice,,Local Services Ads,running,
4502089,924-255-5564,200285,025285,1192,Pacheco Ltd,52278.22,0,2026-05-07,2026-05-02 11:32:14,2026-05-07 08:02:12,,pending,National,1795628657,1948,Direct Debit,,Local Services Ads,ended,2023-06-20
4502089,924-255-5564,200285,025285,1192,Pacheco Ltd,16293.88,0,2026-05-07,2026-05-02 11:32:14,2026-05-07 08:02:12,,pending,National,1795628657,1948,Direct Debit,,Local Services Ads,running,
7525058,924-255-5564,444403,313635,4179,"Rangel, Casey and Berry",83553.5,27134.88,2026-05-03,2026-05-02 11:31:52,2026-05-02 11:31:53,,pending,DummyG,1190280732,2303,Invoice,,Local Services Ads,running,
9425858,924-255-5564,344103,876769,0501,Rodriguez and Sons,98694.32,4233.73,2026-05-05,2026-05-02 11:31:39,2026-05-02 11:31:41,,pending,Local,8306321628,1948,Credit Card,,Local Services Ads,running,
9425858,924-255-5564,344103,876769,0501,Rodriguez and Sons,93979,27294.8,2026-05-05,2026-05-02 11:31:39,2026-05-02 11:31:41,,pending,Local,8306321628,1948,Credit Card,,Local Services Ads,running,
8971327,924-255-5564,183214,178522,8295,Henry Inc,36677.64,56699.75,2026-05-06,2026-05-02 11:31:28,2026-05-02 11:31:31,,pending,National,5749547324,2303,Credit Card,,Local Services Ads,running,
5198025,924-255-5564,712209,056522,9588,"Phillips, Simpson and Todd",28582.84,26179.43,2026-05-03,2026-05-02 11:31:16,2026-05-02 11:31:20,,failed,National,6452215426,2303,Credit Card,,Local Services Ads,running,
5012419,924-255-5564,126112,803717,9208,Bennett-Gonzalez,37827.68,59550.57,2026-05-05,2026-05-02 05:56:05,2026-05-02 05:56:07,,pending,Local,1706610954,1,Credit Card,,Search Engine Marketing,running,
1835508,924-255-5564,858179,776210,2816,Anderson-Barron,89834.39,6037.65,2026-05-05,2026-05-02 05:42:10,2026-05-02 05:42:11,,,DummyG,0835744895,2101,Invoice,,XMO,running,
0445132,924-255-5564,446372,104551,9588,Robinson-Stuart,53339.66,2617.44,2026-05-04,2026-05-02 05:36:29,2026-05-04 14:24:47,,pending,National,3732540545,2303,Credit Card,,Local Services Ads,running,
9614812,924-255-5564,914024,978008,9588,Miller Ltd,94960.12,3434.22,2026-05-05,2026-05-01 13:45:19,2026-05-04 16:28:42,,pending,National,8036590074,1948,Credit Card,,Local Services Ads,ended,2023-07-07
9614812,924-255-5564,914024,978008,9588,Miller Ltd,84179.77,49225.17,2026-05-05,2026-05-01 13:45:19,2026-05-04 16:28:42,,pending,National,8036590074,1948,Credit Card,,Local Services Ads,running,
3667281,924-255-5564,940322,691689,9588,"Peterson, Armstrong and King",82692.14,42444.84,2026-05-01,2026-05-01 11:31:44,2026-05-01 11:31:46,,pending,National,4826011890,2303,Credit Card,,Local Services Ads,running,
6752786,924-255-5564,394221,680623,9588,"Green, Young and Alvarez",70121.77,59751.31,2026-05-01,2026-05-01 11:31:09,2026-05-01 11:31:12,,pending,National,0831190145,1948,Credit Card,,Local Services Ads,running,
6752786,924-255-5564,394221,680623,9588,"Green, Young and Alvarez",76638.46,49810.54,2026-05-01,2026-05-01 11:31:09,2026-05-01 11:31:12,,pending,National,0831190145,1948,Credit Card,,Local Services Ads,ended,2024-10-20
1740601,924-255-5564,083962,506760,9932,Grant LLC,67547.29,51274.19,2026-05-05,2026-05-01 11:30:35,2026-05-01 11:30:37,,,National,3623610581,2303,Credit Card,,Local Services Ads,running,
0285761,924-255-5564,285764,657786,3698,Mcneil Ltd,94562.79,44638.29,2026-05-01,2026-05-01 11:30:21,2026-05-01 11:30:23,,pending,National,7088563121,2303,Credit Card,,Local Services Ads,running,
6010631,924-255-5564,080222,497677,9588,"Mann, Ellis and Fields",30836.11,47586.7,2026-05-01,2026-05-01 11:30:09,2026-05-01 11:30:11,,pending,National,7230454006,2303,Credit Card,,Local Services Ads,running,
9095272,924-255-5564,132460,828250,8295,"Simmons, Kelley and Hahn",64016.46,11290.88,2026-05-02,2026-05-01 11:29:51,2026-05-01 11:29:54,,pending,National,7985267438,2303,Credit Card,,Local Services Ads,running,
2752985,924-255-5564,089371,240535,5673,Martin-Cervantes,80093.68,0,2026-05-07,2026-05-01 11:29:13,2026-05-01 11:29:13,,pending,National,5680884355,2303,Invoice,,Local Services Ads,running,
7417684,924-255-5564,535557,698882,5673,"Mitchell, Knight and Hughes",47462.31,5172.28,2026-05-01,2026-05-01 10:31:05,2026-05-01 10:50:33,,pending,National,6141767314,1948,Invoice,,Local Services Ads,running,
7417684,924-255-5564,535557,698882,5673,"Mitchell, Knight and Hughes",69887.36,3282.27,2026-05-01,2026-05-01 10:31:05,2026-05-01 10:50:33,,pending,National,6141767314,1948,Invoice,,Local Services Ads,ended,2023-06-15
2063760,924-255-5564,942599,126544,5673,Franco and Sons,73117.87,0,2026-05-01,2026-05-01 10:28:31,2026-05-01 10:50:33,,pending,National,7314968304,1948,Invoice,,Local Services Ads,ended,2023-06-21
2063760,924-255-5564,942599,126544,5673,Franco and Sons,83382.01,0,2026-05-01,2026-05-01 10:28:31,2026-05-01 10:50:33,,pending,National,7314968304,1948,Invoice,,Local Services Ads,running,
4377259,924-255-5564,984335,226522,5673,Mayer LLC,73853.8,44385.79,2026-05-01,2026-05-01 10:27:56,2026-05-01 10:50:33,,pending,National,0471863085,1948,Invoice,,Local Services Ads,running,
4377259,924-255-5564,984335,226522,5673,Mayer LLC,33942.56,17182.63,2026-05-01,2026-05-01 10:27:56,2026-05-01 10:50:33,,pending,National,0471863085,1948,Invoice,,Local Services Ads,ended,2024-10-18
8243520,924-255-5564,823403,966939,5673,Powell-Patterson,25959.18,49601.63,2026-05-01,2026-05-01 10:23:09,2026-05-01 10:24:11,,pending,National,4173282089,1948,Invoice,,Local Services Ads,running,
8243520,924-255-5564,823403,966939,5673,Powell-Patterson,35656.12,29101.83,2026-05-01,2026-05-01 10:23:09,2026-05-01 10:24:11,,pending,National,4173282089,1948,Invoice,,Local Services Ads,ended,2023-06-15
2300261,924-255-5564,604589,312876,5673,Crawford-Simon,77980.83,0,2026-05-01,2026-05-01 10:13:16,2026-05-01 10:24:11,,pending,National,7901483298,1948,Invoice,,Local Services Ads,ended,2023-06-21
2300261,924-255-5564,604589,312876,5673,Crawford-Simon,81828.4,0,2026-05-01,2026-05-01 10:13:16,2026-05-01 10:24:11,,pending,National,7901483298,1948,Invoice,,Local Services Ads,running,
6748855,924-255-5564,268276,170580,5673,Long and Sons,72894.38,20725.65,2026-05-01,2026-05-01 09:46:41,2026-05-01 10:24:11,,pending,National,3612215844,1948,Invoice,,Local Services Ads,running,
6748855,924-255-5564,268276,170580,5673,Long and Sons,76588.53,46872.31,2026-05-01,2026-05-01 09:46:41,2026-05-01 10:24:11,,pending,National,3612215844,1948,Invoice,,Local Services Ads,ended,2023-06-21
5304145,924-255-5564,627311,597914,5673,Butler-Mitchell,52804.92,6982.29,2026-05-01,2026-05-01 09:44:22,2026-05-01 10:24:11,,pending,National,7759843909,1948,Invoice,,Local Services Ads,running,
5304145,924-255-5564,627311,597914,5673,Butler-Mitchell,37607.88,10156.51,2026-05-01,2026-05-01 09:44:22,2026-05-01 10:24:11,,pending,National,7759843909,1948,Invoice,,Local Services Ads,ended,2023-06-15
4209067,924-255-5564,301971,829105,5673,Ayala-Jones,34874.53,26669.35,2026-05-01,2026-05-01 09:41:20,2026-05-01 10:24:11,,pending,National,2194373423,1948,Invoice,,Local Services Ads,ended,2023-06-15
4209067,924-255-5564,301971,829105,5673,Ayala-Jones,3057,45300.38,2026-05-01,2026-05-01 09:41:20,2026-05-01 10:24:11,,pending,National,2194373423,1948,Invoice,,Local Services Ads,running,
4564468,924-255-5564,440120,973095,9932,Ramirez Inc,85728.94,39462.88,2026-05-02,2026-05-01 09:30:06,2026-05-01 09:31:24,,pending,National,1159382795,2303,Credit Card,,Local Services Ads,running,
3161830,924-255-5564,344475,730872,5673,"Pugh, Williams and David",44556.08,56025.01,2026-05-01,2026-05-01 09:17:22,2026-05-01 10:24:11,,pending,National,3706819353,2303,Invoice,,Local Services Ads,running,
7403920,924-255-5564,682991,797949,5673,Benson and Sons,62251.45,56488.74,2026-05-01,2026-05-01 09:16:49,2026-05-01 10:24:11,,pending,National,5018294070,1948,Invoice,,Local Services Ads,ended,2023-06-15
7403920,924-255-5564,682991,797949,5673,Benson and Sons,98437.11,59186.08,2026-05-01,2026-05-01 09:16:49,2026-05-01 10:24:11,,pending,National,5018294070,1948,Invoice,,Local Services Ads,running,
9232111,924-255-5564,619951,926160,5673,Cunningham-Klein,60564.38,44219.73,2026-05-01,2026-05-01 09:12:41,2026-05-01 10:24:11,,pending,National,5081483002,1948,Invoice,,Local Services Ads,running,
9232111,924-255-5564,619951,926160,5673,Cunningham-Klein,94331.49,32883.13,2026-05-01,2026-05-01 09:12:41,2026-05-01 10:24:11,,pending,National,5081483002,1948,Invoice,,Local Services Ads,ended,2023-06-20
9639972,924-255-5564,484845,833866,5673,Martinez Inc,52598.49,0,2026-05-01,2026-05-01 09:09:57,2026-05-01 10:24:11,,pending,National,1963472049,1948,Invoice,,Local Services Ads,ended,2023-06-23
9639972,924-255-5564,484845,833866,5673,Martinez Inc,59015.95,0,2026-05-01,2026-05-01 09:09:57,2026-05-01 10:24:11,,pending,National,1963472049,1948,Invoice,,Local Services Ads,running,
3765861,924-255-5564,367940,155699,5673,Weaver Ltd,5487.98,51828,2026-05-01,2026-05-01 09:09:29,2026-05-01 10:24:11,,pending,National,2879753447,2303,Invoice,,Local Services Ads,running,
2958661,924-255-5564,405947,570928,5673,"Clarke, Davis and Gilbert",44863.89,29421.71,2026-05-01,2026-05-01 09:05:06,2026-05-01 09:06:26,,pending,National,8096660864,1948,Invoice,,Local Services Ads,running,
2958661,924-255-5564,405947,570928,5673,"Clarke, Davis and Gilbert",41705.74,56656.63,2026-05-01,2026-05-01 09:05:06,2026-05-01 09:06:26,,pending,National,8096660864,1948,Invoice,,Local Services Ads,ended,2023-06-22
4837638,924-255-5564,802250,855450,5673,Williamson-Williams,62148.41,57874.26,2026-05-01,2026-05-01 09:04:29,2026-05-01 09:06:26,,pending,National,8467793943,1948,Invoice,,Local Services Ads,running,
4837638,924-255-5564,802250,855450,5673,Williamson-Williams,93203.51,16076.19,2026-05-01,2026-05-01 09:04:29,2026-05-01 09:06:26,,pending,National,8467793943,1948,Invoice,,Local Services Ads,ended,2023-06-15
8046223,924-255-5564,824842,993772,5673,"Bennett, Morgan and Tyler",8969.67,47345.05,2026-05-01,2026-05-01 09:02:25,2026-05-01 09:06:26,,pending,National,9048989151,2303,Invoice,,Local Services Ads,running,
8930723,924-255-5564,840325,264473,5673,Gardner Group,43644.42,4974.34,2026-05-01,2026-05-01 09:00:41,2026-05-01 09:06:26,,pending,National,0610440789,1948,Invoice,,Local Services Ads,ended,2023-06-23
8930723,924-255-5564,840325,264473,5673,Gardner Group,38564.45,33158.33,2026-05-01,2026-05-01 09:00:41,2026-05-01 09:06:26,,pending,National,0610440789,1948,Invoice,,Local Services Ads,running,
4181845,924-255-5564,515747,649451,5673,"Andrews, Brown and Brown",58295.8,0,2026-05-01,2026-05-01 08:55:58,2026-05-01 09:06:26,,pending,National,9100632648,1948,Invoice,,Local Services Ads,ended,2023-06-15
4181845,924-255-5564,515747,649451,5673,"Andrews, Brown and Brown",84157.65,0,2026-05-01,2026-05-01 08:55:58,2026-05-01 09:06:26,,pending,National,9100632648,1948,Invoice,,Local Services Ads,running,
6741168,924-255-5564,743566,140570,5673,Hunter-Maddox,93420.66,22963.27,2026-05-01,2026-05-01 08:55:39,2026-05-01 09:06:26,,pending,National,8855701319,1948,Invoice,,Local Services Ads,running,
6741168,924-255-5564,743566,140570,5673,Hunter-Maddox,14291.9,43798.56,2026-05-01,2026-05-01 08:55:39,2026-05-01 09:06:26,,pending,National,8855701319,1948,Invoice,,Local Services Ads,ended,2023-06-23
0522424,924-255-5564,089371,240535,5673,Chapman PLC,92712.36,5011.81,2026-05-01,2026-05-01 08:53:24,2026-05-01 09:06:26,,pending,National,1301427073,2303,Invoice,,Local Services Ads,running,
4564069,924-255-5564,898361,919986,5673,Trujillo-Sexton,37055.78,0,2026-05-01,2026-05-01 08:53:02,2026-05-01 09:06:26,,pending,National,2505556886,1948,Invoice,,Local Services Ads,ended,2023-06-20
4564069,924-255-5564,898361,919986,5673,Trujillo-Sexton,13659.21,0,2026-05-01,2026-05-01 08:53:02,2026-05-01 09:06:26,,pending,National,2505556886,1948,Invoice,,Local Services Ads,running,
3558130,924-255-5564,740769,792393,5673,Murray-Miller,89053.29,27799.26,2026-05-01,2026-05-01 08:46:20,2026-05-01 09:06:26,,pending,National,9656907429,1948,Invoice,,Local Services Ads,running,
3558130,924-255-5564,740769,792393,5673,Murray-Miller,98167.24,58804.29,2026-05-01,2026-05-01 08:46:20,2026-05-01 09:06:26,,pending,National,9656907429,1948,Invoice,,Local Services Ads,ended,2023-06-23
8014053,924-255-5564,050570,848332,5673,"Shelton, Gamble and Irwin",36510.67,0,2026-05-01,2026-05-01 08:45:50,2026-05-01 09:06:26,,pending,National,3761028165,1948,Invoice,,Local Services Ads,running,
8014053,924-255-5564,050570,848332,5673,"Shelton, Gamble and Irwin",45067.53,0,2026-05-01,2026-05-01 08:45:50,2026-05-01 09:06:26,,pending,National,3761028165,1948,Invoice,,Local Services Ads,ended,2023-06-21
0808785,924-255-5564,767639,349240,5673,Pugh LLC,83967.76,26312.63,2026-05-01,2026-05-01 08:37:18,2026-05-01 08:42:33,,pending,National,0470939675,1948,Invoice,,Local Services Ads,ended,2023-11-09
0808785,924-255-5564,767639,349240,5673,Pugh LLC,20288.83,4823.37,2026-05-01,2026-05-01 08:37:18,2026-05-01 08:42:33,,pending,National,0470939675,1948,Invoice,,Local Services Ads,running,
6619964,924-255-5564,710174,527784,5673,Garcia-Fernandez,2419.13,33316.38,2026-05-01,2026-05-01 08:36:50,2026-05-01 08:42:33,,pending,National,1973627335,1948,Invoice,,Local Services Ads,running,
6619964,924-255-5564,710174,527784,5673,Garcia-Fernandez,8084.13,28651.81,2026-05-01,2026-05-01 08:36:50,2026-05-01 08:42:33,,pending,National,1973627335,1948,Invoice,,Local Services Ads,ended,2023-06-20
0551698,924-255-5564,372339,786774,9932,Collins and Sons,82009.7,51616.68,2026-05-02,2026-05-01 08:34:29,2026-05-01 08:36:07,,pending,National,5377898392,1948,Credit Card,,Local Services Ads,ended,2023-06-15
0551698,924-255-5564,372339,786774,9932,Collins and Sons,17465.66,42572.22,2026-05-02,2026-05-01 08:34:29,2026-05-01 08:36:07,,pending,National,5377898392,1948,Credit Card,,Local Services Ads,running,
5653597,924-255-5564,283000,496512,5673,"Alexander, Thornton and Turner",38296.6,23050.44,2026-05-01,2026-05-01 08:04:41,2026-05-01 08:42:33,,pending,National,3344036730,2303,Invoice,,Local Services Ads,running,
3002895,924-255-5564,641591,096047,5673,"Jones, Castaneda and Davis",75489.44,0,2026-05-01,2026-05-01 08:04:23,2026-05-01 08:42:33,,pending,National,8457713564,1948,Invoice,,Local Services Ads,running,
3002895,924-255-5564,641591,096047,5673,"Jones, Castaneda and Davis",43088.16,0,2026-05-01,2026-05-01 08:04:23,2026-05-01 08:42:33,,pending,National,8457713564,1948,Invoice,,Local Services Ads,ended,2023-06-23
4312088,924-255-5564,072086,897556,5673,Edwards-Jefferson,84973.89,15875.54,2026-05-01,2026-05-01 08:01:02,2026-05-01 08:42:33,,pending,National,7398110635,1948,Invoice,,Local Services Ads,running,
4312088,924-255-5564,072086,897556,5673,Edwards-Jefferson,75022.35,48971.86,2026-05-01,2026-05-01 08:01:02,2026-05-01 08:42:33,,pending,National,7398110635,1948,Invoice,,Local Services Ads,ended,2023-06-13
0649194,924-255-5564,315058,908526,5673,"Silva, Pena and Dennis",27232.64,52244.28,2026-05-01,2026-05-01 08:00:41,2026-05-01 08:42:33,,pending,National,6630784570,1948,Invoice,,Local Services Ads,ended,2023-06-20
0649194,924-255-5564,315058,908526,5673,"Silva, Pena and Dennis",34068.74,59222.01,2026-05-01,2026-05-01 08:00:41,2026-05-01 08:42:33,,pending,National,6630784570,1948,Invoice,,Local Services Ads,running,
2940332,924-255-5564,783887,666010,5673,Powell-Patterson,14449.11,53386.36,2026-05-01,2026-05-01 07:56:43,2026-05-01 08:42:33,,pending,National,8535106357,1948,Invoice,,Local Services Ads,running,
2940332,924-255-5564,783887,666010,5673,Powell-Patterson,32499.73,17691.63,2026-05-01,2026-05-01 07:56:43,2026-05-01 08:42:33,,pending,National,8535106357,1948,Invoice,,Local Services Ads,ended,2023-06-22
3549258,924-255-5564,572875,655122,5673,Wells-Carlson,98240.21,0,2026-05-01,2026-05-01 07:56:25,2026-05-01 08:42:33,,pending,National,8449636490,1948,Invoice,,Local Services Ads,running,
3549258,924-255-5564,572875,655122,5673,Wells-Carlson,62652.07,0,2026-05-01,2026-05-01 07:56:25,2026-05-01 08:42:33,,pending,National,8449636490,1948,Invoice,,Local Services Ads,ended,2023-06-22
8341768,924-255-5564,836078,743475,5673,Mcpherson-Thompson,78099.11,0,2026-05-01,2026-05-01 07:52:03,2026-05-01 08:42:33,,pending,National,1796002934,1948,Invoice,,Local Services Ads,ended,2023-06-15
8341768,924-255-5564,836078,743475,5673,Mcpherson-Thompson,43819.92,0,2026-05-01,2026-05-01 07:52:03,2026-05-01 08:42:33,,pending,National,1796002934,1948,Invoice,,Local Services Ads,running,
0279207,924-255-5564,090391,923608,5673,Simmons-Keller,19827.76,48974.85,2026-05-01,2026-05-01 07:50:30,2026-05-01 08:42:33,,pending,National,4464658850,1948,Invoice,,Local Services Ads,running,
0279207,924-255-5564,090391,923608,5673,Simmons-Keller,28638.2,28365.19,2026-05-01,2026-05-01 07:50:30,2026-05-01 08:42:33,,pending,National,4464658850,1948,Invoice,,Local Services Ads,ended,2023-06-22
0174706,924-255-5564,002170,978981,5673,Clark-Henry,4586.11,0,2026-05-01,2026-05-01 07:48:23,2026-05-01 08:42:33,,pending,National,7587725285,1948,Invoice,,Local Services Ads,running,
0174706,924-255-5564,002170,978981,5673,Clark-Henry,97347.48,0,2026-05-01,2026-05-01 07:48:23,2026-05-01 08:42:33,,pending,National,7587725285,1948,Invoice,,Local Services Ads,ended,2023-06-22
9216536,924-255-5564,299495,901686,6385,Lawrence Ltd,8855.59,7587.91,2026-05-01,2026-05-01 07:22:04,2026-05-01 07:32:57,,pending,National,9634011723,1948,Invoice,,Local Services Ads,ended,2023-06-15
9216536,924-255-5564,299495,901686,6385,Lawrence Ltd,47794.68,35493.36,2026-05-01,2026-05-01 07:22:04,2026-05-01 07:32:57,,pending,National,9634011723,1948,Invoice,,Local Services Ads,running,
4206473,924-255-5564,361296,221406,6385,"Wolf, Parker and Sanchez",6637.41,6357.25,2026-05-01,2026-05-01 07:20:38,2026-05-01 07:32:57,,pending,National,1084575806,2303,Invoice,,Local Services Ads,running,
4359518,924-255-5564,468677,798080,6385,Stokes Group,59648.16,0,2026-05-01,2026-05-01 07:18:54,2026-05-01 07:32:57,,pending,National,9164336135,1948,Invoice,,Local Services Ads,ended,2023-06-23
4359518,924-255-5564,468677,798080,6385,Stokes Group,38556.59,0,2026-05-01,2026-05-01 07:18:54,2026-05-01 07:32:57,,pending,National,9164336135,1948,Invoice,,Local Services Ads,running,
0813595,924-255-5564,468677,798080,6385,Henderson-Smith,15983.79,0,2026-05-01,2026-05-01 07:17:06,2026-05-01 07:32:57,,pending,National,7589192526,1948,Invoice,,Local Services Ads,ended,2023-06-15
0813595,924-255-5564,468677,798080,6385,Henderson-Smith,14853.47,0,2026-05-01,2026-05-01 07:17:06,2026-05-01 07:32:57,,pending,National,7589192526,1948,Invoice,,Local Services Ads,running,
3323788,924-255-5564,830835,727391,2872,"Pham, Price and Long",25591.57,53760.77,2026-05-02,2026-05-01 06:47:34,2026-05-01 06:57:44,,,National,2767574260,2101,Invoice,,XMO,running,
6679041,924-255-5564,841390,226975,2872,"Griffith, Strickland and Jones",4138.26,35163.24,2026-05-02,2026-05-01 06:46:50,2026-05-01 06:57:44,,,National,6734843780,2101,Invoice,,XMO,running,
3568439,924-255-5564,362370,380062,2872,Brown Inc,84263.24,4632.21,2026-05-02,2026-05-01 06:46:50,2026-05-01 06:57:44,,,National,9406457850,2101,Invoice,,XMO,running,
1718082,924-255-5564,072527,317395,2872,Russell PLC,98618.41,27729.92,2026-05-02,2026-05-01 06:46:29,2026-05-01 06:57:44,,,National,8205487204,2101,Invoice,,XMO,running,
6126838,924-255-5564,329991,294302,2872,"Winters, Nelson and Nichols",4599.27,28816.91,2026-05-02,2026-05-01 06:46:14,2026-05-01 06:57:44,,,National,6040076936,2101,Invoice,,XMO,running,
2120308,924-255-5564,550728,954516,2872,Odom Ltd,48588.23,51870.81,2026-05-02,2026-05-01 06:46:08,2026-05-01 06:57:44,,,National,3922651318,2101,Invoice,,XMO,running,
0609747,924-255-5564,178635,527737,2872,"Brown, Turner and Stone",96851.31,8006.34,2026-05-02,2026-05-01 06:45:51,2026-05-01 06:57:44,,,National,6601956262,2101,Invoice,,XMO,running,
7904312,924-255-5564,797450,526876,2872,Jones PLC,50140.12,33078.83,2026-05-02,2026-05-01 06:45:40,2026-05-01 06:57:44,,,National,2909578177,2101,Invoice,,XMO,running,
5538231,924-255-5564,369269,756131,2872,Davis Inc,4863.64,16111.19,2026-05-02,2026-05-01 06:45:33,2026-05-01 06:57:44,,,National,1033090427,2101,Invoice,,XMO,running,
4579629,924-255-5564,102547,211067,2872,Powell-Johnson,91329.1,35409.53,2026-05-02,2026-05-01 06:45:14,2026-05-01 06:57:44,,,National,8489668256,2101,Invoice,,XMO,running,
8957520,924-255-5564,819239,868395,2872,Harris-Lang,91683.45,31219.28,2026-05-02,2026-05-01 06:44:58,2026-05-01 06:57:44,,,National,2128458877,2101,Invoice,,XMO,running,
5831307,924-255-5564,687119,959008,2872,Lyons-Holland,79158.32,11152.22,2026-05-02,2026-05-01 06:44:52,2026-05-01 06:57:44,,,National,7738062594,2101,Invoice,,XMO,running,
8156097,924-255-5564,579394,621450,2872,Peterson-Curry,62617.28,6987.66,2026-05-02,2026-05-01 06:44:33,2026-05-01 06:57:44,,,National,4039148993,2101,Invoice,,XMO,running,
1563961,924-255-5564,615977,448203,2872,"Hart, Davis and Schroeder",33491.25,2743.3,2026-05-02,2026-05-01 06:44:27,2026-05-01 06:57:44,,,National,9702297545,2101,Invoice,,XMO,running,
9403916,924-255-5564,760599,413623,2872,Mason Group,67393.99,27336.87,2026-05-02,2026-05-01 06:44:15,2026-05-01 06:44:26,,,National,7148892772,2101,Invoice,,XMO,running,
7861836,924-255-5564,664298,524093,2872,Byrd PLC,94703.75,31175.42,2026-05-02,2026-05-01 06:43:54,2026-05-01 06:44:26,,,National,7873149057,2101,Invoice,,XMO,running,
4335510,924-255-5564,423813,291204,2872,Cruz-Benson,24864.34,51863.95,2026-05-02,2026-05-01 06:43:43,2026-05-01 06:44:26,,,National,6080213455,2101,Invoice,,XMO,running,
9010915,924-255-5564,670767,137900,2872,"Alexander, Terry and Pena",84062.01,39292.53,2026-05-02,2026-05-01 06:43:39,2026-05-01 06:44:26,,,National,3003170742,2101,Invoice,,XMO,running,
6385449,924-255-5564,665022,365018,2872,"Perez, Horn and Navarro",15234.1,6514.73,2026-05-02,2026-05-01 06:43:04,2026-05-01 06:44:26,,,National,3562256709,2101,Invoice,,XMO,running,
0207403,924-255-5564,882165,122810,2872,Cunningham Inc,93202.7,9050.96,2026-05-02,2026-05-01 06:42:57,2026-05-01 06:44:26,,,National,1748454745,2101,Invoice,,XMO,running,
0818354,924-255-5564,004059,157966,2872,"Mullins, Richards and Lee",91928.91,6689.55,2026-05-02,2026-05-01 06:42:45,2026-05-01 06:44:26,,,National,2272550600,2101,Invoice,,XMO,running,
7846962,924-255-5564,602314,325875,2872,"Simmons, Kelley and Hahn",80712.87,48057.53,2026-05-02,2026-05-01 06:42:15,2026-05-01 06:44:26,,,National,4098210474,2101,Invoice,,XMO,running,
8646649,924-255-5564,394293,741977,2872,"Mcdaniel, Harper and Simmons",79831.55,9691.93,2026-05-02,2026-05-01 06:42:04,2026-05-01 06:44:26,,,National,5799837237,2101,Invoice,,XMO,running,
4690270,924-255-5564,589018,994466,2872,"Newman, Davis and Cardenas",22386.48,40755.45,2026-05-02,2026-05-01 06:41:57,2026-05-01 06:44:26,,,National,0676450202,2101,Invoice,,XMO,running,
4270967,924-255-5564,439051,129705,2872,"Fox, Solomon and Weiss",34374.62,46950.32,2026-05-02,2026-05-01 06:41:34,2026-05-01 06:44:26,,,National,8881192027,2101,Invoice,,XMO,running,
6447789,924-255-5564,845195,686593,2872,"Adams, Johnson and Gonzalez",25139.86,25658.96,2026-05-02,2026-05-01 06:41:25,2026-05-01 06:44:26,,,National,3449089758,2101,Invoice,,XMO,running,
3014455,924-255-5564,897431,324072,2872,Castaneda-Cohen,67081.23,56626.52,2026-05-02,2026-05-01 06:41:14,2026-05-01 06:44:26,,,National,5635505460,2101,Invoice,,XMO,running,
2796320,924-255-5564,710078,340989,2872,"Black, Hebert and Ferguson",63072.46,39540.17,2026-05-02,2026-05-01 06:40:57,2026-05-01 06:44:26,,,National,9254232824,2101,Invoice,,XMO,running,
0240356,924-255-5564,237733,156988,2872,Newman LLC,18924.6,42120.02,2026-05-02,2026-05-01 06:40:43,2026-05-01 06:44:26,,,National,8011818410,2101,Invoice,,XMO,running,
6434776,924-255-5564,929797,551016,2872,Parker and Sons,3134.9,18185.17,2026-05-02,2026-05-01 06:40:17,2026-05-01 06:44:26,,,National,9709919641,2101,Invoice,,XMO,running,
5905553,924-255-5564,045626,872971,2872,Castillo-Lopez,60144.86,1185.62,2026-05-02,2026-05-01 06:40:05,2026-05-01 06:44:26,,,National,7162320417,2101,Invoice,,XMO,running,
9438502,924-255-5564,660713,271543,2872,Roach-Woods,7050.05,41090.91,2026-05-02,2026-05-01 06:39:58,2026-05-01 06:44:26,,,National,0338586159,2101,Invoice,,XMO,running,
6982473,924-255-5564,917940,950630,2872,Martinez-Moore,1551.04,33167.8,2026-05-02,2026-05-01 06:39:45,2026-05-01 06:44:26,,,National,6352174377,2101,Invoice,,XMO,running,
9035562,924-255-5564,968563,925972,2872,"Davis, Cline and Martinez",87425.44,59043.57,2026-05-02,2026-05-01 06:39:28,2026-05-01 06:44:26,,,National,6273104976,2101,Invoice,,XMO,running,
0394492,924-255-5564,160137,081100,2872,Brown-Arnold,15949.21,17314.1,2026-05-02,2026-05-01 06:39:12,2026-05-01 06:44:26,,,National,5138820586,2101,Invoice,,XMO,running,
6080355,924-255-5564,643063,993092,2872,"Boyd, Leonard and Hogan",69595.38,47410.91,2026-05-02,2026-05-01 06:38:55,2026-05-01 06:44:26,,,National,9875383580,2101,Invoice,,XMO,running,
1024667,924-255-5564,053816,000082,2872,Cole-Williams,9752.33,59541.37,2026-05-02,2026-05-01 06:38:20,2026-05-01 06:44:26,,,National,9707553892,2101,Invoice,,XMO,running,
4993669,924-255-5564,979578,708905,2872,"Rodriguez, Carney and Rogers",86058.36,7163.73,2026-05-02,2026-05-01 06:38:19,2026-05-01 06:44:26,,,National,3381123562,2101,Invoice,,XMO,running,
1661239,924-255-5564,523363,123027,2872,Washington-Watson,5660.96,4880.76,2026-05-02,2026-05-01 06:38:05,2026-05-01 06:44:26,,,National,1417045068,2101,Invoice,,XMO,running,
7150090,924-255-5564,440348,500043,2872,Jensen-Mendez,1383.79,20146.75,2026-05-02,2026-05-01 06:37:40,2026-05-01 06:44:26,,,National,2697539344,2101,Invoice,,XMO,running,
6232324,924-255-5564,960707,776676,2872,Garza PLC,8043.69,18580.5,2026-05-02,2026-05-01 06:37:05,2026-05-01 06:44:26,,,National,7828099767,2101,Invoice,,XMO,running,
9374592,924-255-5564,692226,718031,2872,Valenzuela-Davis,79372.24,13690.41,2026-05-02,2026-05-01 06:36:53,2026-05-01 06:44:26,,,National,4178426329,2101,Invoice,,XMO,running,
4363204,924-255-5564,382522,789224,2872,"Carroll, Juarez and Harris",71789.85,44996,2026-05-02,2026-05-01 06:36:34,2026-05-01 06:44:26,,,National,8526614447,2101,Invoice,,XMO,running,
7876036,924-255-5564,914647,595240,2872,Harper Ltd,80114.17,943.45,2026-05-02,2026-05-01 06:36:26,2026-05-01 06:44:26,,,National,9441848549,2101,Invoice,,XMO,running,
7521744,924-255-5564,857712,647314,2872,"Johnson, Hughes and Wyatt",76016.14,8956.76,2026-05-02,2026-05-01 06:35:43,2026-05-01 06:44:26,,,National,2659469964,2101,Invoice,,XMO,running,
2800448,924-255-5564,490179,603854,2872,Christensen LLC,49367.1,33863.79,2026-05-02,2026-05-01 06:35:38,2026-05-01 06:44:26,,,National,0762495730,2101,Invoice,,XMO,running,
8157237,924-255-5564,819495,008791,2872,Hernandez-Miller,70246.22,52386.96,2026-05-02,2026-05-01 06:35:24,2026-05-01 06:44:26,,,National,5257288444,2101,Invoice,,XMO,running,
1915978,924-255-5564,763100,144956,2872,Cruz PLC,16158.83,14027.92,2026-05-02,2026-05-01 06:35:03,2026-05-01 06:44:26,,,National,3893390917,2101,Invoice,,XMO,running,
1761950,924-255-5564,213568,609841,2872,"Holt, Murray and Craig",73880.9,49394.79,2026-05-02,2026-05-01 06:34:28,2026-05-01 06:44:26,,,National,3870309471,2101,Invoice,,XMO,running,
9001079,924-255-5564,491743,832298,2872,"Pineda, Liu and Waters",6219.53,19511.07,2026-05-02,2026-05-01 06:34:11,2026-05-01 06:44:26,,,National,8023464618,2101,Invoice,,XMO,running,
8173083,924-255-5564,879966,233621,2872,Thornton PLC,67486.32,57960.46,2026-05-02,2026-05-01 06:34:07,2026-05-01 06:44:26,,,National,2756455068,2101,Invoice,,XMO,running,
6993137,924-255-5564,056946,524215,2872,"Pollard, King and Wang",2405.92,17851.2,2026-05-02,2026-05-01 06:33:44,2026-05-01 06:44:26,,,National,9716295513,2101,Invoice,,XMO,running,
6155790,924-255-5564,354700,550917,2872,Powell-Patterson,6572.8,54481.48,2026-05-02,2026-05-01 06:33:32,2026-05-01 06:44:26,,,National,7067325399,2101,Invoice,,XMO,running,
2640946,924-255-5564,318671,002692,2872,Hernandez-Edwards,82616.25,39183.78,2026-05-02,2026-05-01 06:33:25,2026-05-01 06:44:26,,,National,2022086359,2101,Invoice,,XMO,running,
7183283,924-255-5564,914847,590785,2872,Gordon Inc,67019.56,25936.95,2026-05-02,2026-05-01 06:32:42,2026-05-01 06:33:18,,,National,4909387919,2101,Invoice,,XMO,running,
7074777,924-255-5564,676964,687150,2872,Torres-Grant,28011.01,282.57,2026-05-02,2026-05-01 06:32:34,2026-05-01 06:33:18,,,National,8839479391,2101,Invoice,,XMO,running,
3410484,924-255-5564,864655,244479,2872,"Morgan, Holmes and Peck",32547.41,11090.26,2026-05-02,2026-05-01 06:32:12,2026-05-01 06:33:18,,,National,5525462228,2101,Invoice,,XMO,running,
6152292,924-255-5564,430558,127897,2872,Moody-Schmitt,26369.79,9245.13,2026-05-02,2026-05-01 06:31:57,2026-05-01 06:33:18,,,National,8632367954,2101,Invoice,,XMO,running,
5275875,924-255-5564,056861,276410,2872,Hart LLC,60511.69,996.92,2026-05-02,2026-05-01 06:31:50,2026-05-01 06:33:18,,,National,6604820181,2101,Invoice,,XMO,running,
5826104,924-255-5564,805652,822354,2872,"White, Taylor and Ramirez",15044.1,41342.15,2026-05-02,2026-05-01 06:31:26,2026-05-01 06:33:18,,,National,1449800297,2101,Invoice,,XMO,running,
2394132,924-255-5564,231488,198247,2872,"Bridges, Carlson and Rios",70968.78,54380.97,2026-05-02,2026-05-01 06:31:17,2026-05-01 06:33:18,,,National,9613729059,2101,Invoice,,XMO,running,
1407138,924-255-5564,608493,895553,2872,Reynolds Inc,45938.44,5234.48,2026-05-02,2026-05-01 06:31:03,2026-05-01 06:33:18,,,National,3355673263,2101,Invoice,,XMO,running,
3281730,924-255-5564,267394,131124,2872,"Wright, Martinez and Smith",80191.49,44618.62,2026-05-02,2026-05-01 06:30:43,2026-05-01 06:33:18,,,National,0400889581,2101,Invoice,,XMO,running,
3675254,924-255-5564,593043,401981,2872,Marks-Russell,22157.63,34412.8,2026-05-02,2026-05-01 06:30:33,2026-05-01 06:33:18,,,National,7733201328,2101,Invoice,,XMO,running,
3949930,924-255-5564,514446,279985,2872,Holloway-Nguyen,43762.02,17332.98,2026-05-02,2026-05-01 06:30:20,2026-05-01 06:33:18,,,National,3268615395,2101,Invoice,,XMO,running,
0844873,924-255-5564,651249,914351,2872,"Pratt, Jimenez and Clarke",32794.63,39911.11,2026-05-02,2026-05-01 06:29:48,2026-05-01 06:33:18,,,National,4135226433,2101,Invoice,,XMO,running,
1175227,924-255-5564,435694,093410,2872,Smith-Henry,20619.19,55917.67,2026-05-02,2026-05-01 06:29:48,2026-05-01 06:33:18,,,National,9870823077,2101,Invoice,,XMO,running,
1655525,924-255-5564,666382,704341,2872,Morris Inc,1892.16,17834.99,2026-05-02,2026-05-01 06:29:22,2026-05-01 06:33:18,,,National,7604509398,2101,Invoice,,XMO,running,
2782496,924-255-5564,132595,139293,2872,Wilson-Gomez,83581.84,18779.61,2026-05-02,2026-05-01 06:29:00,2026-05-01 06:33:18,,,National,1451909880,2101,Invoice,,XMO,running,
2634877,924-255-5564,971798,910706,2872,Smith Ltd,5825.46,58667.58,2026-05-02,2026-05-01 06:28:47,2026-05-01 06:33:18,,,National,0842077973,2101,Invoice,,XMO,running,
8151766,924-255-5564,194828,277184,2872,Snyder Ltd,28097.25,54691.86,2026-05-02,2026-05-01 06:28:10,2026-05-01 06:33:18,,,National,9574308360,2101,Invoice,,XMO,running,
6483668,924-255-5564,025148,409431,2872,"Mays, Sawyer and Morrison",60086.51,35764.13,2026-05-02,2026-05-01 06:27:33,2026-05-01 06:33:18,,,National,0268743001,2101,Invoice,,XMO,running,
9960810,924-255-5564,066068,171508,2872,Smith-Torres,56077.36,38070.37,2026-05-02,2026-05-01 06:26:43,2026-05-01 06:33:18,,,National,2279379122,2101,Invoice,,XMO,running,
9344424,924-255-5564,276428,798176,2872,Davis-Williams,66669.65,38867.91,2026-05-02,2026-05-01 06:25:43,2026-05-01 06:33:18,,,National,9945021453,2101,Invoice,,XMO,running,
1214551,924-255-5564,610593,761452,2872,"Snyder, Underwood and Mckee",15565.17,14334.24,2026-05-02,2026-05-01 06:25:10,2026-05-01 06:33:18,,,National,6706999423,2101,Invoice,,XMO,running,
5565728,924-255-5564,252903,178289,2872,Oliver Group,19134.13,48025.37,2026-05-02,2026-05-01 06:24:35,2026-05-01 06:33:18,,,National,9194953018,2101,Invoice,,XMO,running,
5578109,924-255-5564,776732,003386,2872,Miles-Hernandez,49923.8,22344.86,2026-05-02,2026-05-01 06:23:57,2026-05-01 06:33:18,,,National,5823041864,2101,Invoice,,XMO,running,
1675409,924-255-5564,573603,800552,2872,Carr-Simon,86724.1,42280.78,2026-05-02,2026-05-01 06:23:22,2026-05-01 06:33:18,,,National,9123064983,2101,Invoice,,XMO,running,
2998398,924-255-5564,174197,102832,2872,"Jenkins, Leon and Smith",8626.22,49543.48,2026-05-02,2026-05-01 06:21:08,2026-05-01 06:21:44,,,National,1118067735,2101,Invoice,,XMO,running,
9952847,924-255-5564,051652,166475,2872,"Grimes, Martin and Petty",60976.69,19748.64,2026-05-02,2026-05-01 06:20:40,2026-05-01 06:21:44,,,National,4312203611,2101,Invoice,,XMO,running,
7942339,924-255-5564,647346,443121,2872,Novak-Walsh,68817.38,47987.52,2026-05-02,2026-05-01 06:20:27,2026-05-01 06:21:44,,,National,3895485621,2101,Invoice,,XMO,running,
1213319,924-255-5564,138439,683785,2872,"Lindsey, Mejia and Williams",85303.85,16905.94,2026-05-02,2026-05-01 06:20:16,2026-05-01 06:21:44,,,National,0965040512,2101,Invoice,,XMO,running,
3496257,924-255-5564,123610,143384,2872,Francis-Barrett,84286.19,59690.48,2026-05-02,2026-05-01 06:19:53,2026-05-01 06:21:44,,,National,7088003825,2101,Invoice,,XMO,running,
4972746,924-255-5564,068548,503963,2872,"Harvey, Kaiser and Garcia",56579.94,36646.46,2026-05-02,2026-05-01 06:19:35,2026-05-01 06:21:44,,,National,2267264782,2101,Invoice,,XMO,running,
9075143,924-255-5564,410093,326976,2872,"Brandt, Young and Patrick",44489.07,33452.56,2026-05-02,2026-05-01 06:19:35,2026-05-01 06:21:44,,,National,1462977036,2101,Invoice,,XMO,running,
3304435,924-255-5564,087011,314386,2872,Unknown Business,69277.62,30776.89,2026-05-02,2026-05-01 06:18:48,2026-05-01 06:19:11,,,National,4040709640,2101,Invoice,,XMO,running,
9340506,924-255-5564,876366,846051,2872,"Jacobs, Perez and Osborn",18807.18,56488.66,2026-05-02,2026-05-01 06:18:45,2026-05-01 06:19:11,,,National,2291619431,2101,Invoice,,XMO,running,
9942489,924-255-5564,004171,178424,2872,Deleon Inc,80471.99,10693.81,2026-05-02,2026-05-01 06:18:31,2026-05-01 06:19:11,,,National,2982487345,2101,Invoice,,XMO,running,
0673588,924-255-5564,793587,354102,2872,Munoz Ltd,59649.33,17496.69,2026-05-02,2026-05-01 06:17:59,2026-05-01 06:19:11,,,National,2537595445,2101,Invoice,,XMO,running,
8375577,924-255-5564,869321,230353,2872,"Schroeder, Decker and Bush",89206.42,49604.78,2026-05-02,2026-05-01 06:17:46,2026-05-01 06:19:11,,,National,7210168763,2101,Invoice,,XMO,running,
2699055,924-255-5564,810888,761680,2872,Mclean-Allen,38983.74,56773.8,2026-05-02,2026-05-01 06:17:14,2026-05-01 06:19:11,,,National,9848672383,2101,Invoice,,XMO,running,
4095916,924-255-5564,408283,979804,2872,Hernandez PLC,60532.17,48538.33,2026-05-02,2026-05-01 06:16:43,2026-05-01 06:19:11,,,National,0831812174,2101,Invoice,,XMO,running,
2533821,924-255-5564,771846,136218,2872,Bennett-Finley,64508.14,24411.75,2026-05-02,2026-05-01 06:16:27,2026-05-01 06:19:11,,,National,2326207265,2101,Invoice,,XMO,running,
2466130,924-255-5564,911898,371930,2872,"Perkins, Summers and Young",4577.33,21297.25,2026-05-02,2026-05-01 06:16:22,2026-05-01 06:19:11,,,National,4286044940,2101,Invoice,,XMO,running,
4792695,924-255-5564,588720,225129,2872,Sanders-Farrell,74470.57,26812.64,2026-05-02,2026-05-01 06:16:03,2026-05-01 06:19:11,,,National,4558632872,2101,Invoice,,XMO,running,
9771717,924-255-5564,477021,575298,2872,Barton-Mckinney,83793,36448.3,2026-05-02,2026-05-01 06:15:44,2026-05-01 06:19:11,,,National,2823415081,2101,Invoice,,XMO,running,
3549696,924-255-5564,902607,449278,2872,"Norman, Gray and Nelson",80895.82,14426.04,2026-05-02,2026-05-01 06:15:43,2026-05-01 06:19:11,,,National,7150700291,2101,Invoice,,XMO,running,
9886691,924-255-5564,767626,688020,2872,Jacobs LLC,28324.75,17101.96,2026-05-02,2026-05-01 06:15:22,2026-05-01 06:19:11,,,National,9122009860,2101,Invoice,,XMO,running,
1766366,924-255-5564,885913,586363,2872,Perry-Johnson,73920.41,35859.49,2026-05-02,2026-05-01 06:14:59,2026-05-01 06:19:11,,,National,9891169583,2101,Invoice,,XMO,running,
8407291,924-255-5564,697678,283967,2872,Hayes-Lopez,8430.17,54537.88,2026-05-02,2026-05-01 06:14:59,2026-05-01 06:19:11,,,National,5995966204,2101,Invoice,,XMO,running,
7375910,924-255-5564,505169,086906,2872,Hall-Cook,31202.89,51518.18,2026-05-02,2026-05-01 06:14:39,2026-05-01 06:19:11,,,National,2089191550,2101,Invoice,,XMO,running,
9573589,924-255-5564,898662,649899,2872,Porter Ltd,49889.58,39993.51,2026-05-02,2026-05-01 06:14:17,2026-05-01 06:19:11,,,National,5062828369,2101,Invoice,,XMO,running,
0977854,924-255-5564,536923,359257,2872,Cook-Harvey,38179.52,40921.54,2026-05-02,2026-05-01 06:14:16,2026-05-01 06:19:11,,,National,7506546633,2101,Invoice,,XMO,running,
5233114,924-255-5564,018109,043258,2872,Vance Group,83882.83,38191.72,2026-05-02,2026-05-01 06:13:53,2026-05-01 06:19:11,,,National,7624154775,2101,Invoice,,XMO,running,
3611679,924-255-5564,390029,357825,2872,Guerra-Baker,75647.72,58132.03,2026-05-02,2026-05-01 06:13:31,2026-05-01 06:19:11,,,National,5705475019,2101,Invoice,,XMO,running,
2975029,924-255-5564,573857,753547,2872,Paul-Hopkins,3325.37,46722.52,2026-05-02,2026-05-01 06:13:00,2026-05-01 06:19:11,,,National,4956045418,2101,Invoice,,XMO,running,
5427640,924-255-5564,566827,378879,2872,Doyle PLC,92912.62,47692.64,2026-05-02,2026-05-01 06:12:49,2026-05-01 06:19:11,,,National,6441086164,2101,Invoice,,XMO,ended,2025-07-22
5427640,924-255-5564,566827,378879,2872,Doyle PLC,53233.89,53551.71,2026-05-02,2026-05-01 06:12:49,2026-05-01 06:19:11,,,National,6441086164,2101,Invoice,,XMO,running,
2503819,924-255-5564,920623,814359,2872,Miller-Davis,42811.62,44873.47,2026-05-02,2026-05-01 06:12:33,2026-05-01 06:19:11,,,National,8101404585,2101,Invoice,,XMO,running,
2638782,924-255-5564,117718,933476,2872,"Shields, Harris and Ballard",52392.54,26651.25,2026-05-02,2026-05-01 06:12:01,2026-05-01 06:19:11,,,National,1537693430,2101,Invoice,,XMO,running,
8741197,924-255-5564,345386,106183,2872,Fuller-Wilson,37746.9,1705.47,2026-05-02,2026-05-01 06:10:50,2026-05-01 06:19:11,,,National,7878963090,2101,Invoice,,XMO,running,
8087307,924-255-5564,579696,880150,2872,Wright-Fisher,89773.76,5063.5,2026-05-02,2026-05-01 06:10:15,2026-05-01 06:19:11,,,National,4929597037,2101,Invoice,,XMO,running,
0078190,924-255-5564,656714,631220,2872,Thompson-Villa,6447.16,43663.74,2026-05-02,2026-05-01 06:09:41,2026-05-01 06:19:11,,,National,9783691073,2101,Invoice,,XMO,running,
3403645,924-255-5564,248785,511221,2872,Wright-Green,77729.97,58083.06,2026-05-02,2026-05-01 06:09:35,2026-05-01 06:19:11,,,National,3155102419,2101,Invoice,,XMO,running,
2617180,924-255-5564,851669,693431,2872,"Gibbs, Gilbert and Holmes",20979.09,34923.12,2026-05-02,2026-05-01 06:09:13,2026-05-01 06:19:11,,,National,7176614566,2101,Invoice,,XMO,running,
2168980,924-255-5564,962481,602901,2872,Nash and Sons,38413.62,15327.48,2026-05-02,2026-05-01 06:08:40,2026-05-01 06:19:11,,,National,8930897806,2101,Invoice,,XMO,running,
1467058,924-255-5564,994143,367422,2872,Davis-Williams,10232.46,31095.97,2026-05-02,2026-05-01 06:07:49,2026-05-01 06:19:11,,,National,6987932568,2101,Invoice,,XMO,running,
3564190,924-255-5564,876222,780217,2872,Leonard Group,74789.72,17745.78,2026-05-02,2026-05-01 06:07:13,2026-05-01 06:19:11,,,National,8995425559,2101,Invoice,,XMO,running,
5322127,924-255-5564,668296,868944,2872,"Chang, Campbell and Simmons",60897.94,13461.34,2026-05-02,2026-05-01 06:07:11,2026-05-01 06:19:11,,,National,2094835416,2101,Invoice,,XMO,running,
0148592,924-255-5564,009486,504799,2872,Brown-Wright,94074.05,11763.13,2026-05-02,2026-05-01 06:06:54,2026-05-01 06:19:11,,,National,5705703015,2101,Invoice,,XMO,running,
4064241,924-255-5564,940213,950391,2872,Davis-Elliott,73603.7,21938.39,2026-05-02,2026-05-01 06:06:31,2026-05-01 06:19:11,,,National,9048926992,2101,Invoice,,XMO,running,
4264525,924-255-5564,769721,052871,2872,Rojas-Henderson,71890.54,9946.53,2026-05-02,2026-05-01 06:06:15,2026-05-01 06:19:11,,,National,6462444032,2101,Invoice,,XMO,running,
1170099,924-255-5564,480161,271562,2872,"Greene, Acosta and Lyons",47715.72,2811.5,2026-05-02,2026-05-01 06:05:51,2026-05-01 06:19:11,,,National,3740879305,2101,Invoice,,XMO,running,
9252716,924-255-5564,667885,462747,2872,Gregory LLC,15396.19,45907.16,2026-05-02,2026-05-01 06:05:08,2026-05-01 06:19:11,,,National,4433277247,2101,Invoice,,XMO,running,
8436001,924-255-5564,734040,613497,2872,Hamilton-Sanders,90920.88,57493.84,2026-05-02,2026-05-01 06:05:06,2026-05-01 06:19:11,,,National,5848838318,2101,Invoice,,XMO,running,
0139517,924-255-5564,261001,025723,2872,"Whitaker, Ellis and Fleming",34974.3,43519.12,2026-05-02,2026-05-01 06:04:35,2026-05-01 06:19:11,,,National,1218290950,2101,Invoice,,XMO,running,
3809722,924-255-5564,054044,110048,2872,Martin-Anderson,64429.92,51518.53,2026-05-02,2026-05-01 06:03:58,2026-05-01 06:19:11,,,National,4968870608,2101,Invoice,,XMO,running,
5169178,924-255-5564,332802,595341,2872,Powell-Patterson,37516.41,2854.81,2026-05-01,2026-05-01 06:03:55,2026-05-01 06:19:11,,,National,5801832464,2101,Invoice,,XMO,running,
0630883,924-255-5564,756753,357663,2872,Boyle-Rodriguez,24210.56,41871.57,2026-05-02,2026-05-01 06:03:29,2026-05-01 06:19:11,,,National,2030709022,2101,Invoice,,XMO,running,
1684214,924-255-5564,878986,558842,2872,Henderson and Sons,34684.65,1023.29,2026-05-02,2026-05-01 06:03:25,2026-05-01 06:19:11,,,National,1102459778,2101,Invoice,,XMO,running,
5492593,924-255-5564,795831,950803,2872,Spence-Donovan,94889.64,57861.35,2026-05-02,2026-05-01 06:03:02,2026-05-01 06:19:11,,,National,0156647489,2101,Invoice,,XMO,running,
2097143,924-255-5564,410067,746018,2872,"Robinson, Cruz and Weeks",13965.39,5463.78,2026-05-02,2026-05-01 06:02:38,2026-05-01 06:19:11,,,National,5398433292,2101,Invoice,,XMO,running,
2724882,924-255-5564,145628,577620,2872,Mccann LLC,24825.09,14105.43,2026-05-02,2026-05-01 06:02:03,2026-05-01 06:02:13,,,National,2689498545,2101,Invoice,,XMO,running,
4080784,924-255-5564,597645,595465,2872,"Burgess, Reyes and Johnson",54633.34,4327.06,2026-05-02,2026-05-01 06:00:47,2026-05-01 06:02:13,,,National,7944695276,2101,Invoice,,XMO,running,
4141111,924-255-5564,668796,724257,2872,Peters-Kelly,12001.8,44465.05,2026-05-02,2026-05-01 06:00:24,2026-05-01 06:02:13,,,National,2876157869,2101,Invoice,,XMO,running,
1480409,924-255-5564,103102,555040,2872,Turner Inc,59376.76,34879.23,2026-05-02,2026-05-01 06:00:00,2026-05-01 06:02:13,,,National,3951565218,2101,Invoice,,XMO,running,
7106181,924-255-5564,670463,167079,2872,"Patton, Estrada and Moore",2706.34,39708.72,2026-05-02,2026-05-01 05:59:41,2026-05-01 06:02:13,,,National,3741681761,2101,Invoice,,XMO,running,
6162171,924-255-5564,043053,678245,2872,Cox PLC,99324.47,5154.62,2026-05-02,2026-05-01 05:59:10,2026-05-01 06:02:13,,,National,0378362769,2101,Invoice,,XMO,running,
7423874,924-255-5564,663626,008125,2872,"Smith, Price and Larson",12953.6,51078.36,2026-05-02,2026-05-01 05:58:45,2026-05-01 06:02:13,,,National,6829881918,2101,Invoice,,XMO,running,
6143107,924-255-5564,477634,313516,2872,Ford-Gordon,5763.98,45734.61,2026-05-02,2026-05-01 05:58:22,2026-05-01 06:02:13,,,National,3883106481,2101,Invoice,,XMO,running,
7963600,924-255-5564,316616,452263,2872,Fernandez-Fuller,58351.7,45451.88,2026-05-02,2026-05-01 05:57:58,2026-05-01 06:02:13,,,National,7928709443,2101,Invoice,,XMO,running,
8273012,924-255-5564,803994,633761,2872,Eaton-Johnson,17189.69,9321.7,2026-05-02,2026-05-01 05:57:36,2026-05-01 06:02:13,,,National,5468331791,2101,Invoice,,XMO,running,
3455956,924-255-5564,252856,341403,2872,Dunn and Sons,52580.52,41283.31,2026-05-02,2026-05-01 05:57:12,2026-05-01 06:02:13,,,National,5334502499,2101,Invoice,,XMO,running,
7415799,924-255-5564,643607,527833,2872,Stokes PLC,89485.19,57044.86,2026-05-02,2026-05-01 05:56:49,2026-05-01 06:02:13,,,National,7390571930,2101,Invoice,,XMO,running,
9580403,924-255-5564,906378,184921,2872,Duncan-Perez,83521.85,52907.69,2026-05-02,2026-05-01 05:56:26,2026-05-01 06:02:13,,,National,8225429828,2101,Invoice,,XMO,running,
1921651,924-255-5564,323365,912436,2872,"Maddox, Bass and Ross",78913.54,51953.81,2026-05-02,2026-05-01 05:56:05,2026-05-01 06:02:13,,,National,5064036380,2101,Invoice,,XMO,running,
7401481,924-255-5564,992322,518037,2872,Sullivan-Martin,6099.75,47058,2026-05-02,2026-05-01 05:55:36,2026-05-01 06:02:13,,,National,5203049361,2101,Invoice,,XMO,running,
1140309,924-255-5564,774086,110148,2872,"Gutierrez, Jones and Tran",8314.51,49004.47,2026-05-02,2026-05-01 05:54:52,2026-05-01 06:02:13,,,National,1546717462,2101,Invoice,,XMO,running,
3844275,924-255-5564,048427,890039,2872,Jones-Smith,43093.89,8210.46,2026-05-02,2026-05-01 05:54:19,2026-05-01 06:02:13,,,National,6733930250,2101,Invoice,,XMO,running,
3669804,924-255-5564,508379,732083,2872,"Banks, Fisher and Richards",43883.51,41492.34,2026-05-02,2026-05-01 05:52:47,2026-05-01 06:02:13,,,National,4343449434,2101,Invoice,,XMO,running,
7000655,924-255-5564,401305,034845,2872,Edwards Ltd,10912.78,24947.65,2026-05-02,2026-05-01 05:51:48,2026-05-01 06:02:13,,,National,4514015124,2101,Invoice,,XMO,running,
1834633,924-255-5564,741504,534197,2872,Cox Inc,56724.4,16299.81,2026-05-02,2026-05-01 05:51:15,2026-05-01 06:02:13,,,National,4052353857,2101,Invoice,,XMO,running,
0805850,924-255-5564,194903,118412,2872,Shaw Ltd,55754.66,6009.34,2026-05-02,2026-05-01 05:50:25,2026-05-01 06:02:13,,,National,5592307681,2101,Invoice,,XMO,running,
6328790,924-255-5564,679284,232057,2872,Young Inc,67812.23,8303.73,2026-05-02,2026-05-01 05:50:00,2026-05-01 06:02:13,,,National,7979032540,2101,Invoice,,XMO,running,
5142813,924-255-5564,696155,861172,2872,Lee-Heath,38680.76,22490.75,2026-05-02,2026-05-01 05:49:56,2026-05-01 05:50:00,,,National,8112548987,2101,Invoice,,XMO,running,
8498675,924-255-5564,167162,159815,2872,Estes-Parker,43278.71,27743.85,2026-05-02,2026-05-01 05:49:36,2026-05-01 05:50:00,,,National,8084399691,2101,Invoice,,XMO,running,
5679947,924-255-5564,346447,978084,2872,Bartlett-Acosta,14868.11,16568.38,2026-05-02,2026-05-01 05:49:13,2026-05-01 05:50:00,,,National,8992654013,2101,Invoice,,XMO,running,
7128972,924-255-5564,064900,574157,2872,Perez and Sons,58506.42,15953.71,2026-05-02,2026-05-01 05:49:09,2026-05-01 05:50:00,,,National,6877680466,2101,Invoice,,XMO,running,
6830472,924-255-5564,013764,140767,2872,Ortega-Patel,80536.71,30643.97,2026-05-02,2026-05-01 05:48:50,2026-05-01 05:50:00,,,National,2037438111,2101,Invoice,,XMO,running,
3086598,924-255-5564,529565,793095,2872,Mcdonald Ltd,85546.15,2054.25,2026-05-02,2026-05-01 05:48:32,2026-05-01 05:50:00,,,National,8555436442,2101,Invoice,,XMO,running,
4610299,924-255-5564,272266,030687,2872,"Farmer, Smith and Lowe",66686.85,19683.17,2026-05-02,2026-05-01 05:48:28,2026-05-01 05:50:00,,,National,1145886211,2101,Invoice,,XMO,running,
4557260,924-255-5564,864925,111940,2872,"Curry, Wiggins and Cummings",78938.82,1882.89,2026-05-02,2026-05-01 05:47:10,2026-05-01 05:50:00,,,National,2790027530,2101,Invoice,,XMO,ended,2026-04-07
7136714,924-255-5564,429308,185176,2872,Vance PLC,479.08,14912.82,2026-05-02,2026-05-01 05:46:23,2026-05-01 05:50:00,,,National,4778568032,2101,Invoice,,XMO,running,
1775527,924-255-5564,532622,588548,2872,Powell-Patterson,64775.73,33079.81,2026-05-02,2026-05-01 05:45:46,2026-05-01 05:50:00,,,National,1950034276,2101,Invoice,,XMO,running,
9525394,924-255-5564,620906,708148,2872,"Nguyen, Jimenez and Carter",49624.83,29212.08,2026-05-02,2026-05-01 05:45:40,2026-05-01 05:50:00,,,National,9685666860,2101,Invoice,,XMO,running,
7633737,924-255-5564,164775,812098,2872,Wilkins Inc,7172.96,28277.03,2026-05-02,2026-05-01 05:45:19,2026-05-01 05:50:00,,,National,6715980588,2101,Invoice,,XMO,running,
6520717,924-255-5564,902388,019445,2872,Lee Ltd,60325.94,29428.27,2026-05-02,2026-05-01 05:45:09,2026-05-01 05:50:00,,,National,8112102943,2101,Invoice,,XMO,running,
6066561,924-255-5564,178825,174264,2872,"Bullock, Campos and Kelley",54848.6,47835.18,2026-05-02,2026-05-01 05:44:55,2026-05-01 05:50:00,,,National,6885601096,2101,Invoice,,XMO,running,
3380619,924-255-5564,670020,118038,2872,"Neal, Graham and Castillo",3871.1,18009.42,2026-05-02,2026-05-01 05:44:32,2026-05-01 05:50:00,,,National,6314648153,2101,Invoice,,XMO,running,
7398248,924-255-5564,348369,872984,2872,Jordan and Sons,17568.04,34473.66,2026-05-02,2026-05-01 05:44:31,2026-05-01 05:50:00,,,National,3902375317,2101,Invoice,,XMO,running,
8442806,924-255-5564,800221,754005,2872,"Meyer, Franklin and Miller",9796.03,406.18,2026-05-02,2026-05-01 05:44:14,2026-05-01 05:50:00,,,National,3062960548,2101,Invoice,,XMO,running,
0553681,924-255-5564,576928,975893,2872,Scott Inc,94627.36,41390.14,2026-05-02,2026-05-01 05:43:54,2026-05-01 05:50:00,,,National,5896769919,2101,Invoice,,XMO,running,
6899803,924-255-5564,053382,745999,2872,Miller Ltd,52239.83,45285.77,2026-05-02,2026-05-01 05:42:57,2026-05-01 05:50:00,,,National,0755419081,2101,Invoice,,XMO,running,
5342655,924-255-5564,301430,966790,2872,Thomas LLC,15116.13,33320.78,2026-05-02,2026-05-01 05:42:18,2026-05-01 05:50:00,,,National,3328013392,2101,Invoice,,XMO,running,
1272205,924-255-5564,213384,005424,2872,"Scott, Wood and Taylor",43046.79,48303.05,2026-05-02,2026-05-01 05:41:36,2026-05-01 05:50:00,,,National,4389081938,2101,Invoice,,XMO,running,
5464689,924-255-5564,934467,214513,2872,Johnson and Sons,60159.18,36177.21,2026-05-02,2026-05-01 05:40:56,2026-05-01 05:50:00,,,National,1657619180,2101,Invoice,,XMO,running,
3531128,924-255-5564,948743,358762,2872,Clarke Group,63629.1,29737.83,2026-05-02,2026-05-01 05:40:18,2026-05-01 05:50:00,,,National,1574897549,2101,Invoice,,XMO,running,
5775412,924-255-5564,765470,252524,2872,Stephens-Curtis,80419.81,49166.1,2026-05-02,2026-05-01 05:39:41,2026-05-01 05:50:00,,,National,4686034977,2101,Invoice,,XMO,running,
0906667,924-255-5564,818566,883806,2872,Dunn-Miller,24756.75,14554.21,2026-05-02,2026-05-01 05:39:22,2026-05-01 05:50:00,,,National,4505513079,2101,Invoice,,XMO,running,
1256568,924-255-5564,693036,121908,2872,"Morgan, Haley and Cooper",87551.32,32231.33,2026-05-02,2026-05-01 05:39:02,2026-05-01 05:50:00,,,National,7898614439,2101,Invoice,,XMO,running,
3098364,924-255-5564,975057,588668,2872,Rodriguez-Rodriguez,28768.91,4034.14,2026-05-02,2026-05-01 05:38:47,2026-05-01 05:50:00,,,National,7422602170,2101,Invoice,,XMO,running,
1012531,924-255-5564,143287,639409,2872,"Owens, Sampson and Espinoza",25410.9,176.67,2026-05-02,2026-05-01 05:38:15,2026-05-01 05:50:00,,,National,5990239265,2101,Invoice,,XMO,running,
8080632,924-255-5564,307847,011314,2872,"Yang, Roberts and Woods",29256.46,41191.06,2026-05-02,2026-05-01 05:38:08,2026-05-01 05:50:00,,,National,5810389261,2101,Invoice,,XMO,running,
3196350,924-255-5564,087373,582708,2872,Powell-Morrow,73942.32,33604.54,2026-05-02,2026-05-01 05:37:54,2026-05-01 05:50:00,,,National,4468062366,2101,Invoice,,XMO,running,
4159970,924-255-5564,507881,866907,2872,"Cook, Smith and Gordon",50761.4,9925.78,2026-05-02,2026-05-01 05:37:12,2026-05-01 05:50:00,,,National,0419166462,2101,Invoice,,XMO,running,
0753287,924-255-5564,898866,224997,2872,"Perez, Horn and Navarro",68234.61,44021.69,2026-05-02,2026-05-01 05:36:20,2026-05-01 05:50:00,,,National,8125943958,2101,Invoice,,XMO,running,
5910036,924-255-5564,539501,080845,2872,"Ramos, Walls and Green",53539.59,14827.24,2026-05-02,2026-05-01 05:35:43,2026-05-01 05:35:57,,,National,4597641474,2101,Invoice,,XMO,running,
1571412,924-255-5564,686897,267019,2872,Delgado LLC,60913.73,33636.5,2026-05-02,2026-05-01 05:35:33,2026-05-01 05:35:57,,,National,8120693710,2101,Invoice,,XMO,running,
3975577,924-255-5564,322948,325206,2872,Rocha PLC,87610.68,57105.89,2026-05-02,2026-05-01 05:35:17,2026-05-01 05:35:57,,,National,8205283446,2101,Invoice,,XMO,running,
9028047,924-255-5564,880896,878830,2872,Bailey Ltd,14462.1,48528.28,2026-05-02,2026-05-01 05:34:53,2026-05-01 05:35:57,,,National,5265833490,2101,Invoice,,XMO,running,
2111340,924-255-5564,721916,764308,2872,"Turner, Campbell and Davis",68138.8,38921.61,2026-05-02,2026-05-01 05:34:52,2026-05-01 05:35:57,,,National,4617153828,2101,Invoice,,XMO,running,
8739236,924-255-5564,905815,145746,2872,Smith and Sons,403.64,51487.24,2026-05-02,2026-05-01 05:34:11,2026-05-01 05:35:57,,,National,8429524950,2101,Invoice,,XMO,running,
0388769,924-255-5564,562901,905198,2872,Mcbride Group,21443.22,19146.27,2026-05-02,2026-05-01 05:33:40,2026-05-01 05:35:57,,,National,5061517643,2101,Invoice,,XMO,running,
9455618,924-255-5564,565335,836887,2872,Ayers Ltd,70206.6,9726.81,2026-05-02,2026-05-01 05:33:28,2026-05-01 05:35:57,,,National,0702158059,2101,Invoice,,XMO,running,
5374821,924-255-5564,180256,751188,2872,Moore PLC,42814.98,47291.24,2026-05-02,2026-05-01 05:32:49,2026-05-01 05:35:57,,,National,1374441108,2101,Invoice,,XMO,running,
8461645,924-255-5564,972332,426250,2872,"Robertson, Ray and Burns",68830.04,9272.3,2026-05-02,2026-05-01 05:32:45,2026-05-01 05:35:57,,,National,0962051576,2101,Invoice,,XMO,running,
4174672,924-255-5564,108163,273003,2872,Hall-Rowland,82424.65,58169.51,2026-05-02,2026-05-01 05:31:57,2026-05-01 05:35:57,,,National,7876503959,2101,Invoice,,XMO,running,
6297360,924-255-5564,713238,486785,2872,Gonzalez Inc,73468.04,26081.61,2026-05-02,2026-05-01 05:31:39,2026-05-01 05:35:57,,,National,1819765133,2101,Invoice,,XMO,running,
0032065,924-255-5564,961638,018210,2872,Olsen-Whitehead,47447.96,15398.31,2026-05-02,2026-05-01 05:30:58,2026-05-01 05:35:57,,,National,8012900358,2101,Invoice,,XMO,running,
0690596,924-255-5564,959697,125136,2872,Mills-Everett,4055.12,20418.83,2026-05-02,2026-05-01 05:30:25,2026-05-01 05:35:57,,,National,0930109620,2101,Invoice,,XMO,running,
2461225,924-255-5564,587447,211387,2872,Cowan-Doyle,67849.34,52150.77,2026-05-02,2026-05-01 05:30:03,2026-05-01 05:35:57,,,National,8266336179,2101,Invoice,,XMO,running,
5778886,924-255-5564,960524,825341,2872,Morgan-Martinez,20335.36,4260.74,2026-05-02,2026-05-01 05:29:50,2026-05-01 05:35:57,,,National,9228102987,2101,Invoice,,XMO,running,
9801817,924-255-5564,449970,156293,2872,Torres-Thompson,81879.14,45694.37,2026-05-02,2026-05-01 05:28:52,2026-05-01 05:35:57,,,National,2843335353,2101,Invoice,,XMO,running,
7006583,924-255-5564,698953,713017,2872,Ruiz PLC,22856.19,3210.44,2026-05-02,2026-05-01 05:28:31,2026-05-01 05:35:57,,,National,0223766600,2101,Invoice,,XMO,running,
1222534,924-255-5564,309508,417132,2872,Price and Sons,26377.63,51505.28,2026-05-02,2026-05-01 05:28:12,2026-05-01 05:35:57,,,National,1537408814,2101,Invoice,,XMO,running,
7580110,924-255-5564,681769,437110,2872,Clark Group,86392.82,10693.53,2026-05-02,2026-05-01 05:27:14,2026-05-01 05:35:57,,,National,9319667703,2101,Invoice,,XMO,running,
8165896,924-255-5564,315074,049159,2872,White Inc,52388.05,5032.64,2026-05-02,2026-05-01 05:25:35,2026-05-01 05:35:57,,,National,2242961223,2101,Invoice,,XMO,running,
7410384,924-255-5564,140775,399289,2872,"Cruz, Buchanan and Wolf",86232.42,5594.73,2026-05-02,2026-05-01 05:24:10,2026-05-01 05:35:57,,,National,6475856946,2101,Invoice,,XMO,running,
9280607,924-255-5564,648944,213983,2872,"Rhodes, Greene and Peters",70950.82,15490.38,2026-05-02,2026-05-01 05:23:32,2026-05-01 05:35:57,,,National,7165523858,2101,Invoice,,XMO,running,
8605083,924-255-5564,859997,986841,2872,Bright and Sons,3403.43,39820.03,2026-05-02,2026-05-01 05:23:01,2026-05-01 05:35:57,,,National,6306865853,2101,Invoice,,XMO,running,
5148306,924-255-5564,003761,000552,2872,"Melendez, Clark and Oneal",57193.93,17280.3,2026-05-02,2026-05-01 05:22:41,2026-05-01 05:35:57,,,National,1067397930,2101,Invoice,,XMO,running,
8257754,924-255-5564,152729,716383,2872,Powell-Patterson,90750.12,28384.47,2026-05-02,2026-05-01 05:22:06,2026-05-01 05:35:57,,,National,8790094986,2101,Invoice,,XMO,running,
8682626,924-255-5564,699757,687490,2872,Ayers Ltd,66550.45,33355.03,2026-05-02,2026-05-01 05:21:40,2026-05-01 05:35:57,,,National,5423707981,2101,Invoice,,XMO,running,
7821604,924-255-5564,571637,983072,2872,Lee-Dickson,68437.76,32850.66,2026-05-02,2026-05-01 05:21:19,2026-05-01 05:35:57,,,National,2839633624,2101,Invoice,,XMO,running,
7341501,924-255-5564,089519,801036,2872,Anderson PLC,71665.52,29742.95,2026-05-02,2026-05-01 05:20:56,2026-05-01 05:35:57,,,National,9404601278,2101,Invoice,,XMO,running,
3100363,924-255-5564,173257,787466,2872,Davis-Williams,85437.66,12758.09,2026-05-02,2026-05-01 05:20:32,2026-05-01 05:35:57,,,National,3244557590,2101,Invoice,,XMO,running,
8137359,924-255-5564,552563,766695,2872,Goodman-Lucero,68336.11,8375.18,2026-05-02,2026-05-01 05:20:09,2026-05-01 05:35:57,,,National,0269636991,2101,Invoice,,XMO,running,
7389530,924-255-5564,483459,333983,2872,Castillo-Lopez,89343.64,6882.9,2026-05-02,2026-05-01 05:19:48,2026-05-01 05:20:01,,,National,0626955441,2101,Invoice,,XMO,running,
2165710,924-255-5564,892865,192746,2872,"Vega, Pope and Barnett",82675.32,26430.48,2026-05-02,2026-05-01 05:19:25,2026-05-01 05:20:01,,,National,3343796242,2101,Invoice,,XMO,running,
9794008,924-255-5564,329913,547042,2872,Cabrera Group,13385.81,38897.53,2026-05-02,2026-05-01 05:19:25,2026-05-01 05:20:01,,,National,4276187515,2101,Invoice,,XMO,running,
4861198,924-255-5564,868844,900220,2872,Rodriguez and Sons,34153.54,14985.14,2026-05-02,2026-05-01 05:19:02,2026-05-01 05:20:01,,,National,0021224091,2101,Invoice,,XMO,running,
0878043,924-255-5564,766303,471561,2872,Wood-Cunningham,59180.07,40887.83,2026-05-02,2026-05-01 05:18:38,2026-05-01 05:20:01,,,National,5437645942,2101,Invoice,,XMO,running,
0125681,924-255-5564,114847,899486,2872,"Davis, Miller and Weaver",66074.63,19730.65,2026-05-02,2026-05-01 05:17:48,2026-05-01 05:20:01,,,National,2824600512,2101,Invoice,,XMO,running,
8890413,924-255-5564,418429,854635,2872,Barton LLC,18908.15,25390.16,2026-05-02,2026-05-01 05:17:27,2026-05-01 05:20:01,,,National,7371213063,2101,Invoice,,XMO,running,
0537202,924-255-5564,084214,578538,2872,Woodward LLC,77681.6,18520.34,2026-05-02,2026-05-01 05:16:54,2026-05-01 05:20:01,,,National,6563181374,2101,Invoice,,XMO,running,
3310014,924-255-5564,175651,039285,2872,Williams PLC,14843.76,35107.34,2026-05-02,2026-05-01 05:16:20,2026-05-01 05:20:01,,,National,7914765755,2101,Invoice,,XMO,running,
2627460,924-255-5564,092505,583086,2872,Potter LLC,82549.57,8012.02,2026-05-02,2026-05-01 05:15:42,2026-05-01 05:20:01,,,National,6551175999,2101,Invoice,,XMO,running,
3382807,924-255-5564,687297,731036,2872,"Fisher, Elliott and Sanchez",34975.1,106.77,2026-05-02,2026-05-01 05:15:34,2026-05-01 05:20:01,,,National,4294468162,2101,Invoice,,XMO,running,
6896242,924-255-5564,588895,534073,2872,"Kim, Taylor and Walsh",51155.4,29561.77,2026-05-02,2026-05-01 05:15:12,2026-05-01 05:20:01,,,National,1073640279,2101,Invoice,,XMO,running,
1722033,924-255-5564,728939,986329,2872,"Martinez, Gonzales and Gates",35285.98,23709.59,2026-05-02,2026-05-01 05:15:06,2026-05-01 05:20:01,,,National,1809392128,2101,Invoice,,XMO,running,
2138116,924-255-5564,952775,639502,2872,"Parrish, Rivera and Quinn",48143.18,32128.42,2026-05-02,2026-05-01 05:14:52,2026-05-01 05:20:01,,,National,7792401393,2101,Invoice,,XMO,running,
7494892,924-255-5564,281038,052814,2872,"Kim, Phillips and Price",96039.97,4167.85,2026-05-02,2026-05-01 05:14:33,2026-05-01 05:20:01,,,National,5477678812,2101,Invoice,,XMO,running,
8460582,924-255-5564,162742,105888,2872,"Ryan, Parks and Avila",38665.55,40402.41,2026-05-02,2026-05-01 05:14:30,2026-05-01 05:20:01,,,National,3998089800,2101,Invoice,,XMO,running,
0620660,924-255-5564,532373,939176,2872,Ferguson and Sons,99521.11,48516.75,2026-05-02,2026-05-01 05:14:09,2026-05-01 05:20:01,,,National,7886442717,2101,Invoice,,XMO,running,
8273355,924-255-5564,140131,445751,2872,Hughes-Martinez,4674.52,25930.26,2026-05-02,2026-05-01 05:13:57,2026-05-01 05:20:01,,,National,1655426490,2101,Invoice,,XMO,running,
2479727,924-255-5564,508812,688348,2872,Roman Ltd,41778.52,36035.81,2026-05-02,2026-05-01 05:13:43,2026-05-01 05:20:01,,,National,5927903785,2101,Invoice,,XMO,running,
3376409,924-255-5564,169371,470370,2872,"Ray, Ward and Flores",20195.35,36640.53,2026-05-02,2026-05-01 05:13:22,2026-05-01 05:20:01,,,National,6028797742,2101,Invoice,,XMO,running,
2529198,924-255-5564,385563,254412,2872,Hamilton Inc,19610.47,39993.67,2026-05-02,2026-05-01 05:13:22,2026-05-01 05:20:01,,,National,1692802035,2101,Invoice,,XMO,running,
9669988,924-255-5564,957803,168944,2872,Smith Inc,37037.98,18407.26,2026-05-02,2026-05-01 05:13:02,2026-05-01 05:20:01,,,National,5216029381,2101,Invoice,,XMO,running,
8191792,924-255-5564,942424,446189,2872,"Hunter, Anderson and Schroeder",43196.49,40864.19,2026-05-02,2026-05-01 05:12:49,2026-05-01 05:20:01,,,National,0086290757,2101,Invoice,,XMO,running,
7119912,924-255-5564,381459,516133,2872,"Young, Carlson and Henry",5804.89,48803.38,2026-05-02,2026-05-01 05:12:40,2026-05-01 05:20:01,,,National,3104969486,2101,Invoice,,XMO,running,
6311599,924-255-5564,039664,834838,2872,"Mccoy, Malone and Parker",37359.13,39067.39,2026-05-02,2026-05-01 05:12:19,2026-05-01 05:20:01,,,National,8896424106,2101,Invoice,,XMO,running,
5507639,924-255-5564,303322,365678,2872,Anderson Inc,10580.63,10230.42,2026-05-02,2026-05-01 05:12:17,2026-05-01 05:20:01,,,National,6700224493,2101,Invoice,,XMO,running,
6064025,924-255-5564,493359,063345,2872,Smith Inc,31726.91,53032.95,2026-05-02,2026-05-01 05:11:57,2026-05-01 05:20:01,,,National,3996163632,2101,Invoice,,XMO,running,
0237836,924-255-5564,800841,565612,2872,Lutz LLC,9491.35,52592.71,2026-05-02,2026-05-01 05:11:40,2026-05-01 05:20:01,,,National,7859260709,2101,Invoice,,XMO,running,
4355720,924-255-5564,571334,470055,2872,Smith LLC,13033.4,7040.53,2026-05-02,2026-05-01 05:11:39,2026-05-01 05:20:01,,,National,4470788277,2101,Invoice,,XMO,running,
1572129,924-255-5564,439521,659210,2872,Riddle PLC,302.36,219.31,2026-05-02,2026-05-01 05:11:10,2026-05-01 05:20:01,,,National,8595879043,2101,Invoice,,XMO,running,
8820975,924-255-5564,840410,736844,2872,"Jordan, Hurst and Hancock",65364.07,27757.32,2026-05-02,2026-05-01 05:11:07,2026-05-01 05:20:01,,,National,6174417570,2101,Invoice,,XMO,running,
4025605,924-255-5564,374623,958017,2872,Richardson LLC,17118.75,49721.75,2026-05-02,2026-05-01 05:10:40,2026-05-01 05:20:01,,,National,4723776837,2101,Invoice,,XMO,running,
7498625,924-255-5564,224775,074867,2872,Cook Group,27905.53,42836.94,2026-05-02,2026-05-01 05:10:34,2026-05-01 05:20:01,,,National,6916838709,2101,Invoice,,XMO,running,
2366341,924-255-5564,208355,672553,2872,Smith PLC,24985.83,19941.78,2026-05-02,2026-05-01 05:10:17,2026-05-01 05:10:32,,,National,2976653008,2101,Invoice,,XMO,running,
0987173,924-255-5564,745928,597102,2872,"Tapia, Harper and Ferguson",86115.22,13180.91,2026-05-02,2026-05-01 05:09:55,2026-05-01 05:10:32,,,National,9457957685,2101,Invoice,,XMO,running,
3214758,924-255-5564,054887,314382,2872,Rubio PLC,1018.61,56373.87,2026-05-02,2026-05-01 05:09:32,2026-05-01 05:10:32,,,National,0844231764,2101,Invoice,,XMO,running,
3876677,924-255-5564,844886,878319,2872,"Ruiz, Cox and Schmidt",29022.55,52403.5,2026-05-02,2026-05-01 05:09:30,2026-05-01 05:10:32,,,National,7039438898,2101,Invoice,,XMO,running,
6229450,924-255-5564,855671,556716,2872,"Brown, Burton and Nelson",62029.27,60260.69,2026-05-02,2026-05-01 05:09:08,2026-05-01 05:10:32,,,National,7206290906,2101,Invoice,,XMO,running,
7511438,924-255-5564,380002,383461,2872,Hutchinson Ltd,30601.69,1201.92,2026-05-02,2026-05-01 05:08:48,2026-05-01 05:10:32,,,National,5532000178,2101,Invoice,,XMO,running,
2191243,924-255-5564,648451,883737,2872,"Perez, Ellison and Castillo",33883.59,4373.4,2026-05-02,2026-05-01 05:08:45,2026-05-01 05:10:32,,,National,2959663431,2101,Invoice,,XMO,running,
2145803,924-255-5564,527289,710415,2872,Harrison-Lam,91276.22,33624.61,2026-05-02,2026-05-01 05:08:06,2026-05-01 05:10:32,,,National,1130647471,2101,Invoice,,XMO,running,
0438886,924-255-5564,605172,767703,2872,"Soto, Green and Sanders",15596.11,51523.09,2026-05-02,2026-05-01 05:07:55,2026-05-01 05:10:32,,,National,7633098997,2101,Invoice,,XMO,running,
4189498,924-255-5564,313636,544771,2872,"Thompson, Webb and Hall",55239.38,29235.11,2026-05-02,2026-05-01 05:07:32,2026-05-01 05:10:32,,,National,0996001199,2101,Invoice,,XMO,running,
1773894,924-255-5564,162278,702418,2872,"Brewer, Benitez and Anderson",42155.33,50323.27,2026-05-02,2026-05-01 05:07:28,2026-05-01 05:10:32,,,National,6638427431,2101,Invoice,,XMO,running,
9557234,924-255-5564,582058,767009,2872,"Garcia, Hansen and Jones",52812.34,58289.24,2026-05-02,2026-05-01 05:07:08,2026-05-01 05:10:32,,,National,2785374948,2101,Invoice,,XMO,running,
2181596,924-255-5564,139009,017427,2872,Gray Group,21632.33,38835.18,2026-05-02,2026-05-01 05:06:49,2026-05-01 05:10:32,,,National,3310337561,2101,Invoice,,XMO,running,
7060498,924-255-5564,616344,659149,2872,"Martinez, Gilbert and Young",70719.52,47733.53,2026-05-02,2026-05-01 05:06:48,2026-05-01 05:10:32,,,National,1349660386,2101,Invoice,,XMO,running,
0036313,924-255-5564,005550,211126,2872,Henry-Maxwell,818.55,57472.03,2026-05-02,2026-05-01 05:06:11,2026-05-01 05:10:32,,,National,8673158187,2101,Invoice,,XMO,running,
3638549,924-255-5564,154921,916853,2872,Walker-Rasmussen,32222.54,51246.08,2026-05-02,2026-05-01 05:06:05,2026-05-01 05:10:32,,,National,2838339942,2101,Invoice,,XMO,running,
5030538,924-255-5564,489776,681468,2872,"Foster, Vega and Whitehead",82144.06,50123.34,2026-05-02,2026-05-01 05:05:38,2026-05-01 05:10:32,,,National,1370189391,2101,Invoice,,XMO,running,
3490574,924-255-5564,896586,248778,2872,"Myers, Ramos and Perry",55299.48,1233.78,2026-05-02,2026-05-01 05:05:30,2026-05-01 05:10:32,,,National,2198174349,2101,Invoice,,XMO,running,
0630680,924-255-5564,837569,014549,2872,Sandoval-Anderson,26747.86,51711.33,2026-05-02,2026-05-01 05:05:18,2026-05-01 05:10:32,,,National,7581219834,2101,Invoice,,XMO,running,
7879251,924-255-5564,725086,726544,2872,Reese-Wilson,22582.61,7403.36,2026-05-02,2026-05-01 05:04:48,2026-05-01 05:10:32,,,National,4251924256,2101,Invoice,,XMO,running,
9283545,924-255-5564,566541,529206,2872,Wolf-Hernandez,19293.63,51916.92,2026-05-02,2026-05-01 05:04:40,2026-05-01 05:10:32,,,National,4343759787,2101,Invoice,,XMO,running,
7629999,924-255-5564,980826,234034,2872,Williams-Sanchez,9388.67,48580.7,2026-05-02,2026-05-01 05:04:18,2026-05-01 05:10:32,,,National,3544001003,2101,Invoice,,XMO,running,
4053968,924-255-5564,941956,100642,2872,"Blair, Smith and Williams",77106,39734.11,2026-05-02,2026-05-01 05:04:11,2026-05-01 05:10:32,,,National,6944344626,2101,Invoice,,XMO,running,
9036180,924-255-5564,585874,344382,2872,Meyer PLC,4053.61,54482.45,2026-05-02,2026-05-01 05:03:54,2026-05-01 05:10:32,,,National,9383275965,2101,Invoice,,XMO,running,
9627850,924-255-5564,791616,425251,2872,Lee LLC,71244.23,10600.67,2026-05-02,2026-05-01 05:03:29,2026-05-01 05:10:32,,,National,3717615482,2101,Invoice,,XMO,running,
2857735,924-255-5564,676573,014025,2872,Martinez Group,12798.5,20979.75,2026-05-02,2026-05-01 05:03:26,2026-05-01 05:10:32,,,National,9289125133,2101,Invoice,,XMO,running,
7762848,924-255-5564,052317,498417,2872,Gutierrez and Sons,61154.87,48585.98,2026-05-02,2026-05-01 05:03:07,2026-05-01 05:10:32,,,National,1128894308,2101,Invoice,,XMO,running,
3382775,924-255-5564,415372,652421,2872,"Fox, Solomon and Weiss",64472.21,47225.81,2026-05-02,2026-05-01 05:02:48,2026-05-01 05:10:32,,,National,6036081980,2101,Invoice,,XMO,running,
9953486,924-255-5564,700816,956533,2872,Estes-Parker,62422.79,506.32,2026-05-02,2026-05-01 05:02:46,2026-05-01 05:10:32,,,National,3081612398,2101,Invoice,,XMO,running,
8912138,924-255-5564,133593,565365,2872,Young-Hunter,67419.45,28423.24,2026-05-02,2026-05-01 05:02:21,2026-05-01 05:10:32,,,National,2457404403,2101,Invoice,,XMO,running,
9007751,924-255-5564,132736,779099,2872,Wilson and Sons,73487.79,6937.28,2026-05-02,2026-05-01 05:02:13,2026-05-01 05:10:32,,,National,6797968530,2101,Invoice,,XMO,running,
9413214,924-255-5564,338585,241051,2872,"Franklin, Silva and Hodge",84082.03,8794.96,2026-05-02,2026-05-01 05:01:55,2026-05-01 05:10:32,,,National,3843664610,2101,Invoice,,XMO,running,
5376717,924-255-5564,568714,111587,2872,"Weber, Quinn and Jones",54392.79,23858.71,2026-05-02,2026-05-01 05:01:42,2026-05-01 05:10:32,,,National,5820901828,2101,Invoice,,XMO,running,
6620793,924-255-5564,229446,552959,2872,"Hill, Harmon and Fuller",6038.1,11952.41,2026-05-02,2026-05-01 05:01:34,2026-05-01 05:10:32,,,National,5901685490,2101,Invoice,,XMO,running,
8791265,924-255-5564,025603,332222,2872,Simon Group,10970.85,3657.31,2026-05-02,2026-05-01 05:01:16,2026-05-01 05:10:32,,,National,8257865215,2101,Invoice,,XMO,running,
4651681,924-255-5564,073260,422054,2872,"Parsons, Mercado and Rogers",58723.81,3396.88,2026-05-02,2026-05-01 05:01:01,2026-05-01 05:10:32,,,National,1569386341,2101,Invoice,,XMO,running,
4014725,924-255-5564,794238,422123,2872,Powell-Patterson,29904.35,16847.89,2026-05-02,2026-05-01 05:00:32,2026-05-01 05:10:32,,,National,0719806864,2101,Invoice,,XMO,running,
4734196,924-255-5564,083186,337453,2872,"Gonzales, Monroe and Kaufman",75512.08,42766.12,2026-05-02,2026-05-01 05:00:25,2026-05-01 05:10:32,,,National,3028663049,2101,Invoice,,XMO,running,
2343863,924-255-5564,323570,064945,2872,"Hartman, Wong and Powell",87820.65,23222.04,2026-05-02,2026-05-01 04:59:57,2026-05-01 05:10:32,,,National,9341728201,2101,Invoice,,XMO,running,
7581823,924-255-5564,705352,619206,2872,Patrick-Terrell,69790.1,36069.78,2026-05-02,2026-05-01 04:59:49,2026-05-01 05:10:32,,,National,5894475445,2101,Invoice,,XMO,running,
4349838,924-255-5564,069094,250823,2872,Jordan Ltd,90434.32,59304.84,2026-05-02,2026-05-01 04:59:28,2026-05-01 05:10:32,,,National,5295622444,2101,Invoice,,XMO,running,
8590783,924-255-5564,902190,933473,2872,Powell-Patterson,12678.78,38156.75,2026-05-02,2026-05-01 04:59:25,2026-05-01 05:10:32,,,National,3190505683,2101,Invoice,,XMO,running,
3074353,924-255-5564,212616,006026,2872,Flowers Group,27132.73,25309.31,2026-05-02,2026-05-01 04:59:05,2026-05-01 05:10:32,,,National,7882050446,2101,Invoice,,XMO,running,
2769316,924-255-5564,423803,142974,2872,Johnson-Armstrong,47851.44,44778.94,2026-05-02,2026-05-01 04:58:47,2026-05-01 04:59:04,,,National,6519994204,2101,Invoice,,XMO,running,
0520542,924-255-5564,084892,859283,2872,Ramirez-Washington,45984.85,44312.36,2026-05-02,2026-05-01 04:58:29,2026-05-01 04:59:04,,,National,7784239151,2101,Invoice,,XMO,running,
6536316,924-255-5564,642413,322189,2872,Mccarthy-Romero,79817.75,19736.92,2026-05-02,2026-05-01 04:58:14,2026-05-01 04:59:04,,,National,2879955521,2101,Invoice,,XMO,running,
1420993,924-255-5564,744582,827859,2872,"Miller, Frye and Davies",23458.79,40217.44,2026-05-02,2026-05-01 04:58:08,2026-05-01 04:59:04,,,National,1751048275,2101,Invoice,,XMO,running,
9737283,924-255-5564,622422,194677,2872,Elliott and Sons,91004.38,20454.23,2026-05-02,2026-05-01 04:57:38,2026-05-01 04:59:04,,,National,1845051014,2101,Invoice,,XMO,running,
4237715,924-255-5564,670503,568284,2872,Warner Group,45630.21,51689.3,2026-05-02,2026-05-01 04:57:21,2026-05-01 04:59:04,,,National,8540555674,2101,Invoice,,XMO,running,
7545087,924-255-5564,605586,460645,2872,Johnson Group,32011.81,41874.63,2026-05-02,2026-05-01 04:57:02,2026-05-01 04:59:04,,,National,0060885231,2101,Invoice,,XMO,running,
6438362,924-255-5564,838505,472763,2872,Simon-Obrien,26608.4,41324.87,2026-05-02,2026-05-01 04:56:57,2026-05-01 04:59:04,,,National,2693545172,2101,Invoice,,XMO,running,
8494391,924-255-5564,259506,509915,2872,"Griffith, Green and Simmons",34469.15,52638.3,2026-05-02,2026-05-01 04:56:35,2026-05-01 04:59:04,,,National,3952632788,2101,Invoice,,XMO,running,
1181128,924-255-5564,004251,981778,2872,"Lawson, Brown and Molina",52093.86,16945.14,2026-05-02,2026-05-01 04:56:17,2026-05-01 04:59:04,,,National,3713085775,2101,Invoice,,XMO,running,
1729340,924-255-5564,006847,488408,2872,Wilkerson and Sons,82332.46,22231.12,2026-05-02,2026-05-01 04:56:08,2026-05-01 04:59:04,,,National,8139083357,2101,Invoice,,XMO,running,
3419475,924-255-5564,817806,215361,2872,Sanchez-Jones,6002.74,49442.79,2026-05-02,2026-05-01 04:55:46,2026-05-01 04:59:04,,,National,7012797792,2101,Invoice,,XMO,running,
2695709,924-255-5564,396210,207298,2872,Houston Inc,45128.03,29351.56,2026-05-02,2026-05-01 04:55:34,2026-05-01 04:59:04,,,National,1230235616,2101,Invoice,,XMO,running,
4520561,924-255-5564,554920,992471,2872,Hubbard-Yang,50853.99,11786.53,2026-05-02,2026-05-01 04:55:21,2026-05-01 04:59:04,,,National,2661137947,2101,Invoice,,XMO,running,
9027628,924-255-5564,326619,406863,2872,Mcclure-Hanna,84363.71,14612.85,2026-05-02,2026-05-01 04:54:59,2026-05-01 04:59:04,,,National,4090846307,2101,Invoice,,XMO,running,
0566053,924-255-5564,127371,982483,2872,Lopez Ltd,16998.6,18516.09,2026-05-02,2026-05-01 04:54:54,2026-05-01 04:59:04,,,National,7335579198,2101,Invoice,,XMO,running,
9312569,924-255-5564,730660,761432,2872,Gonzalez-Evans,66165.69,22739.1,2026-05-02,2026-05-01 04:54:37,2026-05-01 04:59:04,,,National,5631679986,2101,Invoice,,XMO,running,
5267174,924-255-5564,427419,439608,2872,Herrera-Wright,77862.96,46587.69,2026-05-02,2026-05-01 04:54:22,2026-05-01 04:59:04,,,National,3392959633,2101,Invoice,,XMO,running,
9549300,924-255-5564,043441,833578,2872,"Simmons, Hayes and Steele",98092.14,16356.43,2026-05-02,2026-05-01 04:54:12,2026-05-01 04:59:04,,,National,5894885847,2101,Invoice,,XMO,running,
1866385,924-255-5564,919701,833403,2872,Shields LLC,66440.65,48527.79,2026-05-02,2026-05-01 04:53:45,2026-05-01 04:59:04,,,National,5353219841,2101,Invoice,,XMO,running,
3658779,924-255-5564,094527,246107,2872,"Adams, Duran and Collier",21726.17,30725.24,2026-05-02,2026-05-01 04:53:36,2026-05-01 04:59:04,,,National,6267074008,2101,Invoice,,XMO,running,
8489868,924-255-5564,285555,444092,2872,"Vaughan, Lopez and Reeves",82129.35,41981.15,2026-05-02,2026-05-01 04:53:30,2026-05-01 04:59:04,,,National,3728475653,2101,Invoice,,XMO,running,
3417303,924-255-5564,448352,927652,2872,"Gardner, Daniels and Tapia",40616.49,37860.64,2026-05-02,2026-05-01 04:52:57,2026-05-01 04:59:04,,,National,9832090467,2101,Invoice,,XMO,running,
9942638,924-255-5564,047002,589402,2872,Mitchell-Stone,53544.15,1843.8,2026-05-02,2026-05-01 04:52:51,2026-05-01 04:59:04,,,National,4474084717,2101,Invoice,,XMO,running,
3584292,924-255-5564,414862,352706,2872,Romero Ltd,12433.29,51450.25,2026-05-02,2026-05-01 04:52:22,2026-05-01 04:59:04,,,National,0001927208,2101,Invoice,,XMO,running,
7376842,924-255-5564,547934,008086,2872,Roberts LLC,38104.3,44506.29,2026-05-02,2026-05-01 04:52:21,2026-05-01 04:59:04,,,National,9201725303,2101,Invoice,,XMO,running,
2883842,924-255-5564,917333,934168,2872,White Inc,70380.73,22752.08,2026-05-02,2026-05-01 04:52:00,2026-05-01 04:59:04,,,National,7788183187,2101,Invoice,,XMO,running,
2230148,924-255-5564,220400,600495,2872,Solis-Weber,64769.07,54672.47,2026-05-02,2026-05-01 04:51:33,2026-05-01 04:59:04,,,National,3904691153,2101,Invoice,,XMO,running,
7114351,924-255-5564,583991,054439,2872,"Fields, Diaz and Herrera",75781.52,23172.93,2026-05-02,2026-05-01 04:51:15,2026-05-01 04:59:04,,,National,2352865574,2101,Invoice,,XMO,running,
1336825,924-255-5564,846609,106216,2872,Wilson PLC,31873.45,22321.36,2026-05-02,2026-05-01 04:50:56,2026-05-01 04:59:04,,,National,7410316906,2101,Invoice,,XMO,running,
5143040,924-255-5564,906345,117316,2872,Stewart-Mcbride,7615.64,45365.07,2026-05-02,2026-05-01 04:50:55,2026-05-01 04:59:04,,,National,2346981473,2101,Invoice,,XMO,running,
6078136,924-255-5564,903588,364954,2872,Mosley and Sons,91602.56,58676.7,2026-05-02,2026-05-01 04:50:25,2026-05-01 04:59:04,,,National,1849663437,2101,Invoice,,XMO,running,
4909351,924-255-5564,186430,966537,2872,Robbins-Preston,74428.9,33333.38,2026-05-02,2026-05-01 04:50:21,2026-05-01 04:59:04,,,National,8953684252,2101,Invoice,,XMO,running,
1685282,924-255-5564,569733,032660,2872,"Castro, Rios and Carson",15503.22,42744.62,2026-05-02,2026-05-01 04:50:01,2026-05-01 04:59:04,,,National,3099069682,2101,Invoice,,XMO,running,
5749578,924-255-5564,924895,524278,2872,Cook and Sons,30874.83,39335.82,2026-05-02,2026-05-01 04:49:34,2026-05-01 04:59:04,,,National,8824027908,2101,Invoice,,XMO,running,
8972576,924-255-5564,596762,233983,2872,Pineda Ltd,76972.95,48424.65,2026-05-02,2026-05-01 04:49:34,2026-05-01 04:59:04,,,National,7279436124,2101,Invoice,,XMO,running,
1445995,924-255-5564,305900,907382,2872,Stanley Ltd,75540.8,29575.22,2026-05-02,2026-05-01 04:48:56,2026-05-01 04:59:04,,,National,0380765558,2101,Invoice,,XMO,running,
9716069,924-255-5564,387708,696638,2872,Zavala PLC,69408.94,53815.48,2026-05-02,2026-05-01 04:48:52,2026-05-01 04:59:04,,,National,8418512329,2101,Invoice,,XMO,running,
0815396,924-255-5564,720519,845093,2872,Wright Ltd,46337.65,3765.56,2026-05-02,2026-05-01 04:48:35,2026-05-01 04:59:04,,,National,7338930839,2101,Invoice,,XMO,running,
5298737,924-255-5564,779636,788880,2872,"Lambert, Caldwell and Smith",84295.74,41501.44,2026-05-02,2026-05-01 04:48:12,2026-05-01 04:48:34,,,National,8734740946,2101,Invoice,,XMO,running,
6184468,924-255-5564,068310,459160,2872,Moran PLC,19765.65,3070.12,2026-05-02,2026-05-01 04:47:47,2026-05-01 04:48:34,,,National,2065511691,2101,Invoice,,XMO,running,
8747608,924-255-5564,651341,808510,2872,Clay and Sons,70586.4,15978.53,2026-05-02,2026-05-01 04:47:24,2026-05-01 04:48:34,,,National,6357758225,2101,Invoice,,XMO,running,
0400871,924-255-5564,238720,828946,2872,Holmes-Sanford,70554.79,38332.66,2026-05-02,2026-05-01 04:47:01,2026-05-01 04:48:34,,,National,8905083910,2101,Invoice,,XMO,running,
0684759,924-255-5564,363253,608531,2872,Rodriguez-Wilson,5602.51,13414.56,2026-05-02,2026-05-01 04:46:27,2026-05-01 04:48:34,,,National,0677619367,2101,Invoice,,XMO,running,
8797687,924-255-5564,559395,781362,2872,Pope-Thompson,8493.46,2923.5,2026-05-02,2026-05-01 04:46:04,2026-05-01 04:48:34,,,National,0736887551,2101,Invoice,,XMO,running,
2360328,924-255-5564,811722,403574,2872,"Martin, Mitchell and Martinez",35866.84,31842.52,2026-05-02,2026-05-01 04:45:34,2026-05-01 04:48:34,,,National,6834863003,2101,Invoice,,XMO,running,
1247233,924-255-5564,047592,061423,2872,Bryan PLC,86486.52,12511.36,2026-05-02,2026-05-01 04:44:55,2026-05-01 04:48:34,,,National,6107865543,2101,Invoice,,XMO,running,
0170957,924-255-5564,861547,590639,2872,Benson-Guerrero,76623.11,28506.91,2026-05-02,2026-05-01 04:44:09,2026-05-01 04:48:34,,,National,1283783923,2101,Invoice,,XMO,running,
1230522,924-255-5564,450129,119384,2872,"Montgomery, Barnes and Gray",99323.79,34673.93,2026-05-02,2026-05-01 04:43:45,2026-05-01 04:48:34,,,National,6784232667,2101,Invoice,,XMO,running,
0119575,924-255-5564,916464,728507,2872,Simmons-Garcia,81655.69,7537.97,2026-05-02,2026-05-01 04:43:15,2026-05-01 04:48:34,,,National,4304255930,2101,Invoice,,XMO,running,
1036317,924-255-5564,339911,943428,2872,Unknown Business,5266.17,48279.06,2026-05-02,2026-05-01 04:42:55,2026-05-01 04:48:34,,,National,9390511917,2101,Invoice,,XMO,running,
0969942,924-255-5564,367473,576867,2872,"Johnson, Wise and Weiss",6065.39,25544.68,2026-05-02,2026-05-01 04:42:33,2026-05-01 04:48:34,,,National,3959499963,2101,Invoice,,XMO,running,
1226523,924-255-5564,871854,397956,2872,Smith-Henry,51043.71,22586.36,2026-05-02,2026-05-01 04:42:08,2026-05-01 04:48:34,,,National,7419361428,2101,Invoice,,XMO,running,
4374066,924-255-5564,588725,328926,2872,"Glover, Solis and Montes",12391.75,35876.52,2026-05-02,2026-05-01 04:41:47,2026-05-01 04:48:34,,,National,8299870793,2101,Invoice,,XMO,running,
6246359,924-255-5564,327485,730203,2872,Stevenson-Walker,62106.08,40439.92,2026-05-02,2026-05-01 04:41:22,2026-05-01 04:48:34,,,National,4593155155,2101,Invoice,,XMO,running,
3758931,924-255-5564,869757,467094,2872,"Patterson, Sullivan and Vega",24833.02,17370.54,2026-05-02,2026-05-01 04:41:00,2026-05-01 04:48:34,,,National,1759877248,2101,Invoice,,XMO,running,
0389655,924-255-5564,594060,458304,2872,King-Hansen,10628.44,43275.77,2026-05-02,2026-05-01 04:40:38,2026-05-01 04:48:34,,,National,2630615690,2101,Invoice,,XMO,running,
5855262,924-255-5564,567557,953864,2872,Powell-Patterson,96675.04,57326.73,2026-05-02,2026-05-01 04:40:10,2026-05-01 04:48:34,,,National,7977812674,2101,Invoice,,XMO,running,
6534844,924-255-5564,517025,990647,2872,"Davis, Flores and Landry",53511.35,24310.48,2026-05-02,2026-05-01 04:39:36,2026-05-01 04:48:34,,,National,7772018385,2101,Invoice,,XMO,running,
1980928,924-255-5564,813655,212674,2872,"Richards, Collins and Gutierrez",48663.78,26816.39,2026-05-02,2026-05-01 04:36:40,2026-05-01 04:48:34,,,National,6631432830,2101,Invoice,,XMO,running,
7684185,924-255-5564,625829,630451,2872,Dean-Austin,71702.14,45189.65,2026-05-02,2026-05-01 04:36:17,2026-05-01 04:48:34,,,National,6069290110,2101,Invoice,,XMO,running,
4761542,924-255-5564,959205,402758,2872,"Harris, Marquez and Mayer",16424.33,36935.17,2026-05-02,2026-05-01 04:30:19,2026-05-01 04:30:52,,,National,2094526027,2101,Invoice,,XMO,running,
6410142,924-255-5564,472665,324803,2872,"Wilson, Chandler and Hunt",96918.12,31582.32,2026-05-02,2026-05-01 04:29:19,2026-05-01 04:29:53,,,National,5279171640,2101,Invoice,,XMO,running,
0699422,924-255-5564,250995,113949,2872,Lambert-Martin,80322.29,49676.03,2026-05-02,2026-05-01 04:28:13,2026-05-01 04:29:53,,,National,7134813123,2101,Invoice,,XMO,running,
2616444,924-255-5564,283555,210033,2872,"Brandt, Young and Patrick",57270.37,53282.34,2026-05-02,2026-05-01 04:27:19,2026-05-01 04:29:53,,,National,7453086304,2101,Invoice,,XMO,running,
1526031,924-255-5564,635780,996429,2872,Clark Group,21584.17,41872.43,2026-05-02,2026-05-01 04:26:26,2026-05-01 04:29:53,,,National,9929612499,2101,Invoice,,XMO,running,
7418341,924-255-5564,310557,449482,2872,Gonzalez Inc,46905.6,10380.97,2026-05-02,2026-05-01 04:25:28,2026-05-01 04:29:53,,,National,2982483907,2101,Invoice,,XMO,running,
7206170,924-255-5564,171724,290453,2872,"Dickson, Lopez and Thomas",57085.91,45364.29,2026-05-02,2026-05-01 04:24:37,2026-05-01 04:29:53,,,National,8968586614,2101,Invoice,,XMO,running,
7259016,924-255-5564,461656,349588,2872,"Cook, Hansen and Taylor",85456.29,13748.92,2026-05-02,2026-05-01 04:23:40,2026-05-01 04:29:53,,,National,4103490217,2101,Invoice,,XMO,running,
4360882,924-255-5564,726751,207362,2872,"Lopez, Martin and Curtis",64279.44,25216.1,2026-05-02,2026-05-01 04:22:44,2026-05-01 04:29:53,,,National,0712697411,2101,Invoice,,XMO,running,
3477959,924-255-5564,163123,990070,2872,Mcmahon-Roberts,18793.16,49294.25,2026-05-02,2026-05-01 04:20:59,2026-05-01 04:29:53,,,National,9028514304,2101,Invoice,,XMO,running,
7049417,924-255-5564,845853,608340,2872,Spencer Inc,81489.31,55954.67,2026-05-02,2026-05-01 04:19:39,2026-05-01 04:29:53,,,National,8020511867,2101,Invoice,,XMO,running,
8050639,924-255-5564,364261,961458,2872,"Bennett, Gates and Johnson",54148.68,53218.7,2026-05-02,2026-05-01 04:18:26,2026-05-01 04:29:53,,,National,7802609863,2101,Invoice,,XMO,running,
7067841,924-255-5564,123673,361458,2872,"Potts, Brown and Jordan",80148.16,7216.26,2026-05-02,2026-05-01 04:17:33,2026-05-01 04:29:53,,,National,2862324627,2101,Invoice,,XMO,running,
5129838,924-255-5564,349776,106767,2872,Garcia-Kelly,91669.66,48076.77,2026-05-02,2026-05-01 04:16:38,2026-05-01 04:29:53,,,National,8509462183,2101,Invoice,,XMO,running,
9233457,924-255-5564,922473,861961,2872,Brewer PLC,68358.61,3459.12,2026-05-02,2026-05-01 04:15:48,2026-05-01 04:29:53,,,National,6275962774,2101,Invoice,,XMO,running,
9712042,924-255-5564,837253,645754,2872,Brown-Parrish,75257.53,38519.83,2026-05-02,2026-05-01 04:14:56,2026-05-01 04:29:53,,,National,2667305074,2101,Invoice,,XMO,running,
3618831,924-255-5564,376890,860376,2872,"Chavez, Little and Kelly",46265.27,56080.88,2026-05-02,2026-05-01 04:13:26,2026-05-01 04:29:53,,,National,3876810708,2101,Invoice,,XMO,running,
5102322,924-255-5564,940509,706825,2872,Reilly-Anderson,77157.95,56660.2,2026-05-02,2026-05-01 04:12:09,2026-05-01 04:29:53,,,National,7703786047,2101,Invoice,,XMO,running,
1435997,924-255-5564,770839,466839,2872,Davis PLC,86485.78,18613.82,2026-05-02,2026-05-01 04:11:01,2026-05-01 04:29:53,,,National,3932867415,2101,Invoice,,XMO,running,
3115728,924-255-5564,563360,202522,2872,Henson-Hill,97882.4,2081.69,2026-05-02,2026-05-01 04:09:04,2026-05-01 04:29:53,,,National,3677827903,2101,Invoice,,XMO,running,
7388193,924-255-5564,857707,082836,2872,Jackson LLC,46864.32,4973.56,2026-05-02,2026-05-01 04:07:54,2026-05-01 04:29:53,,,National,9657273464,2101,Invoice,,XMO,running,
8655001,924-255-5564,629864,265518,2872,Sheppard PLC,48651.15,13150.98,2026-05-02,2026-05-01 04:07:04,2026-05-01 04:29:53,,,National,6892495818,2101,Invoice,,XMO,running,
6810393,924-255-5564,584332,287227,2872,"Howard, Ruiz and Saunders",29836.6,16748.43,2026-05-02,2026-05-01 04:05:53,2026-05-01 04:29:53,,,National,0654127221,2101,Invoice,,XMO,running,
6724992,924-255-5564,208914,917178,8295,Cunningham-Allen,45328.43,29946.76,2026-04-30,2026-04-30 15:33:11,2026-04-30 15:33:14,,pending,National,4014512696,2303,Credit Card,,Local Services Ads,running,
1750840,924-255-5564,168585,238338,8295,"Davis, Wright and Stewart",67568.42,44297.55,2026-04-30,2026-04-30 15:32:51,2026-04-30 15:32:53,,pending,National,0881401503,1948,Credit Card,,Local Services Ads,ended,2023-06-16
1750840,924-255-5564,168585,238338,8295,"Davis, Wright and Stewart",47804.62,42702.48,2026-04-30,2026-04-30 15:32:51,2026-04-30 15:32:53,,pending,National,0881401503,1948,Credit Card,,Local Services Ads,running,
6864688,924-255-5564,420672,771030,7819,"Green, Hernandez and Norman",12245.69,49095.95,2026-04-30,2026-04-30 15:32:30,2026-04-30 15:32:32,,pending,National,7160616425,2303,Credit Card,,Local Services Ads,running,
2076209,924-255-5564,052240,557218,8295,Alvarado LLC,4636.21,0,2026-05-06,2026-04-30 15:32:23,2026-05-06 08:01:47,,pending,National,9348629836,1948,Direct Debit,,Local Services Ads,running,
2076209,924-255-5564,052240,557218,8295,Alvarado LLC,38077.63,0,2026-05-06,2026-04-30 15:32:23,2026-05-06 08:01:47,,pending,National,9348629836,1948,Direct Debit,,Local Services Ads,running,
3793125,924-255-5564,498186,715987,9980,"Roy, Willis and Scott",76477.24,23674.16,2026-05-01,2026-04-30 15:09:15,2026-04-30 15:12:16,,pending,National,0314826768,2303,Credit Card,,Local Services Ads,running,
2435566,924-255-5564,413434,018549,9588,Unknown Business,25174.75,53995.69,2026-05-01,2026-04-30 11:53:56,2026-04-30 16:47:00,,,National,0812481112,1948,Credit Card,,Local Services Ads,running,
2435566,924-255-5564,413434,018549,9588,Unknown Business,44379.83,38468.85,2026-05-01,2026-04-30 11:53:56,2026-04-30 16:47:00,,,National,0812481112,1948,Credit Card,,Local Services Ads,ended,2023-06-15
3304189,924-255-5564,594959,783433,8295,Pena Ltd,15665.34,44708.29,2026-04-30,2026-04-30 11:36:05,2026-04-30 11:36:07,,pending,National,0987207712,2303,Credit Card,,Local Services Ads,running,
2276080,924-255-5564,228612,844925,3698,Wilson-Stewart,96397.03,7334.77,2026-05-01,2026-04-30 11:35:54,2026-04-30 11:35:56,,pending,National,9546316931,2303,Credit Card,,Local Services Ads,running,
1180944,924-255-5564,128074,573946,2539,Cabrera Group,84323.19,51483.83,2026-05-02,2026-04-30 11:35:50,2026-04-30 11:35:51,,pending,National,0886312538,2303,Invoice,,Local Services Ads,running,
8032226,924-255-5564,209307,261962,9588,Rios-Bradshaw,77987.52,59984.13,2026-05-01,2026-04-30 11:35:47,2026-04-30 11:35:49,,pending,National,2278936378,2303,Credit Card,,Local Services Ads,running,
7874354,924-255-5564,211495,839922,9980,Byrd and Sons,29934.08,25875.83,2026-05-05,2026-04-30 11:34:59,2026-04-30 11:35:01,,pending,National,0611179202,2303,Credit Card,,Local Services Ads,running,
6520106,924-255-5564,744116,310140,7819,Pugh Ltd,35559.51,6283.57,2026-05-06,2026-04-30 11:34:47,2026-04-30 11:34:49,,pending,National,6479274617,2303,Credit Card,,Local Services Ads,running,
3625831,924-255-5564,288924,654970,9588,Olsen LLC,3847.91,53259.6,2026-05-06,2026-04-30 11:09:05,2026-05-04 14:12:00,,pending,National,9588416329,1948,Credit Card,,Local Services Ads,running,
3625831,924-255-5564,288924,654970,9588,Olsen LLC,72986.27,26672.58,2026-05-06,2026-04-30 11:09:05,2026-05-04 14:12:00,,pending,National,9588416329,1948,Credit Card,,Local Services Ads,running,
3457707,924-255-5564,369797,794299,2539,Elliott LLC,93514.33,51243.98,2026-05-01,2026-04-30 10:59:38,2026-04-30 11:00:27,,pending,National,8618570522,2303,Invoice,,Local Services Ads,running,
6819495,924-255-5564,281429,978882,9588,Tucker LLC,38570.99,9371.48,2026-04-30,2026-04-30 05:55:13,2026-04-30 05:55:16,,pending,National,0684308644,2303,Credit Card,,Local Services Ads,running,
8855582,924-255-5564,039658,869848,9588,Mills LLC,18747.49,16190.91,2026-04-30,2026-04-30 05:55:05,2026-04-30 05:55:07,,pending,National,6364516000,1948,Credit Card,,Local Services Ads,running,
8855582,924-255-5564,039658,869848,9588,Mills LLC,98738.3,57820.35,2026-04-30,2026-04-30 05:55:05,2026-04-30 05:55:07,,pending,National,6364516000,1948,Credit Card,,Local Services Ads,ended,2023-06-15
0899899,924-255-5564,277334,780440,9588,Jones-Green,85445.44,20339.88,2026-04-30,2026-04-30 05:54:41,2026-04-30 05:54:43,,pending,National,6425838020,1948,Credit Card,,Local Services Ads,running,
0899899,924-255-5564,277334,780440,9588,Jones-Green,19363.21,33564.18,2026-04-30,2026-04-30 05:54:41,2026-04-30 05:54:43,,pending,National,6425838020,1948,Credit Card,,Local Services Ads,ended,2023-06-23
7051648,924-255-5564,532548,772796,9588,"Garza, Mcintyre and Malone",11199.75,14370.04,2026-04-30,2026-04-29 16:04:00,2026-04-30 06:11:50,,pending,National,3929343201,1948,Credit Card,,Local Services Ads,running,
7051648,924-255-5564,532548,772796,9588,"Garza, Mcintyre and Malone",37916.3,39407.84,2026-04-30,2026-04-29 16:04:00,2026-04-30 06:11:50,,pending,National,3929343201,1948,Credit Card,,Local Services Ads,ended,2023-06-21
7380801,924-255-5564,786242,411672,1192,Martin-Cervantes,30510.79,40879.93,2026-05-01,2026-04-29 15:01:41,2026-05-01 13:39:25,,pending,National,1757875630,2303,Credit Card,,Local Services Ads,running,
2118196,924-255-5564,269918,496557,9932,Houston-Lynn,14151.2,26828.21,2026-04-30,2026-04-29 12:25:35,2026-04-29 12:26:56,,pending,National,9099136410,2303,Credit Card,,Local Services Ads,running,
4054531,924-255-5564,117428,658403,3698,Solomon-Curry,21594.7,0,2026-05-07,2026-04-29 11:59:10,2026-04-29 12:19:15,,pending,National,4964730961,2303,Credit Card,,Local Services Ads,running,
9733007,924-255-5564,584310,906020,1192,Davis and Sons,19823.8,29284.34,2026-05-02,2026-04-29 11:15:10,2026-04-29 11:15:12,,pending,National,4966069167,1948,Credit Card,,Local Services Ads,running,
9733007,924-255-5564,584310,906020,1192,Davis and Sons,54025.31,25048.73,2026-05-02,2026-04-29 11:15:10,2026-04-29 11:15:12,,pending,National,4966069167,1948,Credit Card,,Local Services Ads,ended,2023-07-07
2456065,924-255-5564,980621,909878,9588,Hill Group,32968.52,7206.25,2026-05-03,2026-04-29 11:14:58,2026-04-29 11:15:00,,pending,National,9260094100,2303,Credit Card,,Local Services Ads,running,
3274442,924-255-5564,843744,373517,4179,Smith Group,882.6,15039.79,2026-05-02,2026-04-29 11:14:40,2026-04-29 11:14:41,,pending,DummyG,1543965002,2303,Invoice,,Local Services Ads,running,
5691831,924-255-5564,777810,756853,8295,"Harrington, Williams and Brown",62273.92,4015.89,2026-05-02,2026-04-29 11:14:05,2026-04-29 11:14:08,,pending,National,3785034214,2303,Credit Card,,Local Services Ads,running,
9653564,924-255-5564,617541,771986,9365,Rice Inc,91924.27,0,2026-05-03,2026-04-29 11:13:58,2026-04-29 11:14:01,,pending,National,9695341848,2303,Credit Card,,Local Services Ads,running,
7333371,924-255-5564,656034,988415,9365,Davis Group,24676.24,0,2026-05-07,2026-04-29 11:13:55,2026-04-29 11:13:58,,pending,National,6726636784,2303,Credit Card,,Local Services Ads,running,
6936338,924-255-5564,587725,487005,9588,"Webb, Hahn and Wilcox",89914.15,133.37,2026-04-29,2026-04-29 05:54:39,2026-04-29 05:54:42,,pending,National,6197730729,1948,Credit Card,,Local Services Ads,running,
6936338,924-255-5564,587725,487005,9588,"Webb, Hahn and Wilcox",85587.56,47654.37,2026-04-29,2026-04-29 05:54:39,2026-04-29 05:54:42,,pending,National,6197730729,1948,Credit Card,,Local Services Ads,ended,2023-06-21
8729622,924-255-5564,083539,691580,9588,Parker LLC,2954.98,34997.74,2026-04-29,2026-04-29 05:54:34,2026-04-29 05:54:36,,,National,7600555063,1948,Credit Card,,Local Services Ads,ended,2023-06-20
8729622,924-255-5564,083539,691580,9588,Parker LLC,95530.3,14725.78,2026-04-29,2026-04-29 05:54:34,2026-04-29 05:54:36,,,National,7600555063,1948,Credit Card,,Local Services Ads,running,
7348436,924-255-5564,161506,419332,9588,Hicks Group,19972.22,1004.46,2026-04-29,2026-04-29 05:54:08,2026-04-29 05:54:10,,pending,National,3362043054,1948,Credit Card,,Local Services Ads,running,
2611355,924-255-5564,306373,185177,9588,"Ryan, Johnson and Austin",43960.76,8998.98,2026-05-04,2026-04-29 05:53:46,2026-04-29 05:53:48,,pending,National,4466952282,2303,Credit Card,,Local Services Ads,running,
3456490,924-255-5564,685224,068371,7636,Martin-White,51259.72,17594.33,2026-05-02,2026-04-29 05:36:51,2026-04-29 05:36:52,,pending,Local,1622030093,1,Invoice,,Search Engine Marketing,running,
3907957,924-255-5564,055291,020265,4744,Herring-Bailey,84346.06,40138,2026-04-28,2026-04-28 11:27:38,2026-04-28 11:27:40,,failed,National,5917931045,2303,Credit Card,,Local Services Ads,running,
7181988,924-255-5564,345255,396655,7636,"Morgan, Cunningham and Forbes",4739.61,24401.27,2026-05-01,2026-04-28 11:27:11,2026-04-28 11:27:12,,pending,Local,6044440373,1,Invoice,,Search Engine Marketing,running,
4092908,924-255-5564,685307,966399,1192,Harrison Inc,60385.68,33203.61,2026-04-30,2026-04-28 11:27:06,2026-04-28 15:29:09,,pending,National,8852971897,1948,Credit Card,,Local Services Ads,running,
4092908,924-255-5564,685307,966399,1192,Harrison Inc,16656.75,53201.28,2026-04-30,2026-04-28 11:27:06,2026-04-28 15:29:09,,pending,National,8852971897,1948,Credit Card,,Local Services Ads,ended,2023-06-15
3039152,924-255-5564,220192,329015,6938,Rojas and Sons,92933.79,5512.73,2026-05-02,2026-04-28 11:27:00,2026-04-28 11:27:02,,pending,Local,3640529972,2303,Credit Card,,Local Services Ads,running,
9520563,924-255-5564,066692,586198,4744,Figueroa-Boyd,31707.17,44865.69,2026-05-02,2026-04-28 11:26:45,2026-04-28 11:26:48,,pending,National,1976671491,2303,Credit Card,,Local Services Ads,running,
2479503,924-255-5564,122725,079247,4744,Diaz Ltd,40588.57,3664.96,2026-04-28,2026-04-28 11:26:21,2026-04-28 11:26:23,,pending,National,4916766699,2303,Credit Card,,Local Services Ads,running,
8708765,924-255-5564,720919,223225,8295,Schmidt-Harrell,53188.57,51261.58,2026-04-29,2026-04-28 11:26:15,2026-04-28 11:26:18,,pending,National,7271845988,2303,Credit Card,,Local Services Ads,running,
2394687,924-255-5564,203788,936842,9078,Johnson Inc,84652.51,49984.4,2026-04-28,2026-04-28 08:18:14,2026-04-28 08:18:40,,pending,DummyG,4167143019,2303,Invoice,,Local Services Ads,running,
1709905,924-255-5564,276431,619863,8295,"Williams, Sandoval and Hill",68507.42,42027.6,2026-04-28,2026-04-27 15:23:52,2026-04-27 15:23:54,,finished,National,7795447796,2303,Credit Card,,Local Services Ads,running,
8614293,924-255-5564,115733,597698,9932,Rogers-Hull,44146.77,41926.15,2026-04-28,2026-04-27 12:26:00,2026-04-27 12:26:43,,,National,5614876615,2303,Credit Card,,Local Services Ads,running,
0897656,924-255-5564,708594,687949,9980,Cook Group,59759.76,18694.5,2026-04-28,2026-04-27 11:30:07,2026-04-27 14:16:07,,pending,National,1363006536,2303,Credit Card,,Local Services Ads,running,
2161827,924-255-5564,638326,688059,9588,"Jones, Gutierrez and Rodriguez",37798.69,12087.58,2026-04-27,2026-04-27 11:25:48,2026-04-27 13:03:09,,finished,National,1973543564,2303,Pure Credit,,Local Services Ads,running,
0743825,924-255-5564,250991,271674,2082,Meyers-Anderson,79826.18,30245.8,2026-05-06,2026-04-27 11:14:43,2026-04-29 10:52:24,,pending,Local,2794822265,2303,Credit Card,,Local Services Ads,running,
9935169,924-255-5564,855872,250248,9588,Davis-Williams,18993.8,51193.07,2026-04-27,2026-04-27 05:50:05,2026-04-27 05:50:07,,pending,National,0703072816,2303,Credit Card,,Local Services Ads,running,
6461688,924-255-5564,156185,610227,9588,"Gomez, Yoder and Maldonado",69361.03,51018.03,2026-04-27,2026-04-27 05:49:57,2026-04-27 07:25:19,,finished,National,7013052042,1948,Credit Card,,Local Services Ads,ended,2023-06-21
6461688,924-255-5564,156185,610227,9588,"Gomez, Yoder and Maldonado",71422.73,33514.11,2026-04-27,2026-04-27 05:49:57,2026-04-27 07:25:19,,finished,National,7013052042,1948,Credit Card,,Local Services Ads,running,
2933835,924-255-5564,621387,639168,9588,"Simpson, Dixon and Smith",77372.05,44521.71,2026-04-27,2026-04-27 05:49:34,2026-04-27 05:49:37,,pending,National,2788558239,1948,Credit Card,,Local Services Ads,running,
2933835,924-255-5564,621387,639168,9588,"Simpson, Dixon and Smith",46870.08,9610.56,2026-04-27,2026-04-27 05:49:34,2026-04-27 05:49:37,,pending,National,2788558239,1948,Credit Card,,Local Services Ads,ended,2023-06-20
9498089,924-255-5564,202588,418567,9588,Wells-Pierce,35730.39,39839.25,2026-04-27,2026-04-27 05:49:29,2026-04-27 05:49:31,,,National,3838165965,1948,Credit Card,,Local Services Ads,running,
9498089,924-255-5564,202588,418567,9588,Wells-Pierce,57166.13,48976.92,2026-04-27,2026-04-27 05:49:29,2026-04-27 05:49:31,,,National,3838165965,1948,Credit Card,,Local Services Ads,ended,2023-06-21
6272295,924-255-5564,283452,549638,9588,"Brown, Spencer and Garrett",66641.9,21007.4,2026-04-30,2026-04-27 05:49:26,2026-04-27 05:49:29,,pending,National,3931560253,2303,Credit Card,,Local Services Ads,running,
9355601,924-255-5564,415722,945818,9588,Jimenez Group,77506.25,22387.93,2026-05-01,2026-04-27 05:49:21,2026-05-01 08:02:26,,pending,National,4571554338,1948,Direct Debit,,Local Services Ads,ended,2023-07-07
9355601,924-255-5564,415722,945818,9588,Jimenez Group,14972.31,15707.23,2026-05-01,2026-04-27 05:49:21,2026-05-01 08:02:26,,pending,National,4571554338,1948,Direct Debit,,Local Services Ads,running,
5615277,924-255-5564,742453,477941,8295,Rose-Lawson,47707.19,34925.13,2026-04-27,2026-04-27 05:49:06,2026-04-27 05:49:09,,pending,National,4875257696,2303,Credit Card,,Local Services Ads,running,
0107134,924-255-5564,088540,562052,9588,Massey Group,16849.61,50463.15,2026-05-01,2026-04-27 05:49:04,2026-04-27 05:49:06,,pending,National,4526696061,1948,Credit Card,,Local Services Ads,running,
0107134,924-255-5564,088540,562052,9588,Massey Group,31013.92,4137.87,2026-05-01,2026-04-27 05:49:04,2026-04-27 05:49:06,,pending,National,4526696061,1948,Credit Card,,Local Services Ads,ended,2023-06-20
7403387,924-255-5564,117402,354459,9588,Contreras-Campbell,28567.74,24985.85,2026-04-29,2026-04-27 05:48:25,2026-04-27 13:01:32,,pending,National,7431346206,1948,Credit Card,,Local Services Ads,running,
7403387,924-255-5564,117402,354459,9588,Contreras-Campbell,80035,30349.19,2026-04-29,2026-04-27 05:48:25,2026-04-27 13:01:32,,pending,National,7431346206,1948,Credit Card,,Local Services Ads,ended,2023-06-22
0493270,924-255-5564,613689,188750,1479,Gallagher PLC,91290.09,26872.61,2026-04-27,2026-04-27 05:32:22,2026-04-27 05:32:24,,pending,Local,2030020147,2303,Credit Card,,Local Services Ads,running,
1270049,924-255-5564,845592,974471,7636,"Mccoy, Malone and Parker",4897.74,14272.74,2026-04-29,2026-04-26 11:30:03,2026-04-26 11:30:04,,pending,Local,4622020923,1,Invoice,,Search Engine Marketing,running,
5893958,924-255-5564,925316,022639,7819,"Cox, Brown and Ward",20440.82,2553.25,2026-04-30,2026-04-26 11:29:24,2026-04-26 11:29:27,,pending,National,5416665906,1948,Credit Card,,Local Services Ads,ended,2023-06-15
5893958,924-255-5564,925316,022639,7819,"Cox, Brown and Ward",77902.6,51872.69,2026-04-30,2026-04-26 11:29:24,2026-04-26 11:29:27,,pending,National,5416665906,1948,Credit Card,,Local Services Ads,running,
1031068,924-255-5564,121964,477102,3698,Hawkins-Logan,98354.51,14507.07,2026-04-29,2026-04-26 11:29:21,2026-04-26 11:29:23,,pending,National,0648926618,2303,Credit Card,,Local Services Ads,running,
7423641,924-255-5564,608268,140800,5673,Good PLC,34319.29,0,2026-05-07,2026-04-26 11:29:12,2026-04-26 11:29:13,,pending,National,0541475113,2303,Invoice,,Local Services Ads,running,
2768505,924-255-5564,093866,687695,3487,Prince LLC,49359.17,25243.79,2026-04-26,2026-04-26 05:38:31,2026-04-26 05:38:31,,pending,Local,2862736515,2303,Invoice,,Local Services Ads,running,
4156599,924-255-5564,280254,185756,0385,Torres-Thompson,28758.34,0,2026-05-07,2026-04-26 05:35:48,2026-05-07 08:01:40,,pending,Local,0175474575,1,Direct Debit,,Search Engine Marketing,running,
1583256,924-255-5564,238910,820338,9588,Hamilton Group,50459.14,23256.57,2026-04-28,2026-04-26 00:00:29,2026-04-27 07:19:02,,pending,National,7107980516,1948,Credit Card,,Local Services Ads,running,
1583256,924-255-5564,238910,820338,9588,Hamilton Group,5708.68,19220.72,2026-04-28,2026-04-26 00:00:29,2026-04-27 07:19:02,,pending,National,7107980516,1948,Credit Card,,Local Services Ads,ended,2023-06-22
5040355,924-255-5564,241099,828645,4738,Hall-Cook,34903.69,22915.53,2026-05-02,2026-04-25 11:29:21,2026-04-25 11:29:22,,pending,DummyG,1141174939,2303,Invoice,,Local Services Ads,running,
5308101,924-255-5564,572521,721897,3698,"Potter, Kaufman and Graham",36220.11,4354.86,2026-04-30,2026-04-25 11:28:13,2026-04-25 11:28:16,,pending,National,2260456753,2303,Credit Card,,Local Services Ads,running,
6552759,924-255-5564,475054,881653,7521,"Pierce, Harrington and Tucker",53611.96,16323.92,2026-04-28,2026-04-25 05:54:30,2026-04-25 05:54:31,,pending,Local,1279072835,1,Invoice,,Search Engine Marketing,new,
4083169,924-255-5564,880668,760724,4722,"Bennett, Allen and Johnson",88707.06,47146.75,2026-04-30,2026-04-25 05:40:09,2026-04-25 05:40:12,,pending,Local,3485386145,1,Credit Card,,Search Engine Marketing,running,
1038763,924-255-5564,292661,803693,9588,Mccann LLC,10683.29,28088.41,2026-04-28,2026-04-25 00:00:28,2026-04-27 06:40:35,,pending,National,6071746238,2303,Pure Credit,,Local Services Ads,running,
2323809,924-255-5564,840006,895627,5691,Rivera Inc,7461.08,2573.66,2026-05-01,2026-04-24 11:24:37,2026-04-24 11:24:39,,pending,Local,0437002693,2303,Credit Card,,Local Services Ads,running,
9005800,924-255-5564,948297,817567,1192,Mclaughlin-Smith,90308.66,57403.77,2026-04-28,2026-04-23 11:36:57,2026-04-28 08:02:12,,pending,National,3108942027,2303,Direct Debit,,Local Services Ads,running,
7322345,924-255-5564,002073,961623,9588,Adams LLC,26771.92,967.31,2026-04-29,2026-04-23 11:36:41,2026-04-23 11:36:44,,pending,National,2713340729,1948,Credit Card,,Local Services Ads,ended,2023-06-22
7322345,924-255-5564,002073,961623,9588,Adams LLC,15960.99,10036.59,2026-04-29,2026-04-23 11:36:41,2026-04-23 11:36:44,,pending,National,2713340729,1948,Credit Card,,Local Services Ads,running,
2187551,924-255-5564,661677,398709,8295,Collins-Gilmore,83835.63,33621.25,2026-05-02,2026-04-23 11:36:28,2026-04-30 07:25:30,,pending,National,1692003106,2303,Credit Card,,Local Services Ads,running,
2866252,924-255-5564,566898,321792,1192,"Baker, Robinson and Freeman",93.86,2343.94,2026-04-24,2026-04-23 11:35:30,2026-04-23 11:35:31,,pending,National,0063039061,1948,Credit Card,,Local Services Ads,running,
2866252,924-255-5564,566898,321792,1192,"Baker, Robinson and Freeman",74323.27,38054.54,2026-04-24,2026-04-23 11:35:30,2026-04-23 11:35:31,,pending,National,0063039061,1948,Credit Card,,Local Services Ads,ended,2023-06-29
5080023,924-255-5564,958079,087318,9365,"Young, Osborn and Vaughn",1660.94,25774.16,2026-04-28,2026-04-23 11:35:05,2026-04-28 11:47:33,,pending,National,7189823885,2303,Credit Card,,Local Services Ads,running,
7980644,924-255-5564,814099,781686,9588,Good Inc,2415.1,8569.85,2026-04-23,2026-04-23 05:48:25,2026-04-23 05:48:27,,pending,National,8604237099,1948,Credit Card,,Local Services Ads,ended,2023-06-20
7980644,924-255-5564,814099,781686,9588,Good Inc,10489.19,39795.13,2026-04-23,2026-04-23 05:48:25,2026-04-23 05:48:27,,pending,National,8604237099,1948,Credit Card,,Local Services Ads,running,
7072802,924-255-5564,927241,172484,7521,Vaughn-Larson,68286.77,0,2026-05-07,2026-04-23 04:05:05,2026-04-23 04:15:39,,,Local,4636954685,2303,Invoice,,Local Services Ads,running,
4915494,924-255-5564,894148,041668,7521,Mccarty-Garcia,98515.51,0,2026-05-07,2026-04-22 11:46:04,2026-04-22 11:50:03,,pending,Local,0987300332,2303,Invoice,,Local Services Ads,running,
8615113,924-255-5564,894148,041668,7521,"Castro, Rios and Carson",72567.24,0,2026-05-07,2026-04-22 11:45:04,2026-04-22 11:50:03,,pending,Local,6252498909,2303,Invoice,,Local Services Ads,running,
9552928,924-255-5564,894148,041668,7521,"Webster, Ray and Martinez",47506.75,0,2026-05-07,2026-04-22 11:43:08,2026-04-22 11:50:03,,pending,Local,2086511504,2303,Invoice,,Local Services Ads,running,
6295047,924-255-5564,475054,881653,7521,Huffman PLC,88404.85,0,2026-05-07,2026-04-22 11:38:49,2026-04-22 11:54:14,,pending,Local,2737924416,2303,Invoice,,Local Services Ads,running,
0249767,924-255-5564,246003,438990,3102,Hayes-Fletcher,54625.82,0,2026-05-05,2026-04-22 11:28:26,2026-04-22 11:28:28,,pending,National,4126790354,2303,Credit Card,,Local Services Ads,running,
7888958,924-255-5564,119194,012349,1192,Rose-Tran,96591.03,51811.31,2026-04-28,2026-04-22 11:27:59,2026-04-22 11:28:01,,pending,National,1380477974,2303,Credit Card,,Local Services Ads,running,
6783144,924-255-5564,607079,737839,7819,Figueroa Inc,91488.43,39531.4,2026-04-25,2026-04-22 11:27:55,2026-04-22 11:27:57,,pending,National,3825203210,2303,Credit Card,,Local Services Ads,running,
3458381,924-255-5564,517315,383911,8295,Sanchez and Sons,64134.26,6428.34,2026-04-23,2026-04-22 11:27:39,2026-04-22 11:27:41,,pending,National,4998744842,2303,Credit Card,,Local Services Ads,running,
5870597,924-255-5564,243513,981998,9588,"Kennedy, Abbott and Cunningham",25660.98,844.86,2026-04-24,2026-04-22 11:27:20,2026-04-22 11:27:21,,,National,1523235165,1948,Credit Card,,Local Services Ads,ended,2023-06-26
5870597,924-255-5564,243513,981998,9588,"Kennedy, Abbott and Cunningham",65283.45,35986.27,2026-04-24,2026-04-22 11:27:20,2026-04-22 11:27:21,,,National,1523235165,1948,Credit Card,,Local Services Ads,running,
5367380,924-255-5564,460603,721959,8295,Wood Group,88426.42,46646.37,2026-04-28,2026-04-22 11:27:07,2026-04-22 11:27:09,,pending,National,5894711821,1948,Credit Card,,Local Services Ads,ended,2023-06-21
5367380,924-255-5564,460603,721959,8295,Wood Group,59201.88,2213.2,2026-04-28,2026-04-22 11:27:07,2026-04-22 11:27:09,,pending,National,5894711821,1948,Credit Card,,Local Services Ads,running,
0706137,924-255-5564,745736,829935,9588,"Jones, Doyle and Jackson",66528.39,0,2026-04-28,2026-04-22 11:27:03,2026-04-22 11:27:04,,pending,National,2843660645,1948,Credit Card,,Local Services Ads,running,
0706137,924-255-5564,745736,829935,9588,"Jones, Doyle and Jackson",40560.27,0,2026-04-28,2026-04-22 11:27:03,2026-04-22 11:27:04,,pending,National,2843660645,1948,Credit Card,,Local Services Ads,ended,2023-06-23
3296048,924-255-5564,146172,800928,9932,Gutierrez Inc,76229.64,50285.25,2026-04-29,2026-04-22 11:27:00,2026-04-27 08:02:11,,pending,National,1350626742,2303,Direct Debit,,Local Services Ads,running,
8669141,924-255-5564,371635,579046,7819,Baldwin-Carlson,66296.4,247.92,2026-04-25,2026-04-22 11:26:57,2026-04-22 11:26:59,,pending,National,0302452404,2303,Credit Card,,Local Services Ads,running,
9774860,924-255-5564,831379,913774,9365,"Gutierrez, Garcia and Wheeler",89872.45,44838.59,2026-05-02,2026-04-22 11:26:54,2026-04-22 11:26:56,,pending,National,5774783869,2303,Credit Card,,Local Services Ads,running,
6002170,924-255-5564,867512,292378,8295,"Martin, Zhang and Stewart",81677.93,36720.58,2026-04-30,2026-04-22 11:26:51,2026-04-22 11:26:53,,,National,4385925488,2303,Credit Card,,Local Services Ads,running,
6940948,924-255-5564,166454,727679,5673,Moss Group,41261.25,0,2026-05-05,2026-04-22 11:26:48,2026-04-22 11:26:48,,pending,National,4429017206,2303,Invoice,,Local Services Ads,running,
5606438,924-255-5564,688493,754559,3698,"Roberts, Robinson and Carey",94088.91,6765.57,2026-04-23,2026-04-22 10:09:04,2026-04-22 13:12:23,,pending,National,8841188215,2303,Credit Card,,Local Services Ads,running,
7324208,924-255-5564,437397,999011,3698,"Mcdaniel, Hernandez and Cannon",40344.7,8075.94,2026-04-23,2026-04-22 10:09:01,2026-04-22 13:19:34,,failed,National,3543491972,2303,Credit Card,,Local Services Ads,running,
7924681,924-255-5564,269918,496557,9932,Pierce-Hoover,97473.14,37278.18,2026-04-23,2026-04-22 09:23:14,2026-04-22 09:24:15,,,National,3798974531,2303,Credit Card,,Local Services Ads,running,
1605866,924-255-5564,446023,275418,3375,"Gray, Graham and Serrano",19369.73,47839.34,2026-04-27,2026-04-22 06:05:44,2026-04-22 09:28:39,,pending,Local,9116318122,1,Invoice,,Search Engine Marketing,running,
2599612,924-255-5564,403386,920517,9588,Scott Inc,78683.95,46248.16,2026-04-25,2026-04-22 05:53:09,2026-04-22 05:53:11,,pending,National,5324915458,1948,Credit Card,,Local Services Ads,ended,2023-06-26
2599612,924-255-5564,403386,920517,9588,Scott Inc,96435.24,42864.8,2026-04-25,2026-04-22 05:53:09,2026-04-22 05:53:11,,pending,National,5324915458,1948,Credit Card,,Local Services Ads,running,
5024417,924-255-5564,717588,019714,9588,Johnson-Calderon,63823.18,27508.15,2026-04-27,2026-04-22 05:52:54,2026-04-27 08:02:09,,pending,National,9012463573,2303,Direct Debit,,Local Services Ads,running,
0486887,924-255-5564,829645,817102,8160,Stone Group,73443.26,47038.34,2026-04-22,2026-04-22 05:40:07,2026-04-22 05:40:10,,pending,Local,9129072768,2303,Credit Card,,Local Services Ads,running,
7539275,924-255-5564,406484,916711,9588,Baker Group,99096.74,25146.49,2026-04-27,2026-04-22 00:00:41,2026-04-27 07:04:04,,pending,National,5942002832,1948,Credit Card,,Local Services Ads,ended,2023-06-20
7539275,924-255-5564,406484,916711,9588,Baker Group,9313.11,54157.97,2026-04-27,2026-04-22 00:00:41,2026-04-27 07:04:04,,pending,National,5942002832,1948,Credit Card,,Local Services Ads,running,
9213593,924-255-5564,487292,186612,8295,"Cameron, Thompson and Nelson",13859.77,12037.8,2026-04-22,2026-04-21 11:41:12,2026-04-21 11:41:14,,pending,National,9903398628,1948,Credit Card,,Local Services Ads,ended,2023-06-15
9213593,924-255-5564,487292,186612,8295,"Cameron, Thompson and Nelson",35035.87,17172.36,2026-04-22,2026-04-21 11:41:12,2026-04-21 11:41:14,,pending,National,9903398628,1948,Credit Card,,Local Services Ads,running,
6664903,924-255-5564,446023,275418,3375,Green-Martinez,63752.55,31801.52,2026-04-24,2026-04-21 11:41:06,2026-04-21 11:41:06,,pending,Local,6699554834,2303,Invoice,,Local Services Ads,running,
4648388,924-255-5564,077080,966450,1192,"Hill, Sullivan and Griffin",67147.63,36973.2,2026-05-02,2026-04-21 11:40:38,2026-04-21 11:40:40,,pending,National,6001796093,2303,Credit Card,,Local Services Ads,running,
4186686,924-255-5564,928598,802736,8295,"Davidson, Miles and Mcdonald",12357.7,41309.68,2026-04-25,2026-04-21 11:40:17,2026-04-21 11:40:19,,pending,National,8261080166,2303,Credit Card,,Local Services Ads,running,
3918551,924-255-5564,798269,127900,3698,"Allen, Alexander and Hill",11032.28,26710.19,2026-04-21,2026-04-21 11:39:46,2026-04-21 11:39:49,,pending,National,2268609034,2303,Credit Card,,Local Services Ads,running,
9531642,924-255-5564,178212,523544,3102,Garcia Inc,37580.62,0,2026-05-05,2026-04-21 11:39:42,2026-05-05 11:28:52,,pending,National,4244148344,2303,Credit Card,,Local Services Ads,running,
1107419,924-255-5564,198707,056201,4798,Unknown Business,38068.94,11486.54,2026-04-29,2026-04-21 11:25:41,2026-04-21 11:27:04,,pending,National,7231363210,2303,Credit Card,,Local Services Ads,running,
2185773,924-255-5564,415083,790904,2816,Ramos and Sons,39922.73,29130.68,2026-04-22,2026-04-21 10:51:36,2026-04-21 10:51:50,,,DummyG,3179619722,2101,Invoice,,XMO,running,
1656999,924-255-5564,911864,834948,2816,"Smith, Moore and Murphy",97265.05,17435.21,2026-04-24,2026-04-21 07:53:51,2026-04-21 07:54:05,,,DummyG,5947089943,2101,Invoice,,XMO,running,
4926255,924-255-5564,093866,687695,3487,"Francis, Strickland and Carroll",59012.72,37055.5,2026-04-21,2026-04-21 05:41:39,2026-04-21 05:41:39,,pending,Local,1183278341,2303,Invoice,,Local Services Ads,running,
0521471,924-255-5564,313200,721358,7636,"Leonard, Tucker and Davis",83485.42,31055.31,2026-05-02,2026-04-20 16:24:56,2026-04-22 09:18:13,,pending,Local,4022023738,2303,Invoice,12,Local Services Ads,running,
3393702,924-255-5564,224937,183764,8295,Olsen-Garcia,23383.53,5263.78,2026-05-02,2026-04-20 15:26:45,2026-04-20 15:26:47,,pending,National,7083287575,2303,Credit Card,,Local Services Ads,running,
9887546,924-255-5564,600083,340404,8295,"Hall, Ho and Allen",94997.82,26128.95,2026-05-04,2026-04-20 15:26:44,2026-05-04 14:49:11,,pending,National,5614535102,2303,Credit Card,,Local Services Ads,running,
0267807,924-255-5564,990399,041658,8295,"Garcia, Melton and Buckley",99426.43,58315.94,2026-05-02,2026-04-20 15:26:34,2026-04-20 15:26:36,,pending,National,4226843540,2303,Credit Card,,Local Services Ads,running,
7396312,924-255-5564,310558,466596,1192,"Mitchell, Nelson and Thornton",77741.89,1201.02,2026-05-05,2026-04-20 12:01:31,2026-04-21 07:42:19,,pending,National,6783143009,2303,Pure Credit,,Local Services Ads,running,
5125107,924-255-5564,933848,138395,1192,Bell Ltd,56311.65,26568.75,2026-05-02,2026-04-20 11:31:02,2026-04-20 11:31:04,,pending,National,5000611547,1948,Credit Card,,Local Services Ads,running,
5125107,924-255-5564,933848,138395,1192,Bell Ltd,19935.25,25167.99,2026-05-02,2026-04-20 11:31:02,2026-04-20 11:31:04,,pending,National,5000611547,1948,Credit Card,,Local Services Ads,ended,2023-06-21
5299224,924-255-5564,904064,068013,2539,Brown Ltd,66599.12,18627.15,2026-04-20,2026-04-20 11:29:50,2026-04-20 11:29:50,,pending,National,5278067007,2303,Invoice,,Local Services Ads,running,
5334154,924-255-5564,631507,351282,9588,"Mccoy, Rios and Chase",25227.28,53027.94,2026-04-27,2026-04-20 11:29:47,2026-04-20 11:29:49,,pending,National,1615863133,2303,Credit Card,,Local Services Ads,running,
6934007,924-255-5564,024123,991171,5673,Lee-Johnson,73149.43,16861.27,2026-04-24,2026-04-20 11:29:38,2026-04-20 11:29:38,,pending,National,0951585799,1948,Invoice,,Local Services Ads,running,
6934007,924-255-5564,024123,991171,5673,Lee-Johnson,51950.1,1155.89,2026-04-24,2026-04-20 11:29:38,2026-04-20 11:29:38,,pending,National,0951585799,1948,Invoice,,Local Services Ads,ended,2023-06-20
2508133,924-255-5564,557004,138795,9588,Hoover LLC,50537.81,26105.84,2026-04-23,2026-04-20 05:48:32,2026-04-23 08:02:31,,,National,1139517016,1948,Direct Debit,,Local Services Ads,running,
2508133,924-255-5564,557004,138795,9588,Hoover LLC,41752.31,20974.09,2026-04-23,2026-04-20 05:48:32,2026-04-23 08:02:31,,,National,1139517016,1948,Direct Debit,,Local Services Ads,ended,2023-06-22
3799437,924-255-5564,690070,467966,9588,Scott-Vasquez,6769.1,33555.27,2026-04-27,2026-04-19 11:24:08,2026-04-19 11:24:11,,pending,National,0724153326,1948,Credit Card,,Local Services Ads,ended,2023-06-22
3799437,924-255-5564,690070,467966,9588,Scott-Vasquez,55567.57,14088.42,2026-04-27,2026-04-19 11:24:08,2026-04-19 11:24:11,,pending,National,0724153326,1948,Credit Card,,Local Services Ads,running,
9695852,924-255-5564,657891,056347,0700,"Glenn, Collins and Barnes",70314.26,36027.63,2026-04-22,2026-04-19 00:00:32,2026-04-22 09:18:00,,pending,Local,2625819695,2303,Credit Card,,Local Services Ads,running,
3352953,924-255-5564,966438,222545,9588,Anderson Inc,87924.59,42901.4,2026-04-24,2026-04-18 11:27:10,2026-04-18 11:27:12,,pending,National,6135962510,1948,Credit Card,,Local Services Ads,running,
3352953,924-255-5564,966438,222545,9588,Anderson Inc,99599.91,9299.31,2026-04-24,2026-04-18 11:27:10,2026-04-18 11:27:12,,pending,National,6135962510,1948,Credit Card,,Local Services Ads,ended,2023-07-19
3118194,924-255-5564,447147,273331,4179,Wilson Group,46212.21,35184.69,2026-04-23,2026-04-18 11:26:57,2026-04-18 11:26:57,,pending,DummyG,6064292301,2303,Invoice,,Local Services Ads,running,
3867753,924-255-5564,303830,686543,3698,Watson-Miller,47468.01,20922.52,2026-05-01,2026-04-18 11:26:17,2026-04-18 11:26:19,,pending,National,7161449845,2303,Credit Card,,Local Services Ads,running,
6156258,924-255-5564,577919,243625,3925,"Lindsey, Mejia and Williams",85107.28,5864.77,2026-04-18,2026-04-18 11:26:15,2026-04-18 11:26:16,,pending,DummyG,0524963856,2303,Invoice,,Local Services Ads,running,
8184634,924-255-5564,476769,789680,9365,"Morrow, Pennington and Hoffman",16655.47,17446.55,2026-04-23,2026-04-18 11:26:09,2026-04-23 14:27:17,,pending,National,5528576406,2303,Credit Card,,Local Services Ads,running,
8869259,924-255-5564,040030,788714,9365,Rodriguez-Rodriguez,35974.85,42478.87,2026-04-30,2026-04-18 11:25:58,2026-04-18 11:26:00,,pending,National,4489877570,2303,Credit Card,,Local Services Ads,running,
2806431,924-255-5564,103183,563102,9980,"Wood, Newton and Roberts",59220.27,15634.4,2026-04-20,2026-04-17 20:21:04,2026-04-20 07:07:05,,pending,National,6722365806,2303,Credit Card,,Local Services Ads,running,
0086285,924-255-5564,149772,615470,1192,Watson-Miller,16604.15,39141.87,2026-04-18,2026-04-17 11:30:38,2026-04-17 11:30:40,,pending,National,7305872371,1948,Credit Card,,Local Services Ads,ended,2023-06-23
0086285,924-255-5564,149772,615470,1192,Watson-Miller,19656.69,2510.77,2026-04-18,2026-04-17 11:30:38,2026-04-17 11:30:40,,pending,National,7305872371,1948,Credit Card,,Local Services Ads,running,
5167437,924-255-5564,272047,063802,7636,"Arnold, Campbell and Baldwin",76389.63,51780.66,2026-04-21,2026-04-17 11:29:45,2026-04-17 11:29:46,,pending,Local,9922176940,1,Invoice,,Search Engine Marketing,running,
2112541,924-255-5564,562407,360010,1192,Thomas-Valencia,66222.26,27534.49,2026-04-21,2026-04-17 11:29:40,2026-04-17 11:29:42,,pending,National,6174253872,1948,Credit Card,,Local Services Ads,ended,2023-06-26
2112541,924-255-5564,562407,360010,1192,Thomas-Valencia,93278.84,2310.72,2026-04-21,2026-04-17 11:29:40,2026-04-17 11:29:42,,pending,National,6174253872,1948,Credit Card,,Local Services Ads,running,
2726264,924-255-5564,266380,590437,8295,Kelly-Roy,30830.96,22361.77,2026-04-23,2026-04-17 11:29:32,2026-04-17 11:29:34,,pending,National,0079341771,2303,Credit Card,,Local Services Ads,running,
5819928,924-255-5564,328146,212052,1192,"Watkins, Miller and Smith",93221.93,28996.32,2026-04-23,2026-04-17 11:29:13,2026-04-17 11:29:15,,pending,National,6620934282,2303,Credit Card,,Local Services Ads,running,
4161587,924-255-5564,594124,992565,5673,"Mendoza, Houston and Smith",89106.62,6928.46,2026-04-21,2026-04-17 11:29:04,2026-04-17 11:29:04,,pending,National,2529501941,2303,Invoice,,Local Services Ads,running,
4763143,924-255-5564,470858,217686,8295,Fuller Inc,647.06,15754.8,2026-04-17,2026-04-17 05:50:53,2026-04-17 05:50:55,,pending,National,9958236476,1948,Credit Card,,Local Services Ads,running,
4763143,924-255-5564,470858,217686,8295,Fuller Inc,7259.04,43016.7,2026-04-17,2026-04-17 05:50:53,2026-04-17 05:50:55,,pending,National,9958236476,1948,Credit Card,,Local Services Ads,running,
3732102,924-255-5564,715580,720180,4744,Valenzuela-Davis,70202.94,18521.51,2026-04-18,2026-04-17 05:50:08,2026-04-17 05:50:10,,finished,National,0732482022,2303,Credit Card,,Local Services Ads,running,
5024655,924-255-5564,346008,850534,8295,Page-Harris,87399.75,6983.91,2026-05-06,2026-04-17 05:47:31,2026-04-22 08:02:12,,pending,National,7677219111,2303,Direct Debit,,Local Services Ads,running,
1928984,924-255-5564,046172,475673,9588,"Skinner, Davis and Brewer",93254.21,24196.55,2026-04-20,2026-04-17 02:08:00,2026-04-17 11:38:48,,finished,National,0355306646,1948,Credit Card,,Local Services Ads,ended,2023-06-20
1928984,924-255-5564,046172,475673,9588,"Skinner, Davis and Brewer",2121.48,24969.26,2026-04-20,2026-04-17 02:08:00,2026-04-17 11:38:48,,finished,National,0355306646,1948,Credit Card,,Local Services Ads,running,
4906649,924-255-5564,156210,320717,8295,"Roberts, Wright and Johns",14214.66,51175.1,2026-04-21,2026-04-17 00:01:28,2026-04-20 13:08:14,,pending,National,8391224213,2303,Credit Card,,Local Services Ads,running,
1822632,924-255-5564,978725,570816,8295,"Bailey, Mckenzie and Martinez",70748.07,59142.56,2026-04-16,2026-04-16 15:32:30,2026-04-16 15:32:32,,pending,National,3269086967,2303,Credit Card,,Local Services Ads,running,
4965457,924-255-5564,862739,132488,7636,Peters-Kelly,187.25,17914.69,2026-04-21,2026-04-16 15:32:25,2026-04-16 15:32:25,,pending,Local,6112031816,1,Invoice,,Search Engine Marketing,running,
1738400,924-255-5564,685029,757945,1192,"Cordova, Wise and Hill",92936.83,4309.42,2026-05-02,2026-04-16 11:25:54,2026-04-23 08:02:34,,pending,National,2567425749,2303,Direct Debit,,Local Services Ads,running,
5559613,924-255-5564,771596,866420,8295,"Bauer, Watson and Campbell",1902.55,43310.21,2026-05-04,2026-04-16 11:25:44,2026-04-16 11:25:46,,pending,National,5982696289,2303,Credit Card,,Local Services Ads,running,
2957539,924-255-5564,582559,550190,8295,"Hobbs, Dudley and Potter",24541.67,46503.01,2026-04-18,2026-04-16 11:25:04,2026-04-16 12:49:20,,pending,National,2576207017,2303,Credit Card,,Local Services Ads,running,
8700288,924-255-5564,269309,814776,0746,Rodriguez-Chambers,2336.73,51219.57,2026-04-18,2026-04-16 11:24:35,2026-04-16 11:24:37,,pending,National,7811020762,2303,Credit Card,,Local Services Ads,running,
1582407,924-255-5564,119382,365392,5673,Scott-Ryan,75243.42,12761.93,2026-04-30,2026-04-16 11:24:29,2026-04-16 11:24:29,,pending,National,4316912970,2303,Invoice,,Local Services Ads,running,
3717091,924-255-5564,389647,839329,2816,Lopez PLC,9516.86,15711.65,2026-04-22,2026-04-16 05:36:18,2026-04-16 05:36:19,,,DummyG,2161133988,2101,Invoice,,XMO,running,
7455684,924-255-5564,381827,600816,1192,"Hill, Harmon and Fuller",80534.92,53109.03,2026-05-05,2026-04-16 00:00:32,2026-04-20 12:47:51,,,National,2135728586,2303,Credit Card,,Local Services Ads,running,
0368789,924-255-5564,241222,316704,9226,"Scott, Bryant and Johnson",59998.03,30757.49,2026-04-17,2026-04-15 11:33:11,2026-04-15 11:33:11,,pending,,5109632145,2303,Invoice,,Local Services Ads,running,
5364288,924-255-5564,044005,640046,9588,Davis-Williams,25750.96,34894.63,2026-04-23,2026-04-15 11:33:09,2026-04-16 05:08:53,,pending,National,3470928838,1948,Credit Card,,Local Services Ads,running,
5364288,924-255-5564,044005,640046,9588,Davis-Williams,51305.76,39586.4,2026-04-23,2026-04-15 11:33:09,2026-04-16 05:08:53,,pending,National,3470928838,1948,Credit Card,,Local Services Ads,ended,2023-06-21
7949459,924-255-5564,672095,616676,6736,Baker and Sons,41342.54,46031.06,2026-04-23,2026-04-15 11:33:07,2026-04-15 11:33:09,,pending,Local,7813066341,2303,Credit Card,,Local Services Ads,running,
1587326,924-255-5564,106228,614757,7819,Powell-Patterson,40785.36,21330.54,2026-04-24,2026-04-15 11:33:03,2026-04-15 11:33:05,,pending,National,0756510313,2303,Credit Card,,Local Services Ads,running,
6495900,924-255-5564,658807,802779,9980,Lopez and Sons,47302.29,46265.9,2026-04-16,2026-04-15 10:23:57,2026-04-16 08:47:38,,pending,National,1097812310,2303,Credit Card,,Local Services Ads,running,
9888888,924-255-5564,627572,028499,3698,Nelson-Ramirez,25204.48,0,2026-05-07,2026-04-15 09:39:38,2026-04-15 15:50:47,,pending,National,3086145045,2303,Credit Card,,Local Services Ads,running,
1164126,924-255-5564,745524,888746,8295,Garrett-Strickland,16117.64,14985.62,2026-04-15,2026-04-15 05:52:52,2026-04-15 05:52:54,,,National,2068961821,2303,Credit Card,,Local Services Ads,running,
6037777,924-255-5564,358165,534760,8295,Wyatt and Sons,59096.51,10747.47,2026-05-02,2026-04-15 05:52:34,2026-04-15 05:52:36,,pending,National,3619586683,1948,Credit Card,,Local Services Ads,running,
6037777,924-255-5564,358165,534760,8295,Wyatt and Sons,25898.03,9003,2026-05-02,2026-04-15 05:52:34,2026-04-15 05:52:36,,pending,National,3619586683,1948,Credit Card,,Local Services Ads,ended,2023-06-16
4871008,924-255-5564,852042,896453,3353,"Garcia, Smith and Francis",72444.6,8752.93,2026-04-21,2026-04-15 05:51:27,2026-04-21 14:32:13,,pending,Local,8861211206,1,Credit Card,,Search Engine Marketing,running,
6100462,924-255-5564,540900,040257,9588,Riley-Mitchell,87297.64,27362.51,2026-04-15,2026-04-15 05:49:49,2026-04-15 05:49:51,,pending,National,0189742422,2303,Credit Card,,Local Services Ads,running,
1919320,924-255-5564,161560,650274,6928,Jimenez-Lara,36661.57,1419.65,2026-04-18,2026-04-15 05:47:45,2026-04-15 05:47:48,,,National,0465498664,2101,Credit Card,,XMO,running,
0192965,924-255-5564,166881,230726,3698,Owen-Vasquez,49088.55,39516.33,2026-04-14,2026-04-14 15:24:54,2026-04-14 15:24:56,,pending,National,9434193442,2303,Credit Card,,Local Services Ads,running,
6026404,924-255-5564,244728,884279,1192,Torres-Thompson,80996.91,42550.41,2026-04-15,2026-04-14 11:35:34,2026-04-15 14:24:50,,finished,National,5276551113,1948,Credit Card,,Local Services Ads,running,
6026404,924-255-5564,244728,884279,1192,Torres-Thompson,70238.54,18940.23,2026-04-15,2026-04-14 11:35:34,2026-04-15 14:24:50,,finished,National,5276551113,1948,Credit Card,,Local Services Ads,running,
6354999,924-255-5564,638787,963717,1192,Smith-Hernandez,55161.61,33001.83,2026-04-27,2026-04-14 11:35:04,2026-04-27 15:53:45,,pending,National,7142299974,2303,Credit Card,,Local Services Ads,running,
9969654,924-255-5564,656687,321065,2138,"Shepard, Harris and Lewis",77652.42,50439.73,2026-04-16,2026-04-14 11:34:52,2026-04-14 11:34:54,,pending,National,8652620788,1948,Credit Card,,Local Services Ads,ended,2023-06-15
9969654,924-255-5564,656687,321065,2138,"Shepard, Harris and Lewis",62189.73,10521.03,2026-04-16,2026-04-14 11:34:52,2026-04-14 11:34:54,,pending,National,8652620788,1948,Credit Card,,Local Services Ads,running,
1068967,924-255-5564,364069,647118,7819,Adkins-Wood,47209.99,34392.8,2026-04-15,2026-04-14 11:34:39,2026-04-14 11:34:41,,finished,National,1858734984,2303,Credit Card,,Local Services Ads,running,
1711942,924-255-5564,325685,140351,1192,"Gilbert, Fritz and Mcneil",67919.65,23488.28,2026-04-14,2026-04-14 11:34:32,2026-04-14 11:34:34,,pending,National,0251792643,2303,Credit Card,,Local Services Ads,running,
8836333,924-255-5564,381844,376311,5673,Patrick-Terrell,14617.29,49654.28,2026-04-17,2026-04-14 11:34:13,2026-04-14 11:34:13,,pending,National,5245232343,2303,Invoice,,Local Services Ads,running,
3403146,924-255-5564,036251,128304,7819,Walsh Ltd,15252.72,23353.82,2026-04-17,2026-04-14 11:34:03,2026-04-15 12:29:26,,pending,National,7581965435,2303,Credit Card,,Local Services Ads,running,
8137576,924-255-5564,052599,398986,9932,Huff Group,5537.13,4010.9,2026-04-14,2026-04-14 11:34:00,2026-04-14 11:34:02,,,National,5640965414,2303,Credit Card,,Local Services Ads,running,
6852760,924-255-5564,146172,800928,9932,Johnson and Sons,71708.23,9153.85,2026-04-17,2026-04-14 11:33:57,2026-04-17 08:02:19,,,National,0262612463,2303,Direct Debit,,Local Services Ads,running,
5505702,924-255-5564,904402,708390,2816,Sanders-Pollard,54260.86,51719.59,2026-04-21,2026-04-14 11:33:49,2026-04-14 11:33:50,,,DummyG,0945443048,2101,Invoice,,XMO,running,
8452038,924-255-5564,054911,916447,1192,Williams-Higgins,46924.65,5627.28,2026-04-16,2026-04-14 11:33:38,2026-04-14 11:33:39,,pending,National,7655252846,2303,Credit Card,,Local Services Ads,running,
6343196,924-255-5564,166454,727679,5673,Larson-Dickerson,53188.32,33659.08,2026-04-21,2026-04-14 11:33:37,2026-04-14 11:33:37,,pending,National,2973448066,2303,Invoice,,Local Services Ads,running,
3186073,924-255-5564,247147,117609,9980,Smith-Harvey,59600.66,36706.72,2026-04-21,2026-04-14 11:33:34,2026-04-14 11:33:36,,pending,National,4421365075,2303,Credit Card,,Local Services Ads,running,
1932746,924-255-5564,784346,933252,5673,Walker LLC,23616.63,51073.64,2026-04-21,2026-04-14 11:33:32,2026-04-14 11:33:33,,pending,National,0632890011,1948,Invoice,,Local Services Ads,running,
1932746,924-255-5564,784346,933252,5673,Walker LLC,86210.88,60366.44,2026-04-21,2026-04-14 11:33:32,2026-04-14 11:33:33,,pending,National,0632890011,1948,Invoice,,Local Services Ads,ended,2023-06-26
6114930,924-255-5564,824152,669378,5673,"Cook, Brown and Mitchell",30057.77,19493.46,2026-04-21,2026-04-14 11:33:27,2026-04-14 11:33:28,,pending,National,7643537541,1948,Invoice,,Local Services Ads,ended,2023-06-15
6114930,924-255-5564,824152,669378,5673,"Cook, Brown and Mitchell",939.69,17369.48,2026-04-21,2026-04-14 11:33:27,2026-04-14 11:33:28,,pending,National,7643537541,1948,Invoice,,Local Services Ads,running,
7375607,924-255-5564,347993,649831,9588,"Watkins, Christensen and Nelson",71128.25,32989.37,2026-04-14,2026-04-14 11:33:20,2026-04-14 11:33:22,,pending,National,2407836764,2303,Credit Card,,Local Services Ads,running,
5960300,924-255-5564,681964,869913,8295,Owens-Carlson,62989.43,34300.8,2026-04-14,2026-04-14 05:48:50,2026-04-14 05:48:52,,pending,National,8578473318,2303,Credit Card,,Local Services Ads,running,
1510908,924-255-5564,472007,819852,0385,Robinson LLC,77699.49,34455.49,2026-04-22,2026-04-14 05:34:15,2026-04-22 13:17:46,,pending,Local,5595296627,1,Paper Check,,Search Engine Marketing,running,
4772859,485-905-1145,446636,590909,3698,Johnson Group,52085.73,0,2026-05-07,2026-04-13 12:49:09,2026-04-14 09:07:09,,pending,National,7365500468,2303,Credit Card,,Local Services Ads,running,
7735806,485-905-1145,241222,316704,9226,Kennedy Ltd,45050.22,59259.22,2026-04-13,2026-04-13 11:31:55,2026-04-13 11:31:56,,pending,,2512121211,2303,Invoice,,Local Services Ads,running,
2273763,485-905-1145,197172,523222,7636,Rodriguez-Smith,15055.15,42433.68,2026-04-15,2026-04-12 11:23:56,2026-04-12 11:23:56,,pending,Local,6985446573,2303,Invoice,,Local Services Ads,running,
9632667,485-905-1145,213117,148136,9588,Jones-Strong,33012.62,9607.32,2026-04-16,2026-04-12 11:23:39,2026-04-12 11:23:42,,pending,National,8789855564,1948,Credit Card,,Local Services Ads,running,
9632667,485-905-1145,213117,148136,9588,Jones-Strong,86895.83,26243.52,2026-04-16,2026-04-12 11:23:39,2026-04-12 11:23:42,,pending,National,8789855564,1948,Credit Card,,Local Services Ads,ended,2023-06-20
0787656,485-905-1145,658564,769416,4722,"Davis, Mcgee and Reeves",64928.65,55820.65,2026-04-18,2026-04-12 05:32:30,2026-04-12 05:32:32,,pending,Local,3689414293,1,Credit Card,,Search Engine Marketing,running,
1836565,485-905-1145,324015,567749,5888,Rose-Armstrong,60083.16,5892.1,2026-04-12,2026-04-12 05:32:14,2026-04-12 05:32:15,,pending,DummyG,8408849037,1,Invoice,,Search Engine Marketing,running,
5926886,485-905-1145,729574,186593,1192,"Bridges, Williams and Russell",78160.58,54447.27,2026-04-15,2026-04-11 11:30:53,2026-04-11 11:30:55,,finished,National,8191698058,1948,Credit Card,,Local Services Ads,running,
5926886,485-905-1145,729574,186593,1192,"Bridges, Williams and Russell",36022.6,56793.97,2026-04-15,2026-04-11 11:30:53,2026-04-11 11:30:55,,finished,National,8191698058,1948,Credit Card,,Local Services Ads,ended,2023-06-22
0684346,485-905-1145,320878,051167,8295,"Williams, Baker and Mcdonald",53069.87,4363.56,2026-04-14,2026-04-11 11:30:37,2026-04-11 11:30:40,,finished,National,0968262273,2303,Credit Card,,Local Services Ads,running,
6116776,485-905-1145,975467,844560,8545,Mitchell and Sons,23637.32,42920.29,2026-04-13,2026-04-11 05:34:33,2026-04-11 05:34:35,,finished,Local,0318443902,1,Credit Card,,Search Engine Marketing,running,
9258990,485-905-1145,871924,413371,9588,"Hammond, Elliott and Mcgee",83241.49,28111.69,2026-04-27,2026-04-11 00:00:27,2026-04-27 06:14:54,,pending,National,7685658691,1948,Credit Card,,Local Services Ads,running,
4708652,485-905-1145,919569,335583,1192,Perez-Oneal,10636.42,21986.16,2026-04-14,2026-04-10 11:26:28,2026-04-13 07:39:18,,pending,National,4463560221,1948,Credit Card,,Local Services Ads,running,
4708652,485-905-1145,919569,335583,1192,Perez-Oneal,78206.19,38232.13,2026-04-14,2026-04-10 11:26:28,2026-04-13 07:39:18,,pending,National,4463560221,1948,Credit Card,,Local Services Ads,ended,2023-06-28
8962440,485-905-1145,585213,842984,8295,"Jones, Miller and Diaz",84716.33,14348.5,2026-04-13,2026-04-10 11:26:12,2026-04-10 11:26:14,,pending,National,4476323581,2303,Credit Card,,Local Services Ads,running,
0125755,485-905-1145,737876,005181,1192,Smith Ltd,79801.15,55777.55,2026-04-11,2026-04-10 11:25:52,2026-04-10 14:08:59,,pending,National,0340471721,2303,Credit Card,,Local Services Ads,running,
3900859,485-905-1145,220192,329015,6938,Lyons-Parks,16034.24,8839.81,2026-04-15,2026-04-10 11:25:41,2026-04-10 11:25:42,,pending,Local,6519836742,2303,Credit Card,,Local Services Ads,running,
4222427,485-905-1145,648788,621523,0700,"Smith, Delacruz and Evans",80982.89,24042.88,2026-04-18,2026-04-10 11:25:38,2026-04-10 11:25:40,,pending,Local,0338927828,2303,Credit Card,,Local Services Ads,running,
6640961,485-905-1145,339129,558898,8295,"Hernandez, Vang and Reynolds",88829.69,34184.67,2026-05-02,2026-04-10 11:25:15,2026-04-10 11:25:17,,pending,National,4309537007,1948,Credit Card,,Local Services Ads,running,
6640961,485-905-1145,339129,558898,8295,"Hernandez, Vang and Reynolds",47603.03,55166.09,2026-05-02,2026-04-10 11:25:15,2026-04-10 11:25:17,,pending,National,4309537007,1948,Credit Card,,Local Services Ads,ended,2023-06-21
0084675,485-905-1145,221515,316838,4355,Hunt and Sons,53996.84,56895.3,2026-04-12,2026-04-10 11:24:56,2026-04-10 11:24:57,,pending,,8154274018,2303,Invoice,,Local Services Ads,running,
1608869,485-905-1145,520631,953195,3102,Waller PLC,82357.49,27919.44,2026-04-14,2026-04-10 11:24:51,2026-04-10 11:24:54,,pending,National,1681521892,2303,Credit Card,,Local Services Ads,running,
2258170,485-905-1145,487722,761789,6049,"Edwards, Chan and Hickman",15363.63,42704.6,2026-04-12,2026-04-10 05:41:00,2026-04-10 05:41:03,,pending,Local,7848505228,1,Credit Card,,Search Engine Marketing,running,
7520852,485-905-1145,103111,839486,2816,Kidd-Cardenas,38958.79,43105.58,2026-04-10,2026-04-10 05:33:31,2026-04-10 05:33:32,,,DummyG,2712385034,2101,Invoice,,XMO,running,
8624879,485-905-1145,836108,582484,2539,"Ward, White and Williams",23263.45,48669.36,2026-05-02,2026-04-09 12:48:43,2026-04-09 12:51:48,,pending,National,3572551733,2303,Invoice,,Local Services Ads,running,
4441015,485-905-1145,836108,582484,2539,Cox-Obrien,31951.43,2156.3,2026-04-10,2026-04-09 12:47:41,2026-04-09 12:51:48,,pending,National,8132802201,2303,Invoice,,Local Services Ads,running,
1905542,485-905-1145,041050,891513,8295,Wall-Black,17405.73,51487.01,2026-04-09,2026-04-09 11:31:18,2026-04-09 11:31:20,,pending,National,0424468766,2303,Credit Card,,Local Services Ads,running,
8191064,485-905-1145,669273,565037,8295,Jackson LLC,4712.49,22002.74,2026-04-15,2026-04-09 11:30:13,2026-04-09 11:30:15,,,National,0563971882,2303,Credit Card,,Local Services Ads,running,
1440475,485-905-1145,597422,736533,1192,Gonzalez-Francis,49109.64,16039.54,2026-04-12,2026-04-09 11:30:12,2026-04-09 11:30:13,,finished,National,8531397653,2303,Credit Card,,Local Services Ads,running,
2234045,485-905-1145,742362,903741,9932,"Mcdaniel, Ramirez and Yates",33465.94,39416.52,2026-04-15,2026-04-09 11:30:01,2026-04-14 08:02:20,,pending,National,8896812493,2303,Direct Debit,,Local Services Ads,running,
9980615,485-905-1145,107678,160502,4279,Soto-Anderson,32451.6,45986.23,2026-04-10,2026-04-09 11:29:49,2026-04-09 11:29:51,,pending,Local,8299205288,2303,Credit Card,,Local Services Ads,running,
0141496,485-905-1145,650242,000905,9588,"Hamilton, Mckee and Hull",48558.41,8408.95,2026-04-16,2026-04-09 11:29:31,2026-04-09 11:29:33,,pending,National,1650612999,1948,Credit Card,,Local Services Ads,ended,2023-06-22
0141496,485-905-1145,650242,000905,9588,"Hamilton, Mckee and Hull",85507.87,9058.44,2026-04-16,2026-04-09 11:29:31,2026-04-09 11:29:33,,pending,National,1650612999,1948,Credit Card,,Local Services Ads,running,
8465818,485-905-1145,769573,496176,7819,Calderon LLC,5266.64,17218.78,2026-04-14,2026-04-09 11:29:26,2026-04-09 15:31:15,,finished,National,6800416409,2303,Credit Card,,Local Services Ads,running,
1873431,485-905-1145,518655,304842,9932,"Martin, Lam and Washington",56480.62,9476.41,2026-04-15,2026-04-09 11:29:12,2026-04-09 11:29:14,,,National,3890648299,2303,Credit Card,,Local Services Ads,running,
2181944,485-905-1145,718810,148862,9588,Dickerson-Kaufman,2689.01,57183.16,2026-04-24,2026-04-09 11:29:10,2026-04-09 11:29:11,,pending,National,6585553107,1948,Credit Card,,Local Services Ads,running,
2181944,485-905-1145,718810,148862,9588,Dickerson-Kaufman,34297.24,8026.99,2026-04-24,2026-04-09 11:29:10,2026-04-09 11:29:11,,pending,National,6585553107,1948,Credit Card,,Local Services Ads,ended,2023-06-22
4779160,485-905-1145,802250,855450,5673,Reed-Alvarado,98099.86,0,2026-05-06,2026-04-09 11:29:04,2026-04-09 11:29:04,,pending,National,7225951830,2303,Invoice,,Local Services Ads,running,
6461827,485-905-1145,697451,539299,9980,"Ross, Herman and Patton",82302.4,55817.74,2026-04-09,2026-04-09 05:35:40,2026-04-09 05:35:41,,pending,National,2398923377,2303,Credit Card,,Local Services Ads,running,
1268256,485-905-1145,018500,456797,7636,Escobar-Curtis,93050.14,55802.81,2026-04-11,2026-04-08 11:25:33,2026-04-08 11:25:34,,pending,Local,3218449924,1,Invoice,,Search Engine Marketing,running,
7559014,485-905-1145,812799,795796,8210,Mendoza-Wade,12471.67,45869.11,2026-04-11,2026-04-08 11:25:19,2026-04-08 11:25:21,,finished,Local,2802394422,2303,Credit Card,,Local Services Ads,running,
2924597,485-905-1145,766138,922893,4744,"Compton, White and Johnson",51455.93,33328.26,2026-04-09,2026-04-08 11:25:07,2026-04-08 11:25:09,,finished,National,3558964007,2303,Credit Card,,Local Services Ads,running,
4765242,485-905-1145,075591,013475,1192,Snow Inc,52926.04,10681.55,2026-04-09,2026-04-08 11:25:05,2026-04-08 11:25:07,,finished,National,7078999699,2303,Credit Card,,Local Services Ads,running,
0877130,485-905-1145,166721,394590,8295,Peterson-Gonzalez,49353.12,41529.51,2026-04-09,2026-04-08 11:25:02,2026-04-08 11:25:05,,pending,National,0626775231,1948,Credit Card,,Local Services Ads,running,
0877130,485-905-1145,166721,394590,8295,Peterson-Gonzalez,40253.71,2472.98,2026-04-09,2026-04-08 11:25:02,2026-04-08 11:25:05,,pending,National,0626775231,1948,Credit Card,,Local Services Ads,ended,2023-06-15
2587764,485-905-1145,270845,486946,9980,Anderson LLC,40300.48,10553.97,2026-04-10,2026-04-08 11:25:00,2026-04-08 11:25:02,,pending,National,4574001249,2303,Credit Card,,Local Services Ads,running,
6198867,485-905-1145,582372,268710,9932,Reynolds-Smith,7292.13,28941.71,2026-04-13,2026-04-08 11:24:44,2026-04-13 08:02:36,,,National,1658899515,2303,Direct Debit,,Local Services Ads,running,
8512669,485-905-1145,394996,022974,9980,Smith LLC,16988.55,19095.63,2026-04-10,2026-04-08 11:24:10,2026-04-08 11:24:11,,pending,National,2804317743,2303,Credit Card,,Local Services Ads,running,
1411616,485-905-1145,113558,487323,1400,"Gates, Romero and Raymond",27427.08,50384.16,2026-04-18,2026-04-08 11:23:59,2026-04-16 14:01:03,,pending,National,1661606561,2303,Credit Card,,Local Services Ads,running,
2816188,485-905-1145,349044,990981,5673,Banks Ltd,66045.99,29153.33,2026-04-12,2026-04-08 11:23:54,2026-04-08 11:23:54,,pending,National,5050009102,1948,Invoice,,Local Services Ads,ended,2023-06-23
2816188,485-905-1145,349044,990981,5673,Banks Ltd,13683.44,20727.53,2026-04-12,2026-04-08 11:23:54,2026-04-08 11:23:54,,pending,National,5050009102,1948,Invoice,,Local Services Ads,running,
4643241,485-905-1145,127693,955180,8295,Lopez-Holt,77630.42,0,2026-04-29,2026-04-07 12:01:23,2026-04-07 12:15:46,,pending,National,2692509360,2303,Credit Card,,Local Services Ads,running,
5426163,485-905-1145,398886,755092,9932,Webb-Simon,69323.13,4040.68,2026-04-08,2026-04-07 11:31:38,2026-04-07 11:31:40,,,National,9478781901,2303,Credit Card,,Local Services Ads,running,
9954808,485-905-1145,912863,289313,7636,Gentry and Sons,34013.73,2667.6,2026-04-07,2026-04-07 11:31:06,2026-04-07 11:31:07,,finished,Local,4881864266,1,Invoice,,Search Engine Marketing,ended,2026-03-10
7673158,485-905-1145,204463,944946,8295,"Brown, Bauer and Douglas",56230.17,26396.34,2026-04-10,2026-04-07 11:30:10,2026-04-10 08:02:24,,pending,National,4799934075,1948,Direct Debit,,Local Services Ads,ended,2023-06-21
7673158,485-905-1145,204463,944946,8295,"Brown, Bauer and Douglas",88289,15519.71,2026-04-10,2026-04-07 11:30:10,2026-04-10 08:02:24,,pending,National,4799934075,1948,Direct Debit,,Local Services Ads,running,
2812117,485-905-1145,986937,300109,5673,Moreno and Sons,34883.8,46516.24,2026-04-11,2026-04-07 11:30:06,2026-04-07 11:30:07,,pending,National,2232486305,1948,Invoice,,Local Services Ads,running,
2812117,485-905-1145,986937,300109,5673,Moreno and Sons,36869.72,719.61,2026-04-11,2026-04-07 11:30:06,2026-04-07 11:30:07,,pending,National,2232486305,1948,Invoice,,Local Services Ads,ended,2023-06-20
6006952,485-905-1145,813270,231888,8295,"Gray, Morgan and Phelps",22753.53,0,2026-04-06,2026-04-06 15:23:11,2026-04-06 15:23:13,,pending,National,3543769778,2303,Credit Card,,Local Services Ads,running,
8402095,485-905-1145,736487,256922,4798,Wilson Group,50047.68,55497.48,2026-04-11,2026-04-06 11:26:20,2026-04-06 11:26:22,,pending,National,0176598079,1948,Credit Card,,Local Services Ads,ended,2023-06-15
8402095,485-905-1145,736487,256922,4798,Wilson Group,82094.01,18627.44,2026-04-11,2026-04-06 11:26:20,2026-04-06 11:26:22,,pending,National,0176598079,1948,Credit Card,,Local Services Ads,running,
1492735,485-905-1145,262759,771890,9980,Powers and Sons,6267.22,10118.74,2026-04-07,2026-04-06 05:31:19,2026-04-06 05:31:21,,pending,National,1381257326,2303,Credit Card,,Local Services Ads,running,
3387893,485-905-1145,510613,801244,7986,Williams-Jones,62838.61,47045.15,2026-04-05,2026-04-05 11:25:18,2026-04-05 11:25:20,,finished,Local,7797927743,2303,Credit Card,,Local Services Ads,running,
5243399,485-905-1145,892249,643058,4798,Rodriguez LLC,74576.95,42359.73,2026-04-13,2026-04-05 11:24:32,2026-04-05 11:24:34,,pending,National,5466889835,2303,Credit Card,,Local Services Ads,running,
9617338,485-905-1145,414576,654467,7819,Parker and Sons,39784.49,3374.8,2026-04-11,2026-04-05 11:24:20,2026-04-05 11:24:22,,pending,National,5071273470,2303,Credit Card,,Local Services Ads,running,
4763391,485-905-1145,201405,767346,5673,Morrison-Wood,66090.09,2184.79,2026-04-15,2026-04-05 11:24:18,2026-04-05 11:24:19,,pending,National,6566716784,1948,Invoice,,Local Services Ads,ended,2023-06-22
4763391,485-905-1145,201405,767346,5673,Morrison-Wood,11000.99,39225.9,2026-04-15,2026-04-05 11:24:18,2026-04-05 11:24:19,,pending,National,6566716784,1948,Invoice,,Local Services Ads,running,
1275044,485-905-1145,706496,907128,2816,"Robinson, Reed and Martin",29179.68,22593.5,2026-04-05,2026-04-05 05:33:01,2026-04-05 05:33:02,,,DummyG,0679267180,2101,Invoice,,XMO,running,
5358079,485-905-1145,684946,654346,6249,"Fritz, Leach and Anderson",23241.28,27982.59,2026-04-09,2026-04-04 11:23:04,2026-04-04 11:23:06,,finished,Local,9926729884,2303,Credit Card,,Local Services Ads,running,
3394017,485-905-1145,488147,664457,8295,Rowe Group,7647.35,17643.11,2026-04-16,2026-04-04 11:22:54,2026-04-08 12:46:43,,,National,7051317096,2303,Credit Card,,Local Services Ads,running,
0604845,485-905-1145,374333,114240,5673,Webb-Simon,46113.61,16005.52,2026-04-18,2026-04-04 11:22:53,2026-04-04 11:22:53,,pending,National,5700396045,1948,Invoice,,Local Services Ads,running,
0604845,485-905-1145,374333,114240,5673,Webb-Simon,6931.14,33833.37,2026-04-18,2026-04-04 11:22:53,2026-04-04 11:22:53,,pending,National,5700396045,1948,Invoice,,Local Services Ads,ended,2023-06-21
5441663,485-905-1145,339277,149790,0377,Moore Ltd,83861.01,53707.92,2026-04-09,2026-04-04 00:00:30,2026-04-09 11:34:39,,finished,Local,7495210442,1948,Invoice,,Local Services Ads,running,
4618257,485-905-1145,610028,206445,0433,"Good, Edwards and Lopez",41378.76,2912.12,2026-04-08,2026-04-03 15:01:27,2026-04-06 12:24:56,,finished,National,7421810029,2101,Paper Check,,XMO,ended,2026-04-08
9848964,485-905-1145,673726,711011,8295,Daniel-Neal,75106.48,18926.52,2026-04-04,2026-04-03 11:27:47,2026-04-03 11:27:50,,finished,National,9833132318,1948,Credit Card,,Local Services Ads,ended,2023-06-15
9848964,485-905-1145,673726,711011,8295,Daniel-Neal,6176.12,13643.61,2026-04-04,2026-04-03 11:27:47,2026-04-03 11:27:50,,finished,National,9833132318,1948,Credit Card,,Local Services Ads,running,
7366901,485-905-1145,160471,119652,8295,"Adams, Day and Rodriguez",74100.59,22868.91,2026-04-10,2026-04-03 11:27:04,2026-04-03 11:27:06,,finished,National,4563889686,1948,Credit Card,,Local Services Ads,running,
8383533,485-905-1145,579714,568733,8295,Norton Group,71252.04,11687.69,2026-04-16,2026-04-03 08:27:25,2026-04-03 08:31:47,,pending,National,2806538056,2303,Credit Card,,Local Services Ads,running,
6481733,485-905-1145,993467,940310,4279,"Guerra, Hart and Gonzalez",33446.36,59993.98,2026-04-10,2026-04-03 00:00:30,2026-04-10 08:02:19,,,Local,3041664802,2303,Direct Debit,,Local Services Ads,running,
0485253,485-905-1145,481525,983439,7521,Valenzuela-Holt,66566,26954.52,2026-04-21,2026-04-02 13:22:14,2026-04-02 13:41:43,,pending,Local,7669725149,1,Invoice,,Search Engine Marketing,new,
8184845,485-905-1145,117723,165096,7521,Wu LLC,82348.34,60185.68,2026-04-14,2026-04-02 13:20:24,2026-04-02 13:41:43,,pending,Local,1618340185,1,Invoice,,Search Engine Marketing,new,
3504386,485-905-1145,338674,886918,7521,Shaw Group,20119.48,58610.84,2026-04-28,2026-04-02 13:09:35,2026-04-02 13:41:43,,pending,Local,0722737041,1,Invoice,,Search Engine Marketing,new,
7880511,485-905-1145,536247,304675,8295,"Gibson, Christensen and Nash",89378.53,58635.94,2026-04-09,2026-04-02 11:30:03,2026-04-07 08:02:04,,finished,National,4474160131,2303,Direct Debit,,Local Services Ads,running,
1143403,485-905-1145,124743,126798,9588,Smith-Olsen,97432.34,12892.73,2026-04-09,2026-04-02 11:29:24,2026-04-02 11:29:26,,pending,National,0713322302,1948,Credit Card,,Local Services Ads,running,
1143403,485-905-1145,124743,126798,9588,Smith-Olsen,74736.56,43591.32,2026-04-09,2026-04-02 11:29:24,2026-04-02 11:29:26,,pending,National,0713322302,1948,Credit Card,,Local Services Ads,ended,2023-06-23
0103312,485-905-1145,719573,389847,4744,Armstrong Ltd,16040.13,7804.15,2026-04-04,2026-04-01 11:43:01,2026-04-01 11:43:28,,pending,National,6484716935,2303,Credit Card,,Local Services Ads,running,
2031758,485-905-1145,849103,465787,7752,"Smith, Medina and White",96770.84,28785.72,2026-04-04,2026-04-01 11:26:28,2026-04-01 11:26:29,,,DummyG,1081359745,2303,Invoice,,Local Services Ads,running,
6335091,485-905-1145,002776,091647,9365,Moss-Flynn,84156.47,0,2026-04-24,2026-04-01 11:26:08,2026-04-01 11:26:11,,pending,National,4483154163,2303,Credit Card,,Local Services Ads,running,
7574048,485-905-1145,792119,270885,2872,Richardson-Rivera,88305.79,22553.67,2026-04-02,2026-04-01 05:55:39,2026-04-01 06:08:19,,,National,8849958456,2101,Invoice,,XMO,running,
5362134,485-905-1145,621651,479372,6385,"Matthews, Brown and Montgomery",70912.15,20831.65,2026-03-31,2026-03-31 14:00:12,2026-03-31 14:00:57,,pending,National,4696492389,2303,Invoice,,Local Services Ads,running,
2563926,485-905-1145,915910,480363,6385,Williamson Inc,66678.92,16584.04,2026-03-31,2026-03-31 13:57:23,2026-03-31 14:00:57,,pending,National,5467984813,1948,Invoice,,Local Services Ads,running,
2563926,485-905-1145,915910,480363,6385,Williamson Inc,96834.48,41846.5,2026-03-31,2026-03-31 13:57:23,2026-03-31 14:00:57,,pending,National,5467984813,1948,Invoice,,Local Services Ads,ended,2023-06-15
2558401,485-905-1145,968535,811411,3375,"Adams, Howell and Howell",56167.05,33934.26,2026-04-03,2026-03-31 13:55:34,2026-03-31 13:57:35,,pending,Local,1286984985,2303,Invoice,,Local Services Ads,running,
6188617,485-905-1145,900595,472411,5673,Valenzuela-Holt,88735.92,3380.22,2026-03-31,2026-03-31 12:25:39,2026-03-31 12:26:15,,pending,National,2066055693,2303,Invoice,,Local Services Ads,running,
7010530,485-905-1145,986937,300109,5673,Guzman LLC,95073.21,33659.41,2026-03-31,2026-03-31 12:23:25,2026-03-31 12:26:15,,pending,National,8354241488,1948,Invoice,,Local Services Ads,ended,2023-06-20
7010530,485-905-1145,986937,300109,5673,Guzman LLC,76493.33,58127.31,2026-03-31,2026-03-31 12:23:25,2026-03-31 12:26:15,,pending,National,8354241488,1948,Invoice,,Local Services Ads,running,
9574330,485-905-1145,749335,421304,5673,Lang-Murillo,24303.83,44368.07,2026-03-31,2026-03-31 12:19:07,2026-03-31 12:26:15,,pending,National,6559756001,2303,Invoice,,Local Services Ads,running,
3184748,485-905-1145,806354,965820,8295,"Hernandez, Hernandez and Kramer",64135.18,13273.13,2026-04-07,2026-03-31 11:32:52,2026-03-31 11:32:55,,finished,National,1788804700,2303,Credit Card,,Local Services Ads,running,
7610753,485-905-1145,152910,306803,4798,Pham-White,5178.8,55687.19,2026-04-03,2026-03-31 11:32:10,2026-03-31 11:32:12,,finished,National,3948290579,2303,Credit Card,,Local Services Ads,running,
1340928,485-905-1145,433167,679332,8295,Snyder-Welch,1496.11,30261.16,2026-04-03,2026-03-31 11:30:35,2026-03-31 11:30:38,,pending,National,6170848175,2303,Credit Card,,Local Services Ads,running,
3828369,485-905-1145,420980,751068,8295,Robinson LLC,12541.73,12997.19,2026-04-08,2026-03-31 00:00:39,2026-04-08 12:14:55,,pending,National,0591402591,2303,Credit Card,,Local Services Ads,running,
9704336,485-905-1145,100171,815599,3698,"Bell, Rosales and Martin",89710.23,59625.65,2026-03-31,2026-03-30 14:24:30,2026-03-30 14:35:26,,pending,National,8850079301,2303,Pure Credit,,Local Services Ads,running,
4030933,485-905-1145,286046,516757,7819,Ortiz Ltd,32018.58,9868.87,2026-04-03,2026-03-30 11:29:06,2026-04-02 08:03:09,,pending,National,6060612572,2303,Direct Debit,,Local Services Ads,running,
3209594,485-905-1145,261671,691191,6385,Wright-Gregory,20236.57,44812.27,2026-03-27,2026-03-27 13:11:28,2026-03-27 13:11:49,,pending,National,9749068219,1948,Invoice,,Local Services Ads,ended,2023-06-15
3209594,485-905-1145,261671,691191,6385,Wright-Gregory,83170.45,664.72,2026-03-27,2026-03-27 13:11:28,2026-03-27 13:11:49,,pending,National,9749068219,1948,Invoice,,Local Services Ads,running,
9286360,485-905-1145,556188,459739,8295,"Pierce, Vance and Collins",99966.37,58665.48,2026-04-04,2026-03-27 11:28:26,2026-03-27 11:28:29,,pending,National,9700845656,2303,Credit Card,,Local Services Ads,running,
3257111,485-905-1145,452441,956069,7495,Gamble Inc,60369.39,33677.59,2026-04-16,2026-03-26 13:48:17,2026-03-27 07:50:04,,pending,Local,8308021718,2303,Invoice,7,Local Services Ads,running,
6307380,485-905-1145,470806,503091,3102,Taylor Group,528,42694.63,2026-04-21,2026-03-26 13:18:25,2026-03-26 14:53:42,,finished,National,0800562999,2303,Credit Card,,Local Services Ads,running,
5756137,485-905-1145,644274,214185,2539,Powell-Guzman,32201.56,5439.78,2026-04-10,2026-03-26 11:29:06,2026-03-26 11:29:06,,pending,National,6150562396,2303,Invoice,,Local Services Ads,running,
4724105,485-905-1145,613689,188750,1479,"Diaz, Pena and Weeks",969.09,23236.37,2026-03-27,2026-03-26 11:28:12,2026-03-26 11:28:14,,finished,Local,7733472236,1948,Paper Check,,Local Services Ads,running,
3056051,485-905-1145,182200,571157,5673,Villanueva Inc,21514.95,13340.64,2026-04-18,2026-03-26 11:28:11,2026-03-26 11:28:11,,pending,National,9503474366,2303,Invoice,,Local Services Ads,running,
9445004,485-905-1145,361296,221406,6385,Moore Ltd,27241.58,49561.83,2026-03-31,2026-03-26 09:10:07,2026-03-26 09:14:06,,pending,National,1152812322,2303,Invoice,,Local Services Ads,running,
9694160,485-905-1145,468677,798080,6385,Horne-Thompson,74054.46,0,2026-03-27,2026-03-26 09:01:23,2026-03-26 09:14:06,,pending,National,4711813257,2303,Invoice,,Local Services Ads,running,
3102570,485-905-1145,261671,691191,6385,Love Inc,75860.63,76.64,2026-03-27,2026-03-26 08:58:46,2026-03-26 09:14:06,,pending,National,1221730076,2303,Invoice,,Local Services Ads,running,
9085327,485-905-1145,966274,171208,9588,"Rubio, Kennedy and Brown",9497.7,49263.65,2026-03-27,2026-03-25 17:36:09,2026-03-26 05:50:40,,pending,National,9572982901,2303,Credit Card,,Local Services Ads,running,
0413949,485-905-1145,344475,730872,5673,Poole-Andrade,33288.13,40699.39,2026-04-04,2026-03-25 11:27:45,2026-03-25 11:27:46,,pending,National,6359222590,2303,Invoice,,Local Services Ads,running,
5751165,485-905-1145,819603,033351,5673,Abbott-Shannon,15712.06,43675.31,2026-04-12,2026-03-25 11:27:44,2026-03-25 11:27:44,,pending,National,1898643252,2303,Invoice,,Local Services Ads,running,
9572231,485-905-1145,936164,221953,5673,Nichols-Jones,4522.08,33838.63,2026-04-10,2026-03-25 11:27:43,2026-03-25 11:27:44,,pending,National,5354246142,1948,Invoice,,Local Services Ads,ended,2023-06-26
9572231,485-905-1145,936164,221953,5673,Nichols-Jones,49277.04,19417.62,2026-04-10,2026-03-25 11:27:43,2026-03-25 11:27:44,,pending,National,5354246142,1948,Invoice,,Local Services Ads,running,
8091984,485-905-1145,337551,355450,9588,Reeves-Walker,90342.93,54835.39,2026-03-26,2026-03-25 11:27:36,2026-03-25 11:27:38,,finished,National,8534972111,1948,Credit Card,,Local Services Ads,ended,2023-06-27
8091984,485-905-1145,337551,355450,9588,Reeves-Walker,10276.94,14371.89,2026-03-26,2026-03-25 11:27:36,2026-03-25 11:27:38,,finished,National,8534972111,1948,Credit Card,,Local Services Ads,running,
1122443,485-905-1145,490881,883025,6938,Green-Frank,99368.97,38476.75,2026-04-17,2026-03-24 09:37:32,2026-03-24 09:38:18,,pending,Local,5522050084,2303,Credit Card,,Local Services Ads,running,
8653106,485-905-1145,725084,443000,7636,Johnson-Garcia,27902.56,35203.74,2026-03-28,2026-03-24 05:33:35,2026-03-24 05:33:36,,finished,Local,1850438655,1,Invoice,,Search Engine Marketing,running,
7444697,485-905-1145,902412,312997,7819,"Smith, Davis and Marquez",27216.62,41986.46,2026-04-16,2026-03-23 13:54:00,2026-04-10 10:30:45,,pending,National,9360074217,2303,Credit Card,,Local Services Ads,running,
3093639,485-905-1145,315792,760531,7752,Johnson PLC,1727.73,6066.96,2026-04-09,2026-03-23 07:19:14,2026-03-23 07:20:19,,pending,DummyG,0725362877,2303,Invoice,12,Local Services Ads,running,
2643569,485-905-1145,710174,527784,5673,"Rhodes, Smith and Morris",96049.32,27765.77,2026-04-01,2026-03-22 11:33:12,2026-03-22 11:33:12,,pending,National,1694594304,2303,Invoice,,Local Services Ads,running,
8474651,485-905-1145,740688,939267,9588,Evans-Reed,5549.07,58961.42,2026-03-24,2026-03-22 11:32:54,2026-03-22 11:32:57,,pending,National,3708114477,2303,Credit Card,,Local Services Ads,running,
7090538,485-905-1145,783887,666010,5673,"Wiley, Gray and Graham",37795.93,17082.2,2026-03-31,2026-03-21 11:21:37,2026-03-21 11:21:37,,pending,National,1622510814,1948,Invoice,,Local Services Ads,running,
7090538,485-905-1145,783887,666010,5673,"Wiley, Gray and Graham",63574.55,51080.18,2026-03-31,2026-03-21 11:21:37,2026-03-21 11:21:37,,pending,National,1622510814,1948,Invoice,,Local Services Ads,ended,2024-10-20
0702543,485-905-1145,292401,411291,8160,Hickman and Sons,17595.59,48113.37,2026-03-25,2026-03-20 12:25:42,2026-03-25 08:02:25,,pending,Local,0911521508,2303,Direct Debit,,Local Services Ads,running,
7891838,485-905-1145,896100,890206,9588,Chapman-Hall,18539.87,0,2026-05-06,2026-03-20 11:30:58,2026-05-06 12:01:40,,pending,National,8379233857,2303,Credit Card,,Local Services Ads,running,
6970276,485-905-1145,824842,993772,5673,Fisher Group,74987.29,37859.57,2026-04-07,2026-03-20 11:30:53,2026-03-20 11:30:53,,pending,National,8740178116,2303,Invoice,,Local Services Ads,running,
5701992,485-905-1145,631026,825830,1479,Wallace Inc,32232.72,11411.22,2026-03-24,2026-03-20 09:28:06,2026-03-20 09:29:23,,pending,Local,2254601314,2303,Credit Card,,Local Services Ads,running,
0030720,485-905-1145,850957,703854,8295,"Richards, Davis and James",89810.36,25570.37,2026-03-20,2026-03-20 05:51:07,2026-03-20 05:51:09,,pending,National,5079194227,2303,Credit Card,,Local Services Ads,running,
9404888,485-905-1145,582068,766771,4744,"Spears, Leach and Smith",19839.13,46437.42,2026-03-20,2026-03-19 11:37:27,2026-03-19 11:37:29,,finished,National,4718931399,2303,Credit Card,,Local Services Ads,running,
9149029,485-905-1145,397259,286195,8295,Johnson Inc,87329.12,21944.68,2026-04-02,2026-03-19 11:36:10,2026-03-19 11:36:12,,pending,National,2060040594,2303,Credit Card,,Local Services Ads,running,
8168180,485-905-1145,900595,472411,5673,Larsen LLC,18247.84,20761.54,2026-04-14,2026-03-19 11:36:06,2026-03-19 11:36:06,,pending,National,9875431696,2303,Invoice,,Local Services Ads,running,
7287466,485-905-1145,123821,151395,7819,Greene-Potter,27790.29,21231.67,2026-04-05,2026-03-19 11:36:04,2026-03-19 13:31:14,,pending,National,4771788237,1948,Credit Card,,Local Services Ads,ended,2023-06-15
7287466,485-905-1145,123821,151395,7819,Greene-Potter,60390.39,49793.85,2026-04-05,2026-03-19 11:36:04,2026-03-19 13:31:14,,pending,National,4771788237,1948,Credit Card,,Local Services Ads,running,
5846854,485-905-1145,066926,488779,9932,Russell LLC,72918.49,26943.86,2026-03-24,2026-03-19 11:36:01,2026-03-19 11:36:03,,,National,2917855374,2303,Credit Card,,Local Services Ads,running,
0348152,485-905-1145,187025,224975,6236,Mills and Sons,54310.25,0,2026-04-30,2026-03-19 10:10:04,2026-03-20 09:20:49,,pending,Local,1204488353,2303,Credit Card,,Local Services Ads,running,
3005776,485-905-1145,160474,621786,6906,Douglas PLC,1128.31,0,2026-03-18,2026-03-18 11:36:51,2026-03-18 11:36:54,,pending,National,2465390687,2303,Credit Card,,Local Services Ads,running,
5693688,485-905-1145,841671,359789,5673,Perez Ltd,83799.35,25241.08,2026-04-03,2026-03-17 11:28:47,2026-03-17 11:28:47,,pending,National,1119632709,1948,Invoice,,Local Services Ads,running,
5693688,485-905-1145,841671,359789,5673,Perez Ltd,41776.27,50260.03,2026-04-03,2026-03-17 11:28:47,2026-03-17 11:28:47,,pending,National,1119632709,1948,Invoice,,Local Services Ads,running,
9853507,485-905-1145,846717,100992,8295,Miranda-Taylor,56889.46,41544.07,2026-03-27,2026-03-17 11:28:44,2026-03-17 11:28:46,,pending,National,0830929161,2303,Credit Card,,Local Services Ads,running,
0906143,485-905-1145,148614,014464,6130,Collins-Holland,86554.95,41868.81,2026-03-28,2026-03-17 11:28:35,2026-03-17 11:28:38,,,National,0842841080,2303,Credit Card,,Local Services Ads,running,
2206400,485-905-1145,535557,698882,5673,"Hood, Green and Smith",2766.34,58841.79,2026-04-02,2026-03-15 11:27:31,2026-03-15 11:27:31,,pending,National,9405886128,2303,Invoice,,Local Services Ads,running,
0046221,485-905-1145,556691,760598,2816,"Johnson, Martinez and Foley",62685.71,43832.1,2026-03-18,2026-03-15 05:34:35,2026-03-15 05:34:36,,,DummyG,2987856854,2101,Invoice,,XMO,running,
8016035,485-905-1145,682991,797949,5673,"Jones, Taylor and Washington",86841.4,27162.35,2026-04-07,2026-03-14 11:30:30,2026-03-14 11:30:31,,pending,National,2016567013,1948,Invoice,,Local Services Ads,ended,2023-06-15
8016035,485-905-1145,682991,797949,5673,"Jones, Taylor and Washington",44330.73,11322.3,2026-04-07,2026-03-14 11:30:30,2026-03-14 11:30:31,,pending,National,2016567013,1948,Invoice,,Local Services Ads,running,
3603537,485-905-1145,886370,292942,2916,Santos PLC,22306.01,0,2026-03-24,2026-03-13 11:30:09,2026-03-13 11:30:11,,,Partner,2375097638,1948,Credit Card,,Local Services Ads,running,
3603537,485-905-1145,886370,292942,2916,Santos PLC,76668.11,0,2026-03-24,2026-03-13 11:30:09,2026-03-13 11:30:11,,,Partner,2375097638,1948,Credit Card,,Local Services Ads,running,
5288643,485-905-1145,154479,248422,3698,Valenzuela-Holt,74482.87,4303.91,2026-03-15,2026-03-13 11:29:52,2026-03-13 11:29:54,,finished,National,5327908690,2303,Credit Card,,Local Services Ads,running,
6128363,485-905-1145,461645,283228,9365,Carson-Montgomery,10442.7,54975.77,2026-03-24,2026-03-13 11:29:43,2026-03-13 11:29:45,,pending,National,4070763073,2303,Credit Card,,Local Services Ads,running,
9952022,485-905-1145,474456,124190,9932,"Chapman, Smith and Perry",73930.6,17334.65,2026-03-21,2026-03-13 11:29:33,2026-03-13 11:29:35,,pending,National,8415861010,2303,Credit Card,,Local Services Ads,running,
3664447,485-905-1145,572890,926027,5673,"Rodriguez, Martinez and Butler",16807.1,9501.78,2026-03-13,2026-03-13 08:40:24,2026-03-13 08:49:41,,pending,National,0118198877,2303,Invoice,,Local Services Ads,running,
7963847,699-229-2012,401571,216030,9365,Hines and Sons,43225.31,52046.34,2026-03-24,2026-03-12 11:24:20,2026-03-12 11:24:23,,pending,National,9517908696,2303,Credit Card,,Local Services Ads,running,
4011001,699-229-2012,620656,745018,1192,Chang Group,84061.2,54515.79,2026-03-14,2026-03-11 11:25:47,2026-03-11 11:25:50,,pending,National,7144793553,1948,Credit Card,,Local Services Ads,running,
4011001,699-229-2012,620656,745018,1192,Chang Group,19057.69,17359.84,2026-03-14,2026-03-11 11:25:47,2026-03-11 11:25:50,,pending,National,7144793553,1948,Credit Card,,Local Services Ads,ended,2023-06-21
9775642,699-229-2012,255096,139859,9588,Berry and Sons,49878.34,14888.54,2026-03-19,2026-03-11 11:25:07,2026-03-11 11:25:08,,finished,National,7281905427,1948,Credit Card,,Local Services Ads,running,
9775642,699-229-2012,255096,139859,9588,Berry and Sons,23492.05,55333.95,2026-03-19,2026-03-11 11:25:07,2026-03-11 11:25:08,,finished,National,7281905427,1948,Credit Card,,Local Services Ads,ended,2023-06-23
7319955,699-229-2012,931185,911862,3429,Gibson-Walker,34716.88,8664.76,2026-03-21,2026-03-10 16:45:54,2026-03-10 16:47:17,,,DummyG,1621958423,2303,Invoice,,Local Services Ads,running,
6710530,699-229-2012,504508,898620,1192,Shepherd Inc,91276.36,23935.88,2026-03-12,2026-03-10 11:26:28,2026-03-10 11:26:29,,pending,National,0760782242,1948,Credit Card,,Local Services Ads,ended,2023-06-22
6710530,699-229-2012,504508,898620,1192,Shepherd Inc,96267.57,4590.37,2026-03-12,2026-03-10 11:26:28,2026-03-10 11:26:29,,pending,National,0760782242,1948,Credit Card,,Local Services Ads,running,
1556315,699-229-2012,898361,919986,5673,"Fry, Hodges and Fox",28962.96,42902.07,2026-04-12,2026-03-09 11:38:24,2026-03-09 11:38:25,,pending,National,2323782564,1948,Invoice,,Local Services Ads,ended,2023-06-20
1556315,699-229-2012,898361,919986,5673,"Fry, Hodges and Fox",1678.22,26530.22,2026-04-12,2026-03-09 11:38:24,2026-03-09 11:38:25,,pending,National,2323782564,1948,Invoice,,Local Services Ads,running,
1213024,699-229-2012,984335,226522,5673,"Adams, Warner and Gibson",31422.34,39631.74,2026-03-18,2026-03-06 11:24:07,2026-03-06 11:24:07,,pending,National,4898618442,1948,Invoice,,Local Services Ads,running,
1213024,699-229-2012,984335,226522,5673,"Adams, Warner and Gibson",99402.5,17407.1,2026-03-18,2026-03-06 11:24:07,2026-03-06 11:24:07,,pending,National,4898618442,1948,Invoice,,Local Services Ads,ended,2023-06-20
4151650,699-229-2012,189326,047485,7819,"Cooper, Howard and Henry",17377.87,36751.87,2026-03-17,2026-03-06 11:23:54,2026-03-06 11:23:56,,pending,National,7778701470,2303,Credit Card,,Local Services Ads,running,
0467917,699-229-2012,757896,122439,5673,"Pitts, Jackson and Cameron",58099.21,4174.75,2026-03-13,2026-03-04 11:34:23,2026-03-04 11:34:23,,pending,National,9613607378,1948,Invoice,,Local Services Ads,ended,2023-06-20
0467917,699-229-2012,757896,122439,5673,"Pitts, Jackson and Cameron",80785.24,915.83,2026-03-13,2026-03-04 11:34:23,2026-03-04 11:34:23,,pending,National,9613607378,1948,Invoice,,Local Services Ads,running,
0619718,699-229-2012,072086,897556,5673,Bishop Inc,32958.04,51293.81,2026-03-18,2026-03-04 11:34:18,2026-03-04 11:34:19,,pending,National,5517133686,1948,Invoice,,Local Services Ads,running,
0619718,699-229-2012,072086,897556,5673,Bishop Inc,66427.8,29617.61,2026-03-18,2026-03-04 11:34:18,2026-03-04 11:34:19,,pending,National,5517133686,1948,Invoice,,Local Services Ads,ended,2023-06-15
0591025,699-229-2012,106131,465182,2539,Castillo-Keller,73499.44,0,2026-03-09,2026-03-04 09:24:38,2026-03-04 09:27:34,,pending,National,4228199226,2303,Invoice,,Local Services Ads,running,
6713737,699-229-2012,965739,218243,8295,"Jacobs, Jones and Hunter",99696.13,0,2026-04-16,2026-03-03 13:12:43,2026-03-03 13:16:09,,pending,National,3912167723,2303,Credit Card,,Local Services Ads,running,
5921221,699-229-2012,299495,901686,6385,Johnson Inc,29604.33,27955.69,2026-03-03,2026-03-03 12:08:18,2026-03-03 12:13:00,,finished,National,9214248837,1948,Invoice,,Local Services Ads,running,
5921221,699-229-2012,299495,901686,6385,Johnson Inc,68660.73,913.85,2026-03-03,2026-03-03 12:08:18,2026-03-03 12:13:00,,finished,National,9214248837,1948,Invoice,,Local Services Ads,ended,2023-06-15
3962068,699-229-2012,361296,221406,6385,"Torres, Mason and Castro",73496.03,21854.09,2026-03-03,2026-03-03 12:03:59,2026-03-03 12:13:00,,pending,National,2449297571,1948,Invoice,,Local Services Ads,ended,2023-06-21
3962068,699-229-2012,361296,221406,6385,"Torres, Mason and Castro",73042.14,5178.48,2026-03-03,2026-03-03 12:03:59,2026-03-03 12:13:00,,pending,National,2449297571,1948,Invoice,,Local Services Ads,running,
7644524,699-229-2012,665371,737155,9932,"Flowers, Barnes and Rivas",30528.32,54155.82,2026-03-12,2026-03-03 11:23:02,2026-03-03 11:23:05,,,National,1152422607,2303,Credit Card,,Local Services Ads,running,
5106433,699-229-2012,311861,944141,9365,Deleon and Sons,39607.75,25726.83,2026-03-05,2026-02-28 11:31:20,2026-02-28 11:31:22,,pending,National,0588746096,2303,Credit Card,,Local Services Ads,running,
1934287,699-229-2012,009813,041520,8295,Beck-Robinson,17635.81,0,2026-02-28,2026-02-27 14:53:02,2026-02-27 15:07:46,,pending,National,8732780226,2303,Credit Card,,Local Services Ads,running,
8997279,699-229-2012,608268,140800,5673,Hardin Inc,15029.15,39180.49,2026-02-27,2026-02-27 07:32:10,2026-02-27 09:46:25,,pending,National,9191468255,2303,Invoice,,Local Services Ads,running,
3083975,699-229-2012,586091,754774,4279,Shaw-Pratt,6202.93,27441.65,2026-03-12,2026-02-26 15:42:00,2026-02-27 18:29:57,,pending,Local,6163316681,2303,Credit Card,,Local Services Ads,running,
1276867,699-229-2012,444403,313635,4179,Jenkins Inc,83459.82,7288.91,2026-03-04,2026-02-26 11:29:43,2026-02-26 11:29:44,,finished,DummyG,6853519716,2303,Invoice,,Local Services Ads,running,
0904045,699-229-2012,886370,292942,2916,Sanford LLC,4397.53,59184.31,2026-03-10,2026-02-26 11:29:12,2026-02-26 14:32:57,,,Partner,9500158395,1948,Credit Card,,Local Services Ads,running,
0904045,699-229-2012,886370,292942,2916,Sanford LLC,1414.26,21156.87,2026-03-10,2026-02-26 11:29:12,2026-02-26 14:32:57,,,Partner,9500158395,1948,Credit Card,,Local Services Ads,running,
7406489,699-229-2012,257601,299558,1192,"Anderson, Medina and Berg",47031.58,42773.27,2026-03-16,2026-02-25 16:54:00,2026-03-16 16:33:25,,pending,National,0976087083,1948,Pure Credit,,Local Services Ads,running,
7406489,699-229-2012,257601,299558,1192,"Anderson, Medina and Berg",80214.67,55060.16,2026-03-16,2026-02-25 16:54:00,2026-03-16 16:33:25,,pending,National,0976087083,1948,Pure Credit,,Local Services Ads,ended,2023-06-28
1982003,699-229-2012,507376,587601,5673,Brown-Lewis,80839.51,16969.65,2026-03-24,2026-02-25 11:27:58,2026-02-25 11:27:58,,pending,National,5186870118,2303,Invoice,,Local Services Ads,running,
2945536,699-229-2012,024123,991171,5673,Andrews LLC,39994.94,24205.1,2026-03-08,2026-02-25 11:27:51,2026-02-25 11:27:51,,pending,National,5657429947,2303,Invoice,,Local Services Ads,running,
7052905,699-229-2012,100141,908132,9365,Schmidt-Li,59273.69,7139.36,2026-02-26,2026-02-25 11:27:35,2026-02-25 11:27:37,,pending,National,6680237108,2303,Credit Card,,Local Services Ads,running,
8243068,699-229-2012,707045,846289,7819,Mercer and Sons,2945.54,0,2026-03-09,2026-02-25 07:37:52,2026-02-25 15:02:39,,pending,National,1352823743,2303,Credit Card,,Local Services Ads,running,
0098608,699-229-2012,714714,516382,5673,Ramirez-Hernandez,77617.28,26940.47,2026-03-07,2026-02-19 11:24:56,2026-02-19 11:24:57,,pending,National,3769330716,2303,Invoice,,Local Services Ads,running,
3026420,699-229-2012,802250,855450,5673,"Cardenas, Bradley and Maxwell",76064.91,9070.09,2026-02-20,2026-02-18 10:17:19,2026-02-18 10:23:50,,finished,National,8409533870,1948,Invoice,,Local Services Ads,ended,2023-06-15
3026420,699-229-2012,802250,855450,5673,"Cardenas, Bradley and Maxwell",91842.1,27345.07,2026-02-20,2026-02-18 10:17:19,2026-02-18 10:23:50,,finished,National,8409533870,1948,Invoice,,Local Services Ads,running,
7437837,699-229-2012,841671,359789,5673,Thompson Inc,48343.14,41701.12,2026-02-21,2026-02-17 11:19:54,2026-02-17 11:27:50,,finished,National,0809351544,1948,Invoice,,Local Services Ads,ended,2023-06-21
7437837,699-229-2012,841671,359789,5673,Thompson Inc,50944.68,53443.92,2026-02-21,2026-02-17 11:19:54,2026-02-17 11:27:50,,finished,National,0809351544,1948,Invoice,,Local Services Ads,running,
9738013,699-229-2012,784346,933252,5673,Phillips LLC,66105.98,12704.88,2026-02-27,2026-02-17 10:04:28,2026-02-17 10:06:03,,pending,National,3705684815,1948,Invoice,,Local Services Ads,ended,2023-06-21
9738013,699-229-2012,784346,933252,5673,Phillips LLC,37262.53,20965.91,2026-02-27,2026-02-17 10:04:28,2026-02-17 10:06:03,,pending,National,3705684815,1948,Invoice,,Local Services Ads,running,
0118278,699-229-2012,119382,365392,5673,Durham-Reynolds,38016.28,19562.64,2026-03-21,2026-02-17 09:59:15,2026-02-17 10:01:07,,pending,National,9851165690,2303,Invoice,,Local Services Ads,running,
0007351,699-229-2012,315058,908526,5673,Simmons-Phillips,6916.23,7215.04,2026-02-17,2026-02-17 08:46:57,2026-02-17 08:47:32,,pending,National,2250392603,1948,Invoice,,Local Services Ads,ended,2023-06-15
0007351,699-229-2012,315058,908526,5673,Simmons-Phillips,36970.92,46624.07,2026-02-17,2026-02-17 08:46:57,2026-02-17 08:47:32,,pending,National,2250392603,1948,Invoice,,Local Services Ads,running,
8925395,699-229-2012,269088,487966,8295,"Lopez, Ray and Bond",81350.75,50090.84,2026-03-10,2026-02-16 11:44:15,2026-02-16 12:47:57,,pending,National,8317437753,2303,Credit Card,,Local Services Ads,running,
2876004,699-229-2012,632190,817568,3698,Meyer-Hogan,32100.22,43471.96,2026-02-17,2026-02-16 11:21:18,2026-02-16 11:21:20,,failed,National,2249153170,2303,Paper Check,,Local Services Ads,running,
0014103,699-229-2012,201405,767346,5673,"Williams, Dudley and Williams",41998.42,5480.82,2026-02-27,2026-02-16 11:16:08,2026-02-16 11:17:45,,pending,National,9906914949,1948,Invoice,,Local Services Ads,ended,2023-06-22
0014103,699-229-2012,201405,767346,5673,"Williams, Dudley and Williams",21518.89,16066.62,2026-02-27,2026-02-16 11:16:08,2026-02-16 11:17:45,,pending,National,9906914949,1948,Invoice,,Local Services Ads,running,
5519344,699-229-2012,763471,131362,8295,"Glass, King and Mcgrath",39027.18,47602,2026-05-04,2026-02-13 13:34:00,2026-05-04 10:28:10,,pending,National,0940553117,1948,Credit Card,,Local Services Ads,running,
5519344,699-229-2012,763471,131362,8295,"Glass, King and Mcgrath",15192.41,36857.58,2026-05-04,2026-02-13 13:34:00,2026-05-04 10:28:10,,pending,National,0940553117,1948,Credit Card,,Local Services Ads,ended,2024-10-20
1293303,699-229-2012,619951,926160,5673,Rogers PLC,63964.35,35445.49,2026-02-22,2026-02-13 11:30:24,2026-02-13 11:30:24,,pending,National,7443094360,1948,Invoice,,Local Services Ads,ended,2023-07-19
1293303,699-229-2012,619951,926160,5673,Rogers PLC,62177.49,23321.09,2026-02-22,2026-02-13 11:30:24,2026-02-13 11:30:24,,pending,National,7443094360,1948,Invoice,,Local Services Ads,running,
1540000,699-229-2012,089371,240535,5673,Gonzalez PLC,43158.38,57650.09,2026-03-21,2026-02-12 11:34:26,2026-02-12 11:34:26,,pending,National,1301309694,2303,Invoice,,Local Services Ads,running,
0277003,699-229-2012,683035,237834,5673,Gardner Inc,68626.21,0,2026-02-12,2026-02-12 11:34:13,2026-02-12 11:34:14,,pending,National,0949436461,2303,Invoice,,Local Services Ads,running,
8872616,699-229-2012,221515,316838,4355,White Group,30289.26,0,2026-02-13,2026-02-11 14:07:18,2026-02-11 14:10:18,,pending,,5317974911,2303,Invoice,12,Local Services Ads,running,
4795214,699-229-2012,582917,247298,9588,Davies LLC,83165.92,14667.68,2026-03-20,2026-02-10 15:30:20,2026-02-12 14:03:47,,finished,National,8388717523,2303,Credit Card,,Local Services Ads,running,
8187044,699-229-2012,617147,050906,9980,"Bradley, Mckee and Rivera",32427.01,0,2026-03-11,2026-02-09 08:32:33,2026-02-09 08:38:06,,pending,National,2308021004,2303,Credit Card,,Local Services Ads,running,
5749460,699-229-2012,855297,535038,1192,"Brown, Mcdonald and Smith",3185.41,57231.32,2026-02-08,2026-02-08 05:46:51,2026-02-08 05:46:53,,pending,National,0869151871,2303,Credit Card,,Local Services Ads,running,
1742808,699-229-2012,197172,523222,7636,Carr-Lane,10139.81,46848.74,2026-02-13,2026-02-06 12:37:47,2026-02-06 13:25:25,,pending,Local,8218434242,2303,Invoice,11,Local Services Ads,running,
3355597,699-229-2012,266805,290959,5673,Keller Group,71166.29,58878.48,2026-02-11,2026-02-04 11:31:01,2026-02-04 11:31:01,,pending,National,4068208836,1948,Invoice,,Local Services Ads,running,
3355597,699-229-2012,266805,290959,5673,Keller Group,88113.6,41392.03,2026-02-11,2026-02-04 11:31:01,2026-02-04 11:31:01,,pending,National,4068208836,1948,Invoice,,Local Services Ads,ended,2023-06-21
5801194,699-229-2012,337135,631921,3676,Bryant-Soto,98703.34,46796.52,2026-03-19,2026-02-03 08:45:06,2026-02-03 09:17:42,,pending,National,4986203989,2303,Credit Card,4,Local Services Ads,running,
5861209,699-229-2012,337135,631921,3676,Anderson-Gonzales,25804.93,17090.86,2026-03-19,2026-02-02 16:24:08,2026-02-03 09:17:42,,pending,National,0061793399,2303,Credit Card,4,Local Services Ads,running,
4321489,699-229-2012,229183,574074,1192,Howell Group,76876.01,0,2026-03-10,2026-01-30 17:29:05,2026-01-30 17:31:15,,pending,National,3000363077,2303,Credit Card,,Local Services Ads,new,
3841770,699-229-2012,329844,714582,5673,Hubbard-Lee,62673.11,55712.7,2026-01-31,2026-01-30 16:35:52,2026-01-30 16:36:55,,pending,National,2009016696,1948,Invoice,,Local Services Ads,running,
3841770,699-229-2012,329844,714582,5673,Hubbard-Lee,23604.39,29558,2026-01-31,2026-01-30 16:35:52,2026-01-30 16:36:55,,pending,National,2009016696,1948,Invoice,,Local Services Ads,ended,2023-06-22
7659420,699-229-2012,825582,515294,5673,"Brooks, Brown and Duran",12424.54,41696.19,2026-01-30,2026-01-30 12:54:18,2026-01-30 12:58:08,,pending,National,2751662416,1948,Invoice,,Local Services Ads,running,
7659420,699-229-2012,825582,515294,5673,"Brooks, Brown and Duran",33522,24192.13,2026-01-30,2026-01-30 12:54:18,2026-01-30 12:58:08,,pending,National,2751662416,1948,Invoice,,Local Services Ads,ended,2023-06-23
5549109,699-229-2012,374333,114240,5673,Wright Inc,35781.51,21844.36,2026-01-30,2026-01-30 12:44:06,2026-01-30 12:49:58,,pending,National,4873837436,1948,Invoice,,Local Services Ads,running,
5549109,699-229-2012,374333,114240,5673,Wright Inc,77169.6,58216.26,2026-01-30,2026-01-30 12:44:06,2026-01-30 12:49:58,,pending,National,4873837436,1948,Invoice,,Local Services Ads,ended,2023-06-21
0302089,699-229-2012,985281,338758,5673,Gillespie-Craig,53510.31,30169.04,2026-01-30,2026-01-30 12:40:26,2026-01-30 12:49:58,,finished,National,3227145546,1948,Invoice,,Local Services Ads,ended,2023-06-20
0302089,699-229-2012,985281,338758,5673,Gillespie-Craig,22349.22,1329.01,2026-01-30,2026-01-30 12:40:26,2026-01-30 12:49:58,,finished,National,3227145546,1948,Invoice,,Local Services Ads,running,
2548593,699-229-2012,936164,221953,5673,Christensen PLC,3573.87,26421.92,2026-01-30,2026-01-30 12:25:12,2026-01-30 12:49:58,,pending,National,3662010470,1948,Invoice,,Local Services Ads,running,
2548593,699-229-2012,936164,221953,5673,Christensen PLC,25312.58,30887.3,2026-01-30,2026-01-30 12:25:12,2026-01-30 12:49:58,,pending,National,3662010470,1948,Invoice,,Local Services Ads,ended,2023-06-23
0823833,699-229-2012,688537,053835,5673,"Stone, Peterson and Reyes",26529.61,28127.41,2026-01-30,2026-01-30 12:12:19,2026-01-30 12:22:53,,pending,National,3269003619,1948,Invoice,,Local Services Ads,running,
0823833,699-229-2012,688537,053835,5673,"Stone, Peterson and Reyes",46498.82,26933.03,2026-01-30,2026-01-30 12:12:19,2026-01-30 12:22:53,,pending,National,3269003619,1948,Invoice,,Local Services Ads,ended,2023-06-22
6644845,699-229-2012,784714,651010,5673,Simmons and Sons,12943.91,17297.26,2026-03-18,2026-01-30 11:25:42,2026-01-30 11:25:42,,pending,National,1652757017,1948,Invoice,,Local Services Ads,ended,2023-06-20
6644845,699-229-2012,784714,651010,5673,Simmons and Sons,66383.05,11276.65,2026-03-18,2026-01-30 11:25:42,2026-01-30 11:25:42,,pending,National,1652757017,1948,Invoice,,Local Services Ads,running,
9513065,699-229-2012,203735,443788,7819,"Jones, Allen and Sanders",31309.59,18770.8,2026-02-06,2026-01-29 11:25:03,2026-01-29 11:25:05,,finished,National,1520636499,2303,Credit Card,,Local Services Ads,running,
3383611,699-229-2012,241099,828645,4738,Morton-Thompson,75419.37,21934.11,2026-04-02,2026-01-28 11:59:13,2026-01-28 11:59:59,,pending,DummyG,0829559349,2303,Invoice,,Local Services Ads,running,
9714730,699-229-2012,826686,470545,0746,"Robinson, Silva and Cox",51143.38,42575.33,2026-02-23,2026-01-26 10:41:09,2026-01-26 10:42:30,,pending,National,2563664948,2303,Credit Card,,Local Services Ads,running,
6104394,699-229-2012,840325,264473,5673,Garner-Watts,3789.42,243.27,2026-02-03,2026-01-24 11:30:10,2026-01-24 11:30:10,,finished,National,8554020084,2303,Invoice,,Local Services Ads,running,
8089710,699-229-2012,641591,096047,5673,Barrett-Lyons,60383.67,38123.52,2026-01-29,2026-01-21 14:57:26,2026-01-22 06:50:20,,pending,National,2908991012,2303,Invoice,,Local Services Ads,running,
2476030,699-229-2012,784714,651010,5673,Boyd-Liu,94783.44,57111.79,2026-01-21,2026-01-21 06:44:45,2026-01-21 06:54:56,,pending,National,3017709843,1948,Invoice,,Local Services Ads,ended,2023-06-20
2476030,699-229-2012,784714,651010,5673,Boyd-Liu,18326.11,47792.65,2026-01-21,2026-01-21 06:44:45,2026-01-21 06:54:56,,pending,National,3017709843,1948,Invoice,,Local Services Ads,running,
1456523,699-229-2012,319311,723934,4297,Harris PLC,54805.98,20472.56,2026-01-17,2026-01-17 05:41:04,2026-01-17 05:41:07,,pending,National,0974141790,2303,Credit Card,,Local Services Ads,running,
6583524,699-229-2012,823403,966939,5673,Taylor LLC,27367.8,3397.61,2026-01-16,2026-01-16 13:25:39,2026-01-16 13:26:10,,pending,National,3682013619,1948,Invoice,,Local Services Ads,running,
6583524,699-229-2012,823403,966939,5673,Taylor LLC,90986.31,57123.27,2026-01-16,2026-01-16 13:25:39,2026-01-16 13:26:10,,pending,National,3682013619,1948,Invoice,,Local Services Ads,ended,2023-06-22
5805491,699-229-2012,560065,273859,5673,Richardson-Lee,79772.85,55362.99,2026-01-16,2026-01-16 12:44:35,2026-01-16 12:45:54,,pending,National,2379659777,1948,Invoice,,Local Services Ads,ended,2023-06-26
5805491,699-229-2012,560065,273859,5673,Richardson-Lee,53577.32,15834.78,2026-01-16,2026-01-16 12:44:35,2026-01-16 12:45:54,,pending,National,2379659777,1948,Invoice,,Local Services Ads,running,
6644778,699-229-2012,185214,266459,8295,Melton-Mclean,4867.6,1188.77,2026-01-16,2026-01-16 05:35:48,2026-01-16 05:35:50,,pending,National,2262402402,2303,Credit Card,,Local Services Ads,running,
2982989,699-229-2012,820154,893966,9365,Hoffman-Murphy,47110.64,47498.21,2026-04-23,2026-01-14 15:27:24,2026-01-14 15:27:26,,pending,National,6067479477,2303,Credit Card,,Local Services Ads,running,
8792970,699-229-2012,098047,565447,4798,"Evans, Wilson and Jones",17206.69,45103.32,2026-01-31,2026-01-14 15:27:15,2026-01-26 08:53:32,,pending,National,8353614617,2303,Credit Card,,Local Services Ads,running,
8827181,699-229-2012,793288,989180,9588,Wilson and Sons,21704.67,35965.34,2026-01-16,2026-01-13 18:45:39,2026-01-13 18:45:41,,pending,National,2668260466,1948,Credit Card,,Local Services Ads,running,
8827181,699-229-2012,793288,989180,9588,Wilson and Sons,82478.83,18579.1,2026-01-16,2026-01-13 18:45:39,2026-01-13 18:45:41,,pending,National,2668260466,1948,Credit Card,,Local Services Ads,ended,2023-06-23
9118017,699-229-2012,683035,237834,5673,Jacobson-Alvarez,94397.67,19012.5,2026-01-14,2026-01-08 23:16:46,2026-01-09 08:23:40,,pending,National,2358108721,1948,Invoice,,Local Services Ads,running,
9118017,699-229-2012,683035,237834,5673,Jacobson-Alvarez,2116.78,36109.67,2026-01-14,2026-01-08 23:16:46,2026-01-09 08:23:40,,pending,National,2358108721,1948,Invoice,,Local Services Ads,ended,2023-06-23
4934517,699-229-2012,627311,597914,5673,Todd and Sons,57192.08,1181.19,2026-01-18,2026-01-08 15:25:12,2026-01-08 15:25:12,,finished,National,5381552383,1948,Invoice,,Local Services Ads,ended,2023-07-07
4934517,699-229-2012,627311,597914,5673,Todd and Sons,34156.14,33635.03,2026-01-18,2026-01-08 15:25:12,2026-01-08 15:25:12,,finished,National,5381552383,1948,Invoice,,Local Services Ads,running,
4587014,699-229-2012,405947,570928,5673,Bryant-Park,49789.5,0,2026-01-07,2026-01-07 06:59:31,2026-01-07 07:15:01,,pending,National,0997343996,1948,Invoice,,Local Services Ads,running,
4587014,699-229-2012,405947,570928,5673,Bryant-Park,82879.6,0,2026-01-07,2026-01-07 06:59:31,2026-01-07 07:15:01,,pending,National,0997343996,1948,Invoice,,Local Services Ads,ended,2023-06-21
7155030,699-229-2012,301971,829105,5673,"Hurley, Diaz and Garner",97497.35,42064.59,2026-01-07,2026-01-07 06:57:59,2026-01-07 07:15:01,,pending,National,5526798012,2303,Invoice,,Local Services Ads,running,
1090209,699-229-2012,129787,149209,5673,Spencer-Moreno,79464.58,975.93,2026-01-07,2026-01-07 06:56:00,2026-01-07 07:15:01,,pending,National,9301951179,2303,Invoice,,Local Services Ads,running,
6602058,699-229-2012,967390,738986,6130,Smith Inc,87402.32,34495.8,2026-01-16,2026-01-06 15:22:34,2026-01-06 15:22:36,,pending,National,8054462735,2303,Credit Card,,Local Services Ads,running,
1625122,699-229-2012,824099,586085,5673,Fernandez LLC,23370.69,41607.49,2026-01-06,2026-01-06 12:49:55,2026-01-06 12:50:50,,pending,National,8181585571,2303,Invoice,,Local Services Ads,running,
8997981,699-229-2012,824099,586085,5673,"Jones, Brown and Herrera",37723.52,14425.79,2026-01-06,2026-01-06 12:48:09,2026-01-06 12:50:50,,pending,National,7758163677,1948,Invoice,,Local Services Ads,ended,2023-06-26
8997981,699-229-2012,824099,586085,5673,"Jones, Brown and Herrera",14614.41,8695.15,2026-01-06,2026-01-06 12:48:09,2026-01-06 12:50:50,,pending,National,7758163677,1948,Invoice,,Local Services Ads,running,
0231196,699-229-2012,823403,966939,5673,"Rodriguez, Bailey and Estrada",92213.89,47705.33,2026-01-06,2026-01-06 11:45:07,2026-01-06 11:54:54,,pending,National,0306617869,2303,Invoice,,Local Services Ads,running,
0867191,699-229-2012,572569,264313,5673,Garrett-Phillips,88144.81,34770.41,2026-01-06,2026-01-06 11:33:39,2026-01-06 11:54:54,,pending,National,9606224873,1948,Invoice,,Local Services Ads,ended,2023-06-22
0867191,699-229-2012,572569,264313,5673,Garrett-Phillips,33186.55,40374.53,2026-01-06,2026-01-06 11:33:39,2026-01-06 11:54:54,,pending,National,9606224873,1948,Invoice,,Local Services Ads,running,
3081104,699-229-2012,572569,264313,5673,"Harper, Williams and Garcia",21433.18,47036.43,2026-01-06,2026-01-06 11:31:52,2026-01-06 11:54:54,,pending,National,5597254238,1948,Invoice,,Local Services Ads,running,
3081104,699-229-2012,572569,264313,5673,"Harper, Williams and Garcia",41552.95,34962.89,2026-01-06,2026-01-06 11:31:52,2026-01-06 11:54:54,,pending,National,5597254238,1948,Invoice,,Local Services Ads,ended,2023-06-22
9919664,699-229-2012,985281,338758,5673,Williams Inc,15558.84,33339.72,2026-01-06,2026-01-06 11:25:03,2026-01-06 11:54:54,,pending,National,2193945393,1948,Invoice,,Local Services Ads,ended,2023-06-21
9919664,699-229-2012,985281,338758,5673,Williams Inc,60775.19,26455.04,2026-01-06,2026-01-06 11:25:03,2026-01-06 11:54:54,,pending,National,2193945393,1948,Invoice,,Local Services Ads,running,
0365553,699-229-2012,608268,140800,5673,"Peterson, Gonzales and Foster",48208.87,6713.92,2026-01-06,2026-01-06 11:17:05,2026-01-06 11:21:20,,pending,National,8638768417,2303,Invoice,,Local Services Ads,running,
8901137,699-229-2012,757896,122439,5673,"Lin, Mack and Lewis",15973.45,14801.81,2026-01-06,2026-01-06 11:04:54,2026-01-06 11:21:20,,finished,National,7439926407,1948,Invoice,,Local Services Ads,running,
8901137,699-229-2012,757896,122439,5673,"Lin, Mack and Lewis",68593.43,50434.34,2026-01-06,2026-01-06 11:04:54,2026-01-06 11:21:20,,finished,National,7439926407,1948,Invoice,,Local Services Ads,ended,2023-06-20
9351318,699-229-2012,405652,511119,0348,Martinez Inc,80791.25,0,2026-03-11,2026-01-06 10:52:32,2026-01-13 10:36:46,,pending,Local,5021301797,2303,Credit Card,,Local Services Ads,running,
6045981,699-229-2012,329844,714582,5673,Ramirez LLC,7062.75,29041.68,2026-01-06,2026-01-06 10:13:41,2026-01-06 11:21:20,,pending,National,3557325054,1948,Invoice,,Local Services Ads,running,
6045981,699-229-2012,329844,714582,5673,Ramirez LLC,23724.2,40359.09,2026-01-06,2026-01-06 10:13:41,2026-01-06 11:21:20,,pending,National,3557325054,1948,Invoice,,Local Services Ads,ended,2023-06-26
0770993,699-229-2012,266805,290959,5673,Wyatt Group,20250.15,42609.77,2026-01-06,2026-01-06 09:47:21,2026-01-06 09:49:18,,pending,National,5587906201,1948,Invoice,,Local Services Ads,running,
0770993,699-229-2012,266805,290959,5673,Wyatt Group,89348.63,15200.76,2026-01-06,2026-01-06 09:47:21,2026-01-06 09:49:18,,pending,National,5587906201,1948,Invoice,,Local Services Ads,ended,2023-06-23
8595728,699-229-2012,301971,829105,5673,"Gill, Smith and Johnson",39288.05,34452.19,2026-01-06,2026-01-06 09:32:37,2026-01-06 09:49:18,,finished,National,1063661309,2303,Invoice,,Local Services Ads,running,
9679852,699-229-2012,560065,273859,5673,"Murray, Hunter and Stephenson",80217.49,0,2026-01-06,2026-01-06 09:16:56,2026-01-06 09:49:18,,pending,National,8864105766,1948,Invoice,,Local Services Ads,ended,2023-06-26
9679852,699-229-2012,560065,273859,5673,"Murray, Hunter and Stephenson",23283.17,0,2026-01-06,2026-01-06 09:16:56,2026-01-06 09:49:18,,pending,National,8864105766,1948,Invoice,,Local Services Ads,running,
0391400,699-229-2012,495574,449289,5673,Ramirez-Robertson,36332,40289.17,2026-01-06,2026-01-06 09:12:56,2026-01-06 09:14:03,,pending,National,9472473555,1948,Invoice,,Local Services Ads,running,
0391400,699-229-2012,495574,449289,5673,Ramirez-Robertson,72639.41,47640.72,2026-01-06,2026-01-06 09:12:56,2026-01-06 09:14:03,,pending,National,9472473555,1948,Invoice,,Local Services Ads,ended,2023-06-26
1880662,699-229-2012,484845,833866,5673,Palmer-Boyd,25090.71,58946.16,2026-01-06,2026-01-06 08:48:48,2026-01-06 09:14:03,,pending,National,4239904262,1948,Invoice,,Local Services Ads,ended,2023-06-20
1880662,699-229-2012,484845,833866,5673,Palmer-Boyd,95468.43,9068.46,2026-01-06,2026-01-06 08:48:48,2026-01-06 09:14:03,,pending,National,4239904262,1948,Invoice,,Local Services Ads,running,
3581520,699-229-2012,608407,432209,3419,"Parker, Garcia and Harrison",35642.07,51418.07,2026-02-04,2026-01-06 08:15:22,2026-01-06 08:16:44,,pending,DummyG,3970151342,2303,Invoice,12,Local Services Ads,running,
2563000,699-229-2012,515747,649451,5673,"Harrison, Hahn and Ramos",40410.47,26092.01,2026-01-06,2026-01-05 19:49:33,2026-01-05 19:53:47,,pending,National,9246884111,1948,Invoice,,Local Services Ads,running,
2563000,699-229-2012,515747,649451,5673,"Harrison, Hahn and Ramos",76650.25,41875.45,2026-01-06,2026-01-05 19:49:33,2026-01-05 19:53:47,,pending,National,9246884111,1948,Invoice,,Local Services Ads,ended,2023-07-19
5681696,699-229-2012,743566,140570,5673,Peterson PLC,81128.41,36617.96,2026-01-06,2026-01-05 19:46:11,2026-01-05 19:53:47,,pending,National,2288909547,1948,Invoice,,Local Services Ads,running,
5681696,699-229-2012,743566,140570,5673,Peterson PLC,28172.57,49617.8,2026-01-06,2026-01-05 19:46:11,2026-01-05 19:53:47,,pending,National,2288909547,1948,Invoice,,Local Services Ads,ended,2023-06-26
3168921,699-229-2012,688537,053835,5673,Hale LLC,12700.72,1543.63,2026-01-06,2026-01-05 19:40:44,2026-01-05 19:53:47,,pending,National,6955944169,1948,Invoice,,Local Services Ads,ended,2023-06-20
3168921,699-229-2012,688537,053835,5673,Hale LLC,36536.88,23212.49,2026-01-06,2026-01-05 19:40:44,2026-01-05 19:53:47,,pending,National,6955944169,1948,Invoice,,Local Services Ads,running,
5885751,699-229-2012,740769,792393,5673,"Roberts, Kirk and Holmes",23267.88,28746.79,2026-01-06,2026-01-05 18:33:39,2026-01-05 18:35:21,,pending,National,8485707774,2303,Invoice,,Local Services Ads,running,
9124445,699-229-2012,050570,848332,5673,Reese Inc,13771.33,0,2026-01-06,2026-01-05 18:25:54,2026-01-05 18:35:21,,pending,National,1152190950,1948,Invoice,,Local Services Ads,ended,2023-06-26
9124445,699-229-2012,050570,848332,5673,Reese Inc,191.15,0,2026-01-06,2026-01-05 18:25:54,2026-01-05 18:35:21,,pending,National,1152190950,1948,Invoice,,Local Services Ads,running,
6464066,699-229-2012,767639,349240,5673,Anderson-Peters,67095.33,36014.74,2026-01-06,2026-01-05 18:22:13,2026-01-05 18:35:21,,pending,National,4183239807,1948,Invoice,,Local Services Ads,ended,2023-06-23
6464066,699-229-2012,767639,349240,5673,Anderson-Peters,66826.38,46382.87,2026-01-06,2026-01-05 18:22:13,2026-01-05 18:35:21,,pending,National,4183239807,1948,Invoice,,Local Services Ads,running,
8327658,699-229-2012,283000,496512,5673,Garcia and Sons,42682.59,31980.33,2026-01-06,2026-01-05 18:07:51,2026-01-05 18:08:58,,pending,National,0582062325,2303,Invoice,,Local Services Ads,running,
3678208,699-229-2012,836078,743475,5673,Lara Ltd,341.16,3789.9,2026-01-06,2026-01-05 13:44:05,2026-01-05 13:50:26,,pending,National,8677933791,1948,Invoice,,Local Services Ads,ended,2023-06-23
3678208,699-229-2012,836078,743475,5673,Lara Ltd,34782.89,11065.89,2026-01-06,2026-01-05 13:44:05,2026-01-05 13:50:26,,pending,National,8677933791,1948,Invoice,,Local Services Ads,running,
8862388,699-229-2012,153958,263606,9588,Adams-Rogers,23013.69,0,2026-03-11,2026-01-05 12:43:16,2026-01-07 08:28:59,,pending,National,7691810594,2303,Credit Card,,Local Services Ads,running,
4337768,699-229-2012,621651,479372,6385,Elliott and Sons,29513.03,30690,2026-01-05,2026-01-05 07:59:22,2026-01-05 07:59:51,,pending,National,4174668142,2303,Invoice,,Local Services Ads,running,
4900553,699-229-2012,915910,480363,6385,Romero-Doyle,44117.29,8285.44,2026-01-05,2026-01-05 07:44:35,2026-01-05 07:57:48,,pending,National,3149094992,1948,Invoice,,Local Services Ads,ended,2023-06-15
4900553,699-229-2012,915910,480363,6385,Romero-Doyle,99222.25,7564.86,2026-01-05,2026-01-05 07:44:35,2026-01-05 07:57:48,,pending,National,3149094992,1948,Invoice,,Local Services Ads,running,
8368422,699-229-2012,294044,175877,1192,Hudson-Swanson,51014.67,14305.4,2026-03-24,2026-01-02 00:00:39,2026-01-06 05:14:58,,pending,National,9715087646,2303,Credit Card,,Local Services Ads,running,
4248857,699-229-2012,784346,933252,5673,Malone-Green,39640.48,48999.56,2026-01-03,2025-12-20 11:31:13,2025-12-20 11:31:14,,finished,National,0213649786,2303,Invoice,,Local Services Ads,running,
0279257,699-229-2012,315792,760531,7752,Taylor PLC,94953.55,25234.6,2026-01-09,2025-12-18 08:15:14,2025-12-18 08:17:24,,finished,DummyG,6796122453,2303,Invoice,12,Local Services Ads,running,
5139872,699-229-2012,946972,992013,7819,"Hernandez, Grimes and Kerr",23980.96,53216.32,2026-03-10,2025-12-16 07:30:17,2026-01-20 12:47:54,,pending,National,5796320002,2303,Credit Card,,Local Services Ads,running,
3903808,699-229-2012,218455,363210,7819,Mathews PLC,21544.25,18889.7,2026-03-10,2025-12-16 07:10:49,2025-12-22 10:22:13,,pending,National,8458653947,2303,Credit Card,,Local Services Ads,running,
6111806,699-229-2012,579502,055451,6130,Henry-James,69992.64,46205.53,2026-03-04,2025-12-10 11:33:19,2025-12-10 11:53:06,,pending,National,2753425399,2303,Credit Card,,Local Services Ads,running,
1760616,699-229-2012,671208,658797,0746,Huerta Group,35798.56,45681.2,2026-01-09,2025-12-04 06:17:57,2025-12-04 06:19:20,,,National,6904281446,2303,Credit Card,,Local Services Ads,running,
9532441,699-229-2012,359175,958782,9365,Berry-Frey,13472.03,18994.47,2025-12-13,2025-12-03 11:35:39,2025-12-03 11:35:41,,pending,National,2492465644,2303,Credit Card,,Local Services Ads,running,
3579040,699-229-2012,077805,850475,8295,Yates Ltd,64327.69,53500.29,2025-12-06,2025-12-02 11:25:04,2025-12-02 11:25:06,,pending,National,9146796727,2303,Credit Card,,Local Services Ads,running,
8822764,699-229-2012,495574,449289,5673,Gray-Monroe,41302.95,18704.71,2025-12-17,2025-12-01 11:34:09,2025-12-01 11:34:10,,pending,National,1516063689,1948,Invoice,,Local Services Ads,running,
8822764,699-229-2012,495574,449289,5673,Gray-Monroe,82850.24,47506.22,2025-12-17,2025-12-01 11:34:09,2025-12-01 11:34:10,,pending,National,1516063689,1948,Invoice,,Local Services Ads,ended,2023-06-22
1464192,699-229-2012,822980,444465,5673,"Austin, Gibson and Butler",25201.01,1651.47,2025-12-26,2025-11-29 11:20:53,2025-11-29 11:20:54,,pending,National,9855288115,2303,Invoice,,Local Services Ads,running,
9658388,699-229-2012,154538,578773,5673,Conner-Williams,39627.48,9811.58,2025-11-28,2025-11-28 09:26:07,2025-11-28 09:32:30,,pending,National,0894630782,2303,Invoice,,Local Services Ads,running,
9256163,699-229-2012,405947,570928,5673,"Mosley, Russo and Fernandez",69949.83,20340.15,2025-12-14,2025-11-27 11:28:37,2025-11-27 11:28:37,,pending,National,0802568023,2303,Invoice,,Local Services Ads,running,
7750500,699-229-2012,653797,461013,6249,Jackson Ltd,47178.18,0,2026-04-23,2025-11-25 12:17:22,2025-11-26 12:51:36,,pending,Local,3510986238,2303,Credit Card,,Local Services Ads,running,
2628403,699-229-2012,758982,216663,6906,"Fields, Barnes and Carroll",65227.12,13129.12,2025-12-24,2025-11-22 11:28:41,2025-11-24 15:57:07,,finished,National,0506306251,2303,Credit Card,,Local Services Ads,running,
5998522,699-229-2012,867991,170930,7501,"Barnes, Carpenter and Figueroa",94007.27,51391.59,2026-03-11,2025-11-20 11:40:41,2025-11-20 11:41:20,,finished,DummyG,7890548148,2303,Invoice,,Local Services Ads,running,
3004792,699-229-2012,473628,773630,9588,Brown LLC,95851.93,47381.41,2025-12-18,2025-11-19 15:33:57,2025-11-19 15:33:59,,finished,National,5463234844,1948,Credit Card,,Local Services Ads,ended,2023-06-15
3004792,699-229-2012,473628,773630,9588,Brown LLC,33100.8,30961.24,2025-12-18,2025-11-19 15:33:57,2025-11-19 15:33:59,,finished,National,5463234844,1948,Credit Card,,Local Services Ads,running,
2823185,699-229-2012,748953,298774,1479,"Cole, York and Ferrell",62498.59,38274.05,2026-03-10,2025-11-19 12:36:35,2025-11-19 13:03:01,,pending,Local,6809557381,2303,Credit Card,,Local Services Ads,running,
4942732,699-229-2012,002307,571387,6275,"Craig, Gonzales and Berry",38559.24,0,2025-12-10,2025-11-11 10:59:44,2025-11-11 11:24:02,,pending,National,1520135977,2303,Credit Card,,Local Services Ads,running,
2032601,699-229-2012,983765,473262,6846,Aguilar-Smith,75342.36,28064.27,2025-11-11,2025-11-04 09:50:17,2025-11-06 12:28:24,,pending,National,3025704713,2303,Credit Card,,Local Services Ads,running,
1410320,699-229-2012,907675,631921,5673,King-Ellis,39877.25,19087.29,2025-11-03,2025-11-01 09:18:51,2025-11-01 09:22:40,,,National,7908706011,1948,Invoice,,Local Services Ads,ended,2023-06-22
1410320,699-229-2012,907675,631921,5673,King-Ellis,86467.54,9898.7,2025-11-03,2025-11-01 09:18:51,2025-11-01 09:22:40,,,National,7908706011,1948,Invoice,,Local Services Ads,running,
3084154,699-229-2012,218760,680394,5673,"Camacho, Taylor and Hoover",65766.67,14887.97,2025-11-03,2025-11-01 09:07:06,2025-11-01 09:22:40,,pending,National,5891493252,1948,Invoice,,Local Services Ads,running,
3084154,699-229-2012,218760,680394,5673,"Camacho, Taylor and Hoover",1207.92,18633.99,2025-11-03,2025-11-01 09:07:06,2025-11-01 09:22:40,,pending,National,5891493252,1948,Invoice,,Local Services Ads,ended,2023-06-23
2717907,699-229-2012,435153,415143,5673,Rivera-Bauer,69394.72,51294.22,2025-11-03,2025-11-01 08:43:16,2025-11-01 09:05:04,,pending,National,2045810522,1948,Invoice,,Local Services Ads,ended,2023-06-15
2717907,699-229-2012,435153,415143,5673,Rivera-Bauer,14427.87,56611.13,2025-11-03,2025-11-01 08:43:16,2025-11-01 09:05:04,,pending,National,2045810522,1948,Invoice,,Local Services Ads,ended,2026-04-27
2624833,699-229-2012,182200,571157,5673,"James, Garrett and Gardner",91225.08,45599.68,2025-11-03,2025-11-01 07:27:04,2025-11-01 07:55:37,,pending,National,3665055787,1948,Invoice,,Local Services Ads,running,
2624833,699-229-2012,182200,571157,5673,"James, Garrett and Gardner",19766.93,55003.74,2025-11-03,2025-11-01 07:27:04,2025-11-01 07:55:37,,pending,National,3665055787,1948,Invoice,,Local Services Ads,ended,2023-06-20
2022959,699-229-2012,231750,892692,9588,Lee LLC,32324.37,15952.19,2025-11-03,2025-10-31 15:28:41,2025-10-31 15:28:43,,pending,National,2347826199,1948,Credit Card,,Local Services Ads,running,
2022959,699-229-2012,231750,892692,9588,Lee LLC,87735.57,46738.41,2025-11-03,2025-10-31 15:28:41,2025-10-31 15:28:43,,pending,National,2347826199,1948,Credit Card,,Local Services Ads,ended,2023-06-15
3290726,699-229-2012,087157,697617,6249,Lara-Welch,43970,0,2026-01-16,2025-10-31 12:15:09,2025-10-31 14:30:12,,pending,Local,4296788274,2303,Credit Card,,Local Services Ads,running,
2664798,699-229-2012,539870,165094,3081,Wright-Bell,86688.3,39518.78,2025-11-27,2025-10-18 11:33:50,2025-10-18 11:33:51,,finished,Local,9484166188,2303,Invoice,,Local Services Ads,running,
6265570,699-229-2012,766045,852285,2160,Waters Group,6775.27,12020.38,2025-11-24,2025-10-16 11:37:22,2025-11-24 09:20:05,,finished,Local,5709467228,1948,Credit Card,,Local Services Ads,ended,2024-10-20
6265570,699-229-2012,766045,852285,2160,Waters Group,26879.4,45196.96,2025-11-24,2025-10-16 11:37:22,2025-11-24 09:20:05,,finished,Local,5709467228,1948,Credit Card,,Local Services Ads,running,
3506403,699-229-2012,268276,170580,5673,Hughes LLC,2875.19,1414.92,2025-12-02,2025-10-12 11:33:49,2025-10-12 11:33:49,,finished,National,7565342296,1948,Invoice,,Local Services Ads,ended,2023-06-21
3506403,699-229-2012,268276,170580,5673,Hughes LLC,43207.21,57751.43,2025-12-02,2025-10-12 11:33:49,2025-10-12 11:33:49,,finished,National,7565342296,1948,Invoice,,Local Services Ads,running,
9397239,699-229-2012,521514,920367,8295,"Reeves, Clark and Quinn",6086.9,22930.18,2025-10-16,2025-10-11 11:31:13,2025-10-11 11:31:15,,finished,National,2044656186,2303,Credit Card,,Local Services Ads,running,
0818859,699-229-2012,439094,364010,7819,Frey Group,58321.34,0,2025-10-27,2025-10-11 11:31:11,2025-10-27 08:19:49,,pending,National,4103773504,2303,Credit Card,,Local Services Ads,new,
1193015,699-229-2012,886868,196110,9980,Thomas-Harris,46033.37,36895.38,2026-05-05,2025-10-06 14:18:51,2025-10-06 14:21:05,,pending,National,4394914102,2303,Credit Card,,Local Services Ads,running,
2459895,699-229-2012,318949,279382,0700,Day-Anderson,32452.6,37409.8,2025-10-11,2025-10-04 11:38:56,2025-10-04 11:38:59,,pending,Local,3950939036,2303,Credit Card,,Local Services Ads,running,
8467855,699-229-2012,042405,335487,9980,Griffith-Garcia,88494.22,1933.01,2026-02-17,2025-10-02 05:44:18,2025-10-02 05:44:20,,,National,5573241906,2303,Credit Card,,Local Services Ads,running,
3119333,699-229-2012,630901,800623,7819,Ross and Sons,46309.99,1100.18,2025-12-09,2025-09-30 07:10:19,2025-09-30 07:23:02,,,National,3670086857,2303,Credit Card,,Local Services Ads,running,
9550943,699-229-2012,416742,508993,3698,"Shields, Gomez and Harris",74980.98,57132.81,2025-10-01,2025-09-27 11:38:36,2025-09-27 11:38:40,,pending,National,2862686742,2303,Credit Card,,Local Services Ads,running,
3748924,699-229-2012,346512,206700,9588,Steele-Bishop,85216.18,48786.06,2025-09-27,2025-09-25 11:38:28,2025-09-25 11:38:30,,pending,National,8652263890,1948,Credit Card,,Local Services Ads,running,
3748924,699-229-2012,346512,206700,9588,Steele-Bishop,74060.78,36686.11,2025-09-27,2025-09-25 11:38:28,2025-09-25 11:38:30,,pending,National,8652263890,1948,Credit Card,,Local Services Ads,ended,2023-06-23
8774152,699-229-2012,576849,060971,7819,"Kelley, Dean and Powell",87779.52,35860.43,2025-10-07,2025-09-25 00:01:48,2025-09-26 08:43:31,,pending,National,6692725516,2303,Credit Card,,Local Services Ads,running,
5410200,699-229-2012,835581,803040,0746,Barrett-Stone,4658.74,58941.45,2026-01-14,2025-09-24 11:05:43,2025-09-24 11:12:14,,pending,National,9394489770,2303,Credit Card,,Local Services Ads,running,
6403586,699-229-2012,907675,631921,5673,"Poole, Dodson and Petty",10008.95,20760.37,2025-09-09,2025-09-03 11:34:40,2025-09-03 11:34:40,,,National,0756624010,1948,Invoice,,Local Services Ads,ended,2023-06-21
6403586,699-229-2012,907675,631921,5673,"Poole, Dodson and Petty",83693.84,4559.09,2025-09-09,2025-09-03 11:34:40,2025-09-03 11:34:40,,,National,0756624010,1948,Invoice,,Local Services Ads,running,
8911985,699-229-2012,017866,543027,9932,Anderson-Brooks,28525.31,21669.92,2025-10-14,2025-09-02 09:05:59,2025-09-02 09:06:47,,pending,National,0928020653,2303,Credit Card,,Local Services Ads,running,
3169709,699-229-2012,817435,763064,3391,"Martin, Barker and Thomas",53679.58,21489.74,2025-09-11,2025-08-27 11:17:06,2025-08-29 10:55:09,,pending,National,6026604106,2303,Credit Card,,Local Services Ads,running,
3169709,699-229-2012,817435,763064,3391,"Martin, Barker and Thomas",63103.91,40617.71,2025-09-11,2025-08-27 11:17:06,2025-08-29 10:55:09,,pending,National,6026604106,2303,Credit Card,,Local Services Ads,running,
1099382,699-229-2012,572875,655122,5673,"Frank, Rice and White",11392.89,37361.88,2026-01-13,2025-08-20 11:39:29,2025-08-20 11:39:30,,finished,National,9658264749,1948,Invoice,,Local Services Ads,running,
1099382,699-229-2012,572875,655122,5673,"Frank, Rice and White",20174.28,25553.01,2026-01-13,2025-08-20 11:39:29,2025-08-20 11:39:30,,finished,National,9658264749,1948,Invoice,,Local Services Ads,ended,2023-06-23
8612737,699-229-2012,266805,290959,5673,"Caldwell, Hernandez and Wilkinson",78541.11,2275.47,2025-09-11,2025-08-20 11:39:18,2025-08-20 11:39:18,,pending,National,4794325638,1948,Invoice,,Local Services Ads,ended,2023-06-26
8612737,699-229-2012,266805,290959,5673,"Caldwell, Hernandez and Wilkinson",57966.83,50997.43,2025-09-11,2025-08-20 11:39:18,2025-08-20 11:39:18,,pending,National,4794325638,1948,Invoice,,Local Services Ads,running,
0784377,699-229-2012,020956,217879,9365,Kennedy LLC,73439.63,19014.07,2025-09-11,2025-08-19 20:15:13,2025-09-11 11:30:36,,pending,National,0048829868,2303,Credit Card,,Local Services Ads,running,
1026794,699-229-2012,984541,723790,0746,"Martinez, Davis and Hale",31192.07,0,2025-08-18,2025-07-29 17:24:50,2025-07-29 17:32:27,,pending,National,4827588320,2303,Credit Card,,Local Services Ads,running,
9163277,699-229-2012,586060,620841,8295,Lopez LLC,40343.85,49558.59,2026-04-22,2025-07-25 11:58:00,2025-08-14 11:03:12,,pending,National,7647337289,1948,Credit Card,,Local Services Ads,running,
9163277,699-229-2012,586060,620841,8295,Lopez LLC,66172.12,3519.92,2026-04-22,2025-07-25 11:58:00,2025-08-14 11:03:12,,pending,National,7647337289,1948,Credit Card,,Local Services Ads,ended,2023-06-21
3637157,699-229-2012,227664,050307,8295,Johnson-Gonzales,6582.72,17537.98,2025-07-11,2025-07-10 11:36:59,2025-07-10 11:37:01,,pending,National,0526908133,2303,Paper Check,,Local Services Ads,running,
2923790,699-229-2012,422419,052774,9475,"Mata, Jones and Barber",98945.85,22682.67,2025-07-08,2025-07-08 12:15:06,2025-07-08 12:20:31,,finished,DummyG,8194719172,2303,Invoice,3,Local Services Ads,running,
8477246,699-229-2012,937720,092648,9365,"David, Murray and Farmer",67783.42,4490.7,2025-10-08,2025-07-01 11:35:44,2025-07-01 11:35:47,,pending,National,1037034283,2303,Credit Card,,Local Services Ads,running,
0560834,699-229-2012,803123,951935,9588,Jacobson PLC,36004.42,0,2026-03-24,2025-06-25 11:38:20,2025-12-16 08:38:32,,pending,National,0861157373,2303,Credit Card,,Local Services Ads,running,
2994155,699-229-2012,029448,138174,0746,Johnson Inc,74670.98,43362.07,2025-06-25,2025-06-11 07:30:06,2025-06-11 07:32:14,,pending,National,1709596886,2303,Credit Card,,Local Services Ads,running,
0683655,699-229-2012,255304,015932,9365,"Livingston, Anderson and Shannon",47537.31,49671.17,2025-07-22,2025-06-09 08:13:16,2025-06-16 07:46:16,,pending,National,9446464312,2303,Credit Card,,Local Services Ads,running,
1739656,699-229-2012,129787,149209,5673,Hernandez-Brown,30448.8,47470.81,2025-06-04,2025-06-04 08:28:59,2025-06-04 08:29:41,,pending,National,4580046274,2303,Invoice,,Local Services Ads,running,
2581027,699-229-2012,349044,990981,5673,Gonzalez-Torres,33304.46,5459.94,2025-05-18,2025-05-11 11:55:43,2025-05-11 11:55:44,,pending,National,9425189157,2303,Invoice,,Local Services Ads,running,
5625600,699-229-2012,361002,938828,3391,Johnson-Smith,36122.58,53418.81,2025-04-09,2025-04-08 10:37:52,2025-04-08 10:37:55,,pending,National,2060108110,2303,Credit Card,,Local Services Ads,running,
0640868,699-229-2012,898840,362540,9498,"Lawson, Robinson and Gomez",83319.45,18522.82,2025-04-22,2025-04-01 17:08:31,2025-04-19 12:03:31,,finished,Local,9540610843,2303,Credit Card,,Local Services Ads,running,
9968893,699-229-2012,188936,985711,6938,"Williams, Preston and Marquez",45459.87,0,2025-04-11,2025-03-13 13:58:46,2025-03-18 06:41:42,,pending,Local,8823488294,2303,Credit Card,,Local Services Ads,running,
0300113,699-229-2012,969079,016677,9588,Jones and Sons,29540.73,31335.33,2025-03-20,2025-03-03 16:28:32,2025-03-04 03:07:27,,pending,National,4423623261,2303,Credit Card,,Local Services Ads,running,
2769466,699-229-2012,749335,421304,5673,"Henry, Murphy and Clark",35217.58,5527.76,2025-03-18,2025-02-16 10:35:59,2025-02-16 10:36:00,,finished,National,9544542393,2303,Invoice,,Local Services Ads,running,
7051926,699-229-2012,501311,319470,1479,"Myers, Sherman and Cole",86683.62,0,2025-03-05,2025-02-10 13:59:10,2025-02-10 14:00:38,,,Local,0321462583,2303,Credit Card,,Local Services Ads,running,
5769403,699-229-2012,229225,904639,1479,Strickland Ltd,68663.12,40729.88,2025-02-17,2025-02-07 15:09:49,2025-02-10 10:11:14,,,Local,8471385351,2303,Credit Card,,Local Services Ads,running,
1666355,699-229-2012,436427,437245,9365,Lozano-Moore,27193.92,41007.76,2025-02-11,2025-01-14 12:16:25,2025-01-14 12:29:35,,finished,National,2849623510,2303,Credit Card,,Local Services Ads,running,
6871015,699-229-2012,002170,978981,5673,Owens-Higgins,50947.36,56332.6,2025-01-03,2025-01-03 14:20:21,2025-01-03 14:28:53,,finished,National,4770370961,1948,Invoice,,Local Services Ads,ended,2023-06-26
6871015,699-229-2012,002170,978981,5673,Owens-Higgins,72490.59,43396.64,2025-01-03,2025-01-03 14:20:21,2025-01-03 14:28:53,,finished,National,4770370961,1948,Invoice,,Local Services Ads,running,
9796162,699-229-2012,388422,411216,4206,"Andrews, Meyer and Lopez",29867.56,0,2025-02-11,2024-12-03 06:33:31,2024-12-11 10:59:47,,pending,National,9833867546,2303,Credit Card,,Local Services Ads,running,
0350002,699-229-2012,310234,105479,8295,Foster-Haynes,3736.54,33459.28,2024-11-23,2024-11-16 10:35:32,2024-11-19 06:51:49,,pending,National,9674238943,1948,Credit Card,,Local Services Ads,ended,2023-06-21
0350002,699-229-2012,310234,105479,8295,Foster-Haynes,67072.15,21359.88,2024-11-23,2024-11-16 10:35:32,2024-11-19 06:51:49,,pending,National,9674238943,1948,Credit Card,,Local Services Ads,running,
6762641,699-229-2012,769413,793070,6130,Warren-Myers,7166.26,19754.58,2024-12-30,2024-11-11 14:20:33,2024-11-12 12:46:20,,pending,National,4937727390,2303,Credit Card,,Local Services Ads,running,
5586471,699-229-2012,922019,197462,1632,Murillo PLC,76362.25,38331.13,2024-11-21,2024-10-15 10:35:13,2024-10-15 10:35:17,,pending,National,5009489162,2303,Credit Card,,Local Services Ads,running,
3998447,699-229-2012,620658,748645,4297,Walker-Gray,47131.42,51275.04,2024-09-21,2024-09-13 10:37:40,2024-09-13 10:37:42,,pending,National,6297153171,2303,Credit Card,,Local Services Ads,running,
3176042,699-229-2012,435153,415143,5673,Clark-Stewart,8164.14,19010.94,2024-09-13,2024-08-22 10:37:48,2024-08-22 10:37:49,,pending,National,5792914238,2303,Invoice,,Local Services Ads,running,
2559822,699-229-2012,942599,126544,5673,Hudson-Nelson,89325.96,25077.62,2024-07-26,2024-07-25 07:33:46,2024-07-25 07:41:12,,pending,National,1266947697,2303,Invoice,,Local Services Ads,running,
3560156,699-229-2012,344344,464198,5037,Moody-Brennan,48120.49,30303.32,2024-07-19,2024-07-17 10:54:23,2024-07-17 10:54:24,,,DummyG,7867944916,1948,Invoice,2,Local Services Ads,ended,2024-10-21
3560156,699-229-2012,344344,464198,5037,Moody-Brennan,73442.08,44055.52,2024-07-19,2024-07-17 10:54:23,2024-07-17 10:54:24,,,DummyG,7867944916,1948,Invoice,2,Local Services Ads,ended,2024-10-21
6236635,699-229-2012,468498,259941,8160,Parker-Owens,70526.58,20499.5,2024-07-03,2024-06-25 10:38:13,2024-06-25 10:42:16,,pending,Local,2297020792,2303,Credit Card,,Local Services Ads,running,
9099711,699-229-2012,977695,643503,9932,Thornton-Martin,59354.08,9114.13,2024-08-02,2024-06-12 10:37:24,2024-06-12 10:37:27,,pending,National,9390185226,1948,Credit Card,,Local Services Ads,ended,2024-10-20
9099711,699-229-2012,977695,643503,9932,Thornton-Martin,40632.76,46442.18,2024-08-02,2024-06-12 10:37:24,2024-06-12 10:37:27,,pending,National,9390185226,1948,Credit Card,,Local Services Ads,running,
1406557,699-229-2012,931594,788891,9932,Price-Kent,45751.7,25244.29,2024-10-04,2024-06-11 10:37:09,2024-06-11 10:37:12,,,National,2853089163,1948,Credit Card,,Local Services Ads,running,
1406557,699-229-2012,931594,788891,9932,Price-Kent,85201.99,44595.46,2024-10-04,2024-06-11 10:37:09,2024-06-11 10:37:12,,,National,2853089163,1948,Credit Card,,Local Services Ads,ended,2023-06-15
5398025,699-229-2012,007401,081083,4297,Mclean-Richardson,32719.94,39383.22,2024-06-23,2024-05-30 10:39:44,2024-05-30 10:39:46,,pending,National,5365075530,2303,Credit Card,,Local Services Ads,running,
0094179,699-229-2012,908194,781942,7819,Dudley PLC,54492.98,17963.42,2024-05-01,2024-04-23 10:38:56,2024-04-23 10:38:58,,finished,National,5822641111,2303,Paper Check,,Local Services Ads,running,
0982646,699-229-2012,015791,433045,0746,Bowen Inc,70681.29,0,2024-04-28,2024-04-15 12:48:41,2024-04-16 14:55:07,,pending,National,6272050236,2303,Credit Card,,Local Services Ads,running,
9349027,699-229-2012,766045,852285,2160,Harris-Hines,23682.4,32002.36,2024-10-22,2024-04-05 10:37:36,2024-04-08 16:34:26,,,Local,0884537533,1948,Credit Card,,Local Services Ads,running,
8034616,699-229-2012,254358,031204,4206,"Wong, Hernandez and Reyes",75566.93,0,2024-03-28,2024-02-20 12:07:06,2024-02-20 12:08:20,,pending,National,9345234736,2303,Credit Card,,Local Services Ads,running,
0436545,699-229-2012,578272,053359,4845,Smith LLC,76395.55,54602.49,2024-02-14,2024-02-14 12:27:24,2024-02-14 13:00:00,,,,6176616689,1,Invoice,,Search Engine Marketing,running,
4575678,699-229-2012,032019,339773,8295,Gray and Sons,72200.22,7179.83,2023-12-16,2023-12-12 10:36:04,2023-12-12 10:36:06,,,National,6859263757,1948,Credit Card,,Local Services Ads,running,
4575678,699-229-2012,032019,339773,8295,Gray and Sons,4734.55,10317.85,2023-12-16,2023-12-12 10:36:04,2023-12-12 10:36:06,,,National,6859263757,1948,Credit Card,,Local Services Ads,ended,2023-06-21
8995999,699-229-2012,340108,287868,3391,Spencer-Rodriguez,50474.62,45425.92,2023-09-09,2023-09-06 10:40:45,2023-09-06 10:40:47,,finished,National,6251098624,2303,Credit Card,,Local Services Ads,running,
0184951,699-229-2012,911066,692607,9932,Whitney LLC,31283.6,5714.35,2023-08-17,2023-08-11 13:23:09,2023-08-11 13:24:31,,,National,4115477113,2303,Credit Card,,Local Services Ads,running,
5306221,699-229-2012,377291,223412,3391,"Bryant, Mccullough and Brown",33623.33,54045.5,2023-08-11,2023-08-04 10:36:46,2023-08-04 10:36:49,,pending,National,9809128223,2303,Credit Card,,Local Services Ads,running,
6041686,699-229-2012,937206,744372,3391,Williams Group,62675.46,29987.42,2023-08-16,2023-08-03 10:36:38,2023-08-03 10:36:41,,,National,9640220268,2303,Credit Card,,Local Services Ads,running,
2980589,699-229-2012,472175,631185,2809,"Richards, Jones and Armstrong",58135.18,6821.11,2023-08-01,2023-07-31 10:48:25,2023-07-31 10:51:23,,,DummyG,5933716814,2303,Invoice,1,Local Services Ads,ended,2025-11-15
9904460,699-229-2012,342639,269137,3391,"Vargas, Spencer and Martinez",26309.79,19103.43,2023-07-29,2023-07-28 10:38:33,2023-07-28 10:38:36,,,National,1503931542,2303,Credit Card,,Local Services Ads,running,
9432815,699-229-2012,732394,825535,0348,Rollins Group,24357.27,24686.01,2023-06-12,2023-05-30 16:51:49,2023-05-31 09:50:57,,,Local,2800906362,2303,Credit Card,,Local Services Ads,running,
5410848,699-229-2012,512342,563303,4845,"Taylor, Williams and Powers",91356.15,0,2023-05-11,2023-05-11 01:19:07,2023-05-11 01:22:44,,,,9347561181,1,Invoice,1,Search Engine Marketing,new,
8457166,699-229-2012,413424,278583,4297,"Williams, Brown and Mathis",20539.41,25977.05,2023-08-21,2023-04-25 15:00:34,2023-04-25 15:07:27,,pending,National,2429580136,2303,Credit Card,,Local Services Ads,running,
6235430,699-229-2012,554063,792864,4297,Wilson Ltd,49449.32,25155.65,2024-03-12,2023-04-25 14:58:51,2023-04-25 15:06:46,,pending,National,5145819292,2303,Credit Card,,Local Services Ads,running,
8047137,699-229-2012,583589,225075,3391,"Johnson, Hubbard and Kemp",78856.47,0,2023-05-03,2023-03-27 15:30:30,2023-03-27 16:08:12,,pending,National,2371627741,2303,Pure Credit,,Local Services Ads,running,
3344800,699-229-2012,951844,050151,4845,Gibson-Proctor,44619.87,0,2023-03-01,2023-01-17 11:36:44,2023-01-17 11:44:50,,,,7476242599,2101,Invoice,,XMO,running,
8099346,699-229-2012,706835,686097,4845,"Bell, Hamilton and Booker",38260.89,0,2022-04-21,2022-04-21 00:37:31,2022-04-21 00:38:41,,,,9750852761,1,Invoice,2,Search Engine Marketing,new,
6926537,699-229-2012,619180,626381,4845,"Hays, Lewis and Erickson",48934.71,0,2021-06-27,2021-06-27 23:02:04,2021-06-27 23:09:06,,pending,,5188627014,1,Invoice,,Search Engine Marketing,running,
0892225,699-229-2012,725448,541462,8295,Barr-Washington,17649.2,9720.39,2022-08-13,2021-01-29 11:10:36,2021-01-29 11:10:39,,pending,National,9294937718,1948,Credit Card,,Local Services Ads,ended,2023-06-21
0892225,699-229-2012,725448,541462,8295,Barr-Washington,76693.82,8689.16,2022-08-13,2021-01-29 11:10:36,2021-01-29 11:10:39,,pending,National,9294937718,1948,Credit Card,,Local Services Ads,running,
6626498,699-229-2012,231908,861852,6708,Roberts LLC,65633.69,0,2020-10-12,2020-09-04 06:50:51,2020-09-04 08:56:32,,pending,Local,6100174661,1948,Credit Card,,Local Services Ads,ended,2024-10-21
6626498,699-229-2012,231908,861852,6708,Roberts LLC,6939.65,0,2020-10-12,2020-09-04 06:50:51,2020-09-04 08:56:32,,pending,Local,6100174661,1948,Credit Card,,Local Services Ads,running,
9990000,924-255-5564,,,,Ended Campaign 1,,,,,,,,,9990000000-end,,,,,,
9990001,924-255-5564,,,,Ended Campaign 2,,,,,,,,,9990000001-end,,,,,,
9990002,924-255-5564,,,,Ended Campaign 3,,,,,,,,,9990000002-end,,,,,,
9990003,924-255-5564,,,,Ended Campaign 4,,,,,,,,,9990000003-end,,,,,,
9990004,924-255-5564,,,,Ended Campaign 5,,,,,,,,,9990000004-end,,,,,,
9990005,924-255-5564,,,,Ended Campaign 6,,,,,,,,,9990000005-end,,,,,,
9990006,924-255-5564,,,,Ended Campaign 7,,,,,,,,,9990000006-end,,,,,,
9990007,924-255-5564,,,,Ended Campaign 8,,,,,,,,,9990000007-end,,,,,,
9990008,924-255-5564,,,,Ended Campaign 9,,,,,,,,,9990000008-end,,,,,,
9990009,924-255-5564,,,,Ended Campaign 10,,,,,,,,,9990000009-end,,,,,,
9990010,924-255-5564,,,,Ended Campaign 11,,,,,,,,,9990000010-end,,,,,,
9990011,924-255-5564,,,,Ended Campaign 12,,,,,,,,,9990000011-end,,,,,,
